record_id,gender,age_band,disability,socio_economic_decile
STU-00001,Female,26-35,No,7
STU-00002,Female,21-25,No,6
STU-00003,Non-binary,Under 21,No,2
STU-00004,Male,21-25,No,3
STU-00005,Male,26-35,No,4
STU-00006,Male,21-25,No,9
STU-00007,Female,21-25,No,2
STU-00008,Female,21-25,Yes,1
STU-00009,Female,36+,No,2
STU-00010,Male,21-25,No,3
STU-00011,Female,36+,No,8
STU-00012,Male,21-25,No,9
STU-00013,Male,36+,No,9
STU-00014,Female,21-25,No,8
STU-00015,Non-binary,Under 21,No,7
STU-00016,Female,21-25,No,2
STU-00017,Male,21-25,No,3
STU-00018,Female,26-35,No,3
STU-00019,Female,26-35,No,7
STU-00020,Male,26-35,No,1
STU-00021,Female,Under 21,No,8
STU-00022,Female,21-25,Yes,4
STU-00023,Male,21-25,No,8
STU-00024,Non-binary,Under 21,No,8
STU-00025,Female,21-25,No,8
STU-00026,Female,Under 21,No,6
STU-00027,Male,21-25,No,2
STU-00028,Male,26-35,No,7
STU-00029,Male,21-25,No,5
STU-00030,Female,21-25,No,8
STU-00031,Female,21-25,No,7
STU-00032,Female,21-25,No,10
STU-00033,Male,Under 21,No,5
STU-00034,Female,Under 21,No,3
STU-00035,Male,21-25,No,9
STU-00036,Male,Under 21,No,9
STU-00037,Male,21-25,No,5
STU-00038,Female,Under 21,Yes,10
STU-00039,Male,21-25,Yes,7
STU-00040,Male,21-25,No,10
STU-00041,Male,26-35,No,4
STU-00042,Prefer not to say,21-25,No,6
STU-00043,Male,21-25,No,10
STU-00044,Male,Under 21,No,6
STU-00045,Female,21-25,No,4
STU-00046,Female,21-25,Yes,3
STU-00047,Male,21-25,Yes,5
STU-00048,Male,26-35,Yes,10
STU-00049,Female,26-35,No,9
STU-00050,Female,21-25,No,8
STU-00051,Male,36+,No,3
STU-00052,Female,21-25,No,7
STU-00053,Male,36+,No,1
STU-00054,Female,26-35,Yes,1
STU-00055,Male,26-35,Yes,5
STU-00056,Male,21-25,No,10
STU-00057,Male,Under 21,No,5
STU-00058,Female,26-35,Yes,6
STU-00059,Male,21-25,No,7
STU-00060,Female,21-25,Yes,10
STU-00061,Female,21-25,Yes,5
STU-00062,Male,Under 21,No,9
STU-00063,Female,21-25,No,3
STU-00064,Female,Under 21,No,3
STU-00065,Female,Under 21,Yes,1
STU-00066,Non-binary,Under 21,No,9
STU-00067,Male,36+,No,9
STU-00068,Female,Under 21,No,2
STU-00069,Female,Under 21,No,4
STU-00070,Female,Under 21,No,8
STU-00071,Male,26-35,No,3
STU-00072,Female,21-25,No,6
STU-00073,Male,36+,No,5
STU-00074,Male,Under 21,No,9
STU-00075,Female,Under 21,No,5
STU-00076,Male,Under 21,No,5
STU-00077,Male,Under 21,No,1
STU-00078,Male,26-35,No,3
STU-00079,Female,21-25,No,8
STU-00080,Female,21-25,No,4
STU-00081,Female,Under 21,No,4
STU-00082,Female,Under 21,No,1
STU-00083,Male,21-25,Yes,4
STU-00084,Male,Under 21,No,6
STU-00085,Male,26-35,No,7
STU-00086,Female,21-25,No,1
STU-00087,Female,Under 21,No,5
STU-00088,Male,Under 21,No,8
STU-00089,Female,Under 21,Yes,8
STU-00090,Female,Under 21,No,1
STU-00091,Female,Under 21,No,9
STU-00092,Male,21-25,No,2
STU-00093,Female,21-25,No,10
STU-00094,Female,Under 21,No,6
STU-00095,Male,21-25,Yes,6
STU-00096,Female,26-35,No,5
STU-00097,Female,21-25,No,7
STU-00098,Male,21-25,No,8
STU-00099,Female,Under 21,No,5
STU-00100,Female,21-25,No,2
STU-00101,Female,26-35,No,5
STU-00102,Male,26-35,No,4
STU-00103,Female,21-25,No,2
STU-00104,Female,21-25,No,8
STU-00105,Female,26-35,No,5
STU-00106,Female,Under 21,Yes,2
STU-00107,Female,Under 21,No,4
STU-00108,Female,Under 21,Yes,10
STU-00109,Male,21-25,No,8
STU-00110,Non-binary,21-25,No,10
STU-00111,Male,21-25,No,5
STU-00112,Male,21-25,No,2
STU-00113,Female,26-35,No,1
STU-00114,Male,26-35,No,3
STU-00115,Female,26-35,No,7
STU-00116,Female,Under 21,No,6
STU-00117,Male,Under 21,No,7
STU-00118,Female,21-25,No,5
STU-00119,Male,Under 21,No,5
STU-00120,Male,Under 21,No,6
STU-00121,Male,21-25,No,10
STU-00122,Male,26-35,No,10
STU-00123,Female,21-25,No,5
STU-00124,Male,36+,No,3
STU-00125,Female,26-35,Yes,1
STU-00126,Female,21-25,No,4
STU-00127,Male,21-25,No,8
STU-00128,Male,26-35,No,3
STU-00129,Male,Under 21,No,8
STU-00130,Female,Under 21,No,7
STU-00131,Male,Under 21,No,5
STU-00132,Male,Under 21,No,8
STU-00133,Female,Under 21,Yes,10
STU-00134,Female,26-35,Yes,3
STU-00135,Male,Under 21,No,2
STU-00136,Male,21-25,Yes,8
STU-00137,Male,21-25,No,6
STU-00138,Female,21-25,No,8
STU-00139,Male,26-35,No,7
STU-00140,Female,Under 21,No,3
STU-00141,Female,36+,No,5
STU-00142,Female,Under 21,No,1
STU-00143,Female,26-35,No,1
STU-00144,Female,21-25,No,7
STU-00145,Female,Under 21,No,1
STU-00146,Male,21-25,No,7
STU-00147,Female,21-25,No,10
STU-00148,Female,Under 21,No,9
STU-00149,Male,26-35,No,9
STU-00150,Female,Under 21,Yes,5
STU-00151,Female,36+,No,8
STU-00152,Female,26-35,No,5
STU-00153,Non-binary,Under 21,No,4
STU-00154,Female,21-25,No,6
STU-00155,Male,21-25,No,10
STU-00156,Prefer not to say,26-35,No,9
STU-00157,Female,26-35,No,3
STU-00158,Female,Under 21,No,5
STU-00159,Male,21-25,No,6
STU-00160,Female,Under 21,No,2
STU-00161,Female,26-35,No,4
STU-00162,Female,26-35,Yes,2
STU-00163,Male,21-25,Yes,7
STU-00164,Female,26-35,No,2
STU-00165,Male,21-25,No,7
STU-00166,Female,26-35,No,1
STU-00167,Female,21-25,No,1
STU-00168,Female,Under 21,No,2
STU-00169,Male,21-25,No,2
STU-00170,Male,21-25,No,5
STU-00171,Male,Under 21,No,8
STU-00172,Female,36+,No,9
STU-00173,Female,36+,No,3
STU-00174,Male,21-25,No,6
STU-00175,Female,21-25,No,7
STU-00176,Male,26-35,No,5
STU-00177,Male,Under 21,No,8
STU-00178,Male,36+,Yes,1
STU-00179,Male,21-25,No,6
STU-00180,Female,21-25,No,5
STU-00181,Female,26-35,No,4
STU-00182,Male,36+,No,5
STU-00183,Male,26-35,No,7
STU-00184,Female,21-25,No,7
STU-00185,Male,Under 21,No,4
STU-00186,Male,Under 21,No,8
STU-00187,Female,26-35,No,2
STU-00188,Male,21-25,No,6
STU-00189,Male,21-25,No,3
STU-00190,Female,21-25,No,7
STU-00191,Female,Under 21,No,5
STU-00192,Male,Under 21,No,1
STU-00193,Male,21-25,No,1
STU-00194,Male,36+,Yes,3
STU-00195,Female,36+,No,7
STU-00196,Male,Under 21,No,4
STU-00197,Male,21-25,No,9
STU-00198,Male,Under 21,No,8
STU-00199,Female,21-25,No,6
STU-00200,Female,21-25,No,3
STU-00201,Male,Under 21,No,8
STU-00202,Non-binary,36+,No,5
STU-00203,Female,Under 21,Yes,8
STU-00204,Male,26-35,No,8
STU-00205,Female,36+,Yes,2
STU-00206,Female,36+,No,5
STU-00207,Female,21-25,No,7
STU-00208,Female,26-35,No,5
STU-00209,Male,21-25,No,10
STU-00210,Male,21-25,No,6
STU-00211,Male,36+,Yes,2
STU-00212,Female,Under 21,No,6
STU-00213,Female,21-25,No,2
STU-00214,Male,Under 21,No,5
STU-00215,Male,Under 21,Yes,1
STU-00216,Female,Under 21,No,10
STU-00217,Female,26-35,No,1
STU-00218,Male,21-25,No,6
STU-00219,Male,21-25,No,2
STU-00220,Female,21-25,Yes,8
STU-00221,Female,21-25,No,1
STU-00222,Female,26-35,No,5
STU-00223,Male,Under 21,No,8
STU-00224,Male,Under 21,No,2
STU-00225,Male,21-25,No,6
STU-00226,Male,Under 21,No,4
STU-00227,Male,21-25,No,5
STU-00228,Female,21-25,Yes,4
STU-00229,Male,21-25,Yes,3
STU-00230,Male,Under 21,No,8
STU-00231,Female,21-25,No,10
STU-00232,Male,36+,No,10
STU-00233,Female,26-35,No,10
STU-00234,Male,Under 21,No,5
STU-00235,Male,21-25,No,2
STU-00236,Female,26-35,No,4
STU-00237,Male,Under 21,No,1
STU-00238,Male,21-25,No,1
STU-00239,Male,Under 21,No,10
STU-00240,Female,Under 21,No,9
STU-00241,Male,36+,No,2
STU-00242,Non-binary,26-35,No,4
STU-00243,Male,21-25,No,2
STU-00244,Female,21-25,No,7
STU-00245,Male,21-25,No,4
STU-00246,Female,Under 21,No,6
STU-00247,Male,26-35,No,10
STU-00248,Female,26-35,Yes,3
STU-00249,Female,36+,No,6
STU-00250,Male,Under 21,No,8
STU-00251,Female,Under 21,No,8
STU-00252,Male,Under 21,No,9
STU-00253,Female,21-25,No,5
STU-00254,Female,36+,Yes,6
STU-00255,Non-binary,26-35,No,1
STU-00256,Male,26-35,No,7
STU-00257,Female,36+,No,1
STU-00258,Male,21-25,No,10
STU-00259,Female,21-25,No,9
STU-00260,Male,Under 21,No,9
STU-00261,Female,21-25,No,4
STU-00262,Female,21-25,No,1
STU-00263,Prefer not to say,36+,No,4
STU-00264,Female,21-25,Yes,5
STU-00265,Male,21-25,No,6
STU-00266,Female,21-25,No,5
STU-00267,Female,26-35,No,3
STU-00268,Male,21-25,No,10
STU-00269,Female,21-25,Yes,6
STU-00270,Female,21-25,No,10
STU-00271,Female,Under 21,No,10
STU-00272,Female,Under 21,No,10
STU-00273,Male,21-25,No,10
STU-00274,Female,36+,No,5
STU-00275,Female,21-25,No,8
STU-00276,Female,Under 21,No,2
STU-00277,Female,21-25,No,9
STU-00278,Male,Under 21,No,6
STU-00279,Female,21-25,No,3
STU-00280,Female,21-25,No,1
STU-00281,Male,21-25,No,6
STU-00282,Male,26-35,No,5
STU-00283,Female,21-25,No,4
STU-00284,Female,Under 21,No,6
STU-00285,Male,Under 21,No,4
STU-00286,Female,36+,No,4
STU-00287,Male,Under 21,Yes,3
STU-00288,Male,21-25,Yes,5
STU-00289,Male,26-35,No,2
STU-00290,Female,21-25,No,8
STU-00291,Male,Under 21,No,4
STU-00292,Female,21-25,Yes,6
STU-00293,Female,Under 21,No,10
STU-00294,Female,Under 21,No,7
STU-00295,Male,21-25,No,10
STU-00296,Male,Under 21,No,2
STU-00297,Male,21-25,No,9
STU-00298,Female,21-25,No,5
STU-00299,Female,21-25,No,6
STU-00300,Male,26-35,No,7
STU-00301,Male,21-25,No,5
STU-00302,Male,Under 21,Yes,7
STU-00303,Female,Under 21,No,6
STU-00304,Male,26-35,No,7
STU-00305,Female,21-25,No,9
STU-00306,Female,Under 21,No,5
STU-00307,Female,21-25,No,10
STU-00308,Male,Under 21,No,3
STU-00309,Female,Under 21,No,10
STU-00310,Male,Under 21,Yes,5
STU-00311,Female,21-25,No,5
STU-00312,Female,21-25,No,2
STU-00313,Male,36+,No,5
STU-00314,Male,21-25,No,10
STU-00315,Male,36+,No,5
STU-00316,Female,21-25,No,4
STU-00317,Male,21-25,No,5
STU-00318,Female,21-25,No,8
STU-00319,Female,Under 21,No,1
STU-00320,Female,26-35,No,2
STU-00321,Female,Under 21,No,7
STU-00322,Male,21-25,No,6
STU-00323,Female,21-25,No,3
STU-00324,Male,26-35,No,2
STU-00325,Non-binary,36+,No,3
STU-00326,Female,21-25,No,5
STU-00327,Female,21-25,No,8
STU-00328,Male,36+,No,3
STU-00329,Male,Under 21,No,5
STU-00330,Male,21-25,No,4
STU-00331,Female,Under 21,No,6
STU-00332,Female,21-25,No,7
STU-00333,Male,21-25,No,3
STU-00334,Female,26-35,Yes,3
STU-00335,Female,Under 21,No,4
STU-00336,Male,36+,No,10
STU-00337,Female,21-25,Yes,8
STU-00338,Male,21-25,No,5
STU-00339,Male,26-35,No,6
STU-00340,Prefer not to say,21-25,No,2
STU-00341,Male,Under 21,No,3
STU-00342,Female,21-25,No,1
STU-00343,Male,Under 21,Yes,4
STU-00344,Female,Under 21,No,6
STU-00345,Female,Under 21,No,2
STU-00346,Male,21-25,No,6
STU-00347,Male,Under 21,No,3
STU-00348,Female,26-35,No,3
STU-00349,Male,21-25,No,5
STU-00350,Female,26-35,No,5
STU-00351,Female,21-25,No,3
STU-00352,Prefer not to say,21-25,No,9
STU-00353,Female,26-35,No,3
STU-00354,Non-binary,21-25,Yes,2
STU-00355,Male,26-35,Yes,3
STU-00356,Male,26-35,No,8
STU-00357,Male,21-25,Yes,1
STU-00358,Female,21-25,No,10
STU-00359,Male,Under 21,No,10
STU-00360,Male,21-25,No,10
STU-00361,Female,21-25,No,7
STU-00362,Female,Under 21,No,9
STU-00363,Female,21-25,No,2
STU-00364,Female,21-25,No,5
STU-00365,Female,21-25,No,6
STU-00366,Male,Under 21,No,4
STU-00367,Male,26-35,No,6
STU-00368,Female,21-25,No,6
STU-00369,Female,21-25,No,9
STU-00370,Female,21-25,No,7
STU-00371,Female,Under 21,No,6
STU-00372,Male,36+,No,4
STU-00373,Female,21-25,No,3
STU-00374,Female,21-25,No,5
STU-00375,Female,21-25,No,8
STU-00376,Male,21-25,No,9
STU-00377,Non-binary,26-35,No,8
STU-00378,Male,26-35,No,3
STU-00379,Female,21-25,No,6
STU-00380,Female,26-35,No,10
STU-00381,Female,21-25,No,6
STU-00382,Female,21-25,No,2
STU-00383,Female,21-25,No,1
STU-00384,Male,21-25,No,3
STU-00385,Female,26-35,No,5
STU-00386,Male,Under 21,No,8
STU-00387,Female,Under 21,No,4
STU-00388,Male,Under 21,No,4
STU-00389,Male,36+,No,7
STU-00390,Female,Under 21,No,4
STU-00391,Male,36+,No,6
STU-00392,Male,36+,No,2
STU-00393,Female,26-35,No,3
STU-00394,Female,21-25,No,4
STU-00395,Male,21-25,No,4
STU-00396,Female,Under 21,No,4
STU-00397,Female,21-25,No,3
STU-00398,Male,21-25,No,8
STU-00399,Male,Under 21,Yes,6
STU-00400,Male,21-25,No,2
STU-00401,Male,21-25,No,6
STU-00402,Male,21-25,Yes,4
STU-00403,Female,36+,No,9
STU-00404,Female,21-25,No,6
STU-00405,Female,Under 21,No,1
STU-00406,Female,Under 21,No,7
STU-00407,Female,26-35,No,5
STU-00408,Female,Under 21,No,5
STU-00409,Female,Under 21,No,2
STU-00410,Female,21-25,Yes,6
STU-00411,Male,26-35,No,10
STU-00412,Prefer not to say,21-25,No,3
STU-00413,Female,Under 21,No,10
STU-00414,Female,26-35,Yes,6
STU-00415,Female,21-25,No,8
STU-00416,Female,21-25,No,8
STU-00417,Male,21-25,No,10
STU-00418,Male,21-25,No,3
STU-00419,Female,26-35,No,4
STU-00420,Male,Under 21,No,9
STU-00421,Male,Under 21,No,3
STU-00422,Female,Under 21,No,5
STU-00423,Male,21-25,No,3
STU-00424,Female,21-25,No,1
STU-00425,Male,36+,Yes,4
STU-00426,Female,Under 21,Yes,10
STU-00427,Female,21-25,Yes,3
STU-00428,Female,26-35,No,2
STU-00429,Male,26-35,No,10
STU-00430,Female,21-25,No,5
STU-00431,Male,Under 21,Yes,4
STU-00432,Female,21-25,No,9
STU-00433,Female,Under 21,No,4
STU-00434,Female,21-25,Yes,10
STU-00435,Male,Under 21,No,3
STU-00436,Male,21-25,No,9
STU-00437,Female,21-25,No,3
STU-00438,Male,Under 21,No,4
STU-00439,Male,Under 21,No,4
STU-00440,Female,21-25,No,3
STU-00441,Female,Under 21,No,2
STU-00442,Male,21-25,No,8
STU-00443,Female,26-35,No,3
STU-00444,Female,Under 21,No,9
STU-00445,Male,Under 21,No,1
STU-00446,Male,21-25,No,10
STU-00447,Female,21-25,No,2
STU-00448,Female,21-25,No,4
STU-00449,Female,26-35,No,3
STU-00450,Male,21-25,No,4
STU-00451,Female,21-25,No,5
STU-00452,Female,21-25,No,10
STU-00453,Female,26-35,No,10
STU-00454,Female,36+,No,5
STU-00455,Male,21-25,No,6
STU-00456,Female,21-25,No,9
STU-00457,Male,21-25,No,7
STU-00458,Female,21-25,No,6
STU-00459,Female,21-25,No,2
STU-00460,Female,36+,No,9
STU-00461,Male,21-25,No,9
STU-00462,Female,21-25,No,1
STU-00463,Female,Under 21,No,1
STU-00464,Male,26-35,No,2
STU-00465,Male,36+,No,4
STU-00466,Male,21-25,No,4
STU-00467,Male,21-25,No,6
STU-00468,Male,26-35,No,8
STU-00469,Female,Under 21,No,2
STU-00470,Female,21-25,No,5
STU-00471,Female,21-25,No,6
STU-00472,Female,Under 21,No,3
STU-00473,Female,Under 21,No,1
STU-00474,Male,21-25,No,3
STU-00475,Male,21-25,Yes,4
STU-00476,Male,26-35,No,4
STU-00477,Male,21-25,No,10
STU-00478,Female,Under 21,No,6
STU-00479,Female,21-25,Yes,7
STU-00480,Female,21-25,No,9
STU-00481,Female,21-25,No,7
STU-00482,Male,21-25,No,4
STU-00483,Male,Under 21,No,3
STU-00484,Female,21-25,No,7
STU-00485,Female,21-25,No,10
STU-00486,Male,Under 21,No,6
STU-00487,Male,Under 21,No,5
STU-00488,Male,21-25,No,10
STU-00489,Female,21-25,No,4
STU-00490,Male,21-25,No,9
STU-00491,Female,21-25,No,6
STU-00492,Female,26-35,No,9
STU-00493,Male,21-25,No,1
STU-00494,Male,21-25,No,3
STU-00495,Prefer not to say,Under 21,No,5
STU-00496,Female,Under 21,No,5
STU-00497,Female,Under 21,No,1
STU-00498,Male,21-25,Yes,9
STU-00499,Male,26-35,No,4
STU-00500,Male,Under 21,No,6
STU-00501,Female,21-25,No,3
STU-00502,Male,21-25,No,5
STU-00503,Male,26-35,No,8
STU-00504,Male,Under 21,No,4
STU-00505,Female,21-25,No,8
STU-00506,Male,26-35,No,8
STU-00507,Female,Under 21,No,9
STU-00508,Female,Under 21,No,8
STU-00509,Female,Under 21,No,8
STU-00510,Female,21-25,No,2
STU-00511,Male,Under 21,No,3
STU-00512,Male,Under 21,No,1
STU-00513,Male,Under 21,No,6
STU-00514,Male,21-25,No,9
STU-00515,Prefer not to say,21-25,No,4
STU-00516,Female,21-25,No,7
STU-00517,Male,26-35,No,10
STU-00518,Male,Under 21,No,5
STU-00519,Female,Under 21,No,7
STU-00520,Female,21-25,No,6
STU-00521,Prefer not to say,36+,No,6
STU-00522,Male,26-35,No,7
STU-00523,Male,21-25,No,9
STU-00524,Female,21-25,No,6
STU-00525,Male,21-25,No,9
STU-00526,Female,21-25,No,9
STU-00527,Female,21-25,No,3
STU-00528,Female,21-25,No,5
STU-00529,Non-binary,26-35,No,6
STU-00530,Female,26-35,No,6
STU-00531,Male,36+,No,10
STU-00532,Female,21-25,No,9
STU-00533,Male,Under 21,No,5
STU-00534,Female,Under 21,No,2
STU-00535,Male,21-25,No,2
STU-00536,Female,Under 21,No,2
STU-00537,Male,21-25,No,7
STU-00538,Female,36+,No,4
STU-00539,Male,Under 21,No,7
STU-00540,Male,26-35,No,3
STU-00541,Female,Under 21,No,4
STU-00542,Non-binary,21-25,No,8
STU-00543,Male,Under 21,No,10
STU-00544,Female,21-25,No,8
STU-00545,Female,26-35,No,6
STU-00546,Female,Under 21,Yes,4
STU-00547,Male,26-35,No,3
STU-00548,Male,21-25,Yes,5
STU-00549,Female,Under 21,No,6
STU-00550,Female,26-35,No,7
STU-00551,Female,Under 21,No,3
STU-00552,Male,Under 21,Yes,2
STU-00553,Male,Under 21,No,1
STU-00554,Female,26-35,No,6
STU-00555,Male,21-25,No,4
STU-00556,Female,21-25,No,6
STU-00557,Male,21-25,No,6
STU-00558,Male,Under 21,No,2
STU-00559,Female,Under 21,No,3
STU-00560,Male,Under 21,No,4
STU-00561,Male,Under 21,No,7
STU-00562,Female,Under 21,No,10
STU-00563,Female,21-25,Yes,9
STU-00564,Non-binary,21-25,No,4
STU-00565,Female,21-25,No,8
STU-00566,Male,26-35,No,5
STU-00567,Male,Under 21,No,3
STU-00568,Male,Under 21,No,3
STU-00569,Male,21-25,No,1
STU-00570,Female,Under 21,No,8
STU-00571,Female,Under 21,No,6
STU-00572,Male,21-25,No,6
STU-00573,Male,26-35,No,1
STU-00574,Female,Under 21,No,5
STU-00575,Female,Under 21,No,5
STU-00576,Female,21-25,No,5
STU-00577,Female,21-25,No,6
STU-00578,Male,26-35,No,10
STU-00579,Female,Under 21,No,4
STU-00580,Male,36+,Yes,4
STU-00581,Female,21-25,No,9
STU-00582,Female,Under 21,No,6
STU-00583,Male,21-25,No,8
STU-00584,Male,21-25,No,1
STU-00585,Female,21-25,No,4
STU-00586,Female,21-25,No,3
STU-00587,Female,Under 21,No,3
STU-00588,Male,36+,No,9
STU-00589,Female,Under 21,No,9
STU-00590,Female,21-25,No,10
STU-00591,Female,21-25,No,10
STU-00592,Non-binary,21-25,No,7
STU-00593,Female,26-35,No,6
STU-00594,Male,Under 21,No,7
STU-00595,Prefer not to say,Under 21,No,10
STU-00596,Female,21-25,No,10
STU-00597,Female,21-25,No,2
STU-00598,Male,21-25,No,10
STU-00599,Male,21-25,No,2
STU-00600,Female,Under 21,No,2
STU-00601,Male,21-25,No,7
STU-00602,Female,21-25,Yes,8
STU-00603,Female,26-35,Yes,8
STU-00604,Female,21-25,No,9
STU-00605,Male,Under 21,No,2
STU-00606,Female,26-35,No,4
STU-00607,Male,26-35,No,7
STU-00608,Male,21-25,No,5
STU-00609,Female,21-25,No,3
STU-00610,Female,36+,No,3
STU-00611,Female,Under 21,No,9
STU-00612,Male,21-25,No,8
STU-00613,Male,Under 21,No,9
STU-00614,Female,Under 21,No,7
STU-00615,Male,Under 21,No,10
STU-00616,Female,Under 21,No,4
STU-00617,Male,Under 21,No,9
STU-00618,Female,21-25,No,6
STU-00619,Female,21-25,No,2
STU-00620,Male,26-35,No,1
STU-00621,Female,Under 21,No,4
STU-00622,Male,21-25,No,9
STU-00623,Female,21-25,No,9
STU-00624,Female,21-25,Yes,3
STU-00625,Female,36+,No,5
STU-00626,Female,21-25,No,5
STU-00627,Female,21-25,No,4
STU-00628,Male,26-35,No,3
STU-00629,Female,21-25,No,9
STU-00630,Female,21-25,No,4
STU-00631,Female,Under 21,No,9
STU-00632,Male,21-25,No,8
STU-00633,Male,21-25,No,9
STU-00634,Female,26-35,No,1
STU-00635,Male,21-25,Yes,3
STU-00636,Male,Under 21,No,5
STU-00637,Female,26-35,Yes,3
STU-00638,Female,Under 21,No,10
STU-00639,Female,21-25,No,7
STU-00640,Male,21-25,No,4
STU-00641,Non-binary,21-25,Yes,5
STU-00642,Male,21-25,No,5
STU-00643,Male,21-25,No,5
STU-00644,Male,21-25,No,3
STU-00645,Male,21-25,No,6
STU-00646,Female,21-25,No,1
STU-00647,Male,26-35,No,1
STU-00648,Female,Under 21,No,1
STU-00649,Female,21-25,No,10
STU-00650,Male,26-35,No,8
STU-00651,Male,Under 21,Yes,1
STU-00652,Male,21-25,No,5
STU-00653,Female,Under 21,Yes,7
STU-00654,Male,26-35,No,2
STU-00655,Male,21-25,No,6
STU-00656,Female,26-35,No,7
STU-00657,Male,21-25,No,2
STU-00658,Female,36+,No,9
STU-00659,Female,21-25,No,5
STU-00660,Male,36+,No,2
STU-00661,Non-binary,Under 21,No,9
STU-00662,Female,21-25,No,7
STU-00663,Female,21-25,No,8
STU-00664,Female,26-35,No,2
STU-00665,Male,Under 21,No,6
STU-00666,Female,21-25,No,2
STU-00667,Male,21-25,No,1
STU-00668,Male,21-25,No,7
STU-00669,Male,Under 21,No,5
STU-00670,Female,Under 21,No,7
STU-00671,Female,21-25,Yes,6
STU-00672,Non-binary,Under 21,No,7
STU-00673,Male,Under 21,No,4
STU-00674,Male,26-35,No,5
STU-00675,Female,Under 21,No,2
STU-00676,Non-binary,Under 21,No,1
STU-00677,Female,21-25,No,2
STU-00678,Male,Under 21,No,4
STU-00679,Female,21-25,Yes,1
STU-00680,Female,21-25,No,4
STU-00681,Female,Under 21,No,5
STU-00682,Female,Under 21,No,7
STU-00683,Male,Under 21,No,8
STU-00684,Male,Under 21,No,2
STU-00685,Female,21-25,Yes,4
STU-00686,Male,Under 21,No,3
STU-00687,Female,21-25,No,10
STU-00688,Male,Under 21,No,10
STU-00689,Female,36+,No,2
STU-00690,Female,26-35,No,7
STU-00691,Female,26-35,No,1
STU-00692,Male,21-25,No,3
STU-00693,Male,36+,No,1
STU-00694,Non-binary,Under 21,No,3
STU-00695,Male,26-35,No,2
STU-00696,Male,21-25,No,8
STU-00697,Female,Under 21,No,8
STU-00698,Female,21-25,No,8
STU-00699,Male,26-35,No,2
STU-00700,Male,21-25,No,8
STU-00701,Female,21-25,Yes,9
STU-00702,Female,21-25,No,3
STU-00703,Male,21-25,No,10
STU-00704,Male,21-25,No,10
STU-00705,Female,26-35,No,9
STU-00706,Female,21-25,No,1
STU-00707,Male,Under 21,No,7
STU-00708,Female,Under 21,No,4
STU-00709,Female,Under 21,Yes,7
STU-00710,Female,21-25,No,4
STU-00711,Male,Under 21,No,9
STU-00712,Prefer not to say,21-25,No,9
STU-00713,Female,21-25,No,7
STU-00714,Female,Under 21,No,6
STU-00715,Female,21-25,No,3
STU-00716,Male,21-25,No,9
STU-00717,Female,21-25,No,9
STU-00718,Male,Under 21,No,7
STU-00719,Female,21-25,No,2
STU-00720,Non-binary,Under 21,No,8
STU-00721,Female,Under 21,No,1
STU-00722,Male,26-35,No,4
STU-00723,Male,26-35,No,7
STU-00724,Male,Under 21,No,6
STU-00725,Female,Under 21,No,9
STU-00726,Female,21-25,Yes,1
STU-00727,Male,21-25,No,4
STU-00728,Female,36+,Yes,4
STU-00729,Female,21-25,No,7
STU-00730,Male,36+,No,3
STU-00731,Male,21-25,No,1
STU-00732,Male,Under 21,No,4
STU-00733,Male,21-25,No,3
STU-00734,Female,21-25,No,8
STU-00735,Male,26-35,No,8
STU-00736,Male,21-25,No,7
STU-00737,Male,21-25,No,5
STU-00738,Female,21-25,No,10
STU-00739,Male,21-25,No,9
STU-00740,Female,26-35,Yes,3
STU-00741,Female,Under 21,No,3
STU-00742,Female,36+,No,1
STU-00743,Female,21-25,No,2
STU-00744,Female,26-35,No,1
STU-00745,Female,Under 21,No,5
STU-00746,Male,Under 21,No,5
STU-00747,Male,36+,Yes,7
STU-00748,Female,21-25,No,5
STU-00749,Female,Under 21,No,8
STU-00750,Female,21-25,No,9
STU-00751,Female,36+,No,7
STU-00752,Female,Under 21,No,6
STU-00753,Female,21-25,No,7
STU-00754,Female,21-25,No,1
STU-00755,Female,21-25,No,5
STU-00756,Female,21-25,No,7
STU-00757,Female,21-25,No,8
STU-00758,Male,36+,No,3
STU-00759,Male,26-35,No,10
STU-00760,Female,26-35,No,4
STU-00761,Female,Under 21,No,7
STU-00762,Male,21-25,No,8
STU-00763,Male,21-25,No,5
STU-00764,Male,21-25,Yes,10
STU-00765,Male,21-25,No,10
STU-00766,Female,36+,No,6
STU-00767,Male,21-25,No,9
STU-00768,Female,26-35,No,3
STU-00769,Female,21-25,Yes,5
STU-00770,Female,21-25,Yes,7
STU-00771,Female,26-35,No,2
STU-00772,Female,26-35,No,7
STU-00773,Female,Under 21,No,6
STU-00774,Female,21-25,No,7
STU-00775,Female,21-25,No,9
STU-00776,Female,Under 21,No,10
STU-00777,Male,21-25,No,4
STU-00778,Female,26-35,Yes,2
STU-00779,Prefer not to say,Under 21,No,7
STU-00780,Female,21-25,No,1
STU-00781,Male,26-35,No,7
STU-00782,Female,21-25,No,1
STU-00783,Female,36+,No,3
STU-00784,Female,26-35,No,3
STU-00785,Female,Under 21,No,2
STU-00786,Male,Under 21,No,4
STU-00787,Male,Under 21,Yes,1
STU-00788,Male,Under 21,Yes,2
STU-00789,Female,21-25,No,2
STU-00790,Male,21-25,No,5
STU-00791,Female,21-25,No,10
STU-00792,Male,26-35,Yes,2
STU-00793,Female,Under 21,No,10
STU-00794,Non-binary,21-25,Yes,8
STU-00795,Non-binary,21-25,No,2
STU-00796,Non-binary,Under 21,No,1
STU-00797,Male,26-35,No,5
STU-00798,Female,26-35,No,3
STU-00799,Male,26-35,No,4
STU-00800,Female,Under 21,No,8
STU-00801,Female,21-25,No,9
STU-00802,Prefer not to say,Under 21,Yes,5
STU-00803,Female,26-35,No,3
STU-00804,Female,21-25,No,6
STU-00805,Male,Under 21,No,6
STU-00806,Male,Under 21,No,9
STU-00807,Female,Under 21,Yes,7
STU-00808,Male,21-25,No,10
STU-00809,Male,21-25,Yes,7
STU-00810,Male,26-35,No,5
STU-00811,Male,21-25,No,8
STU-00812,Female,21-25,No,5
STU-00813,Female,21-25,No,6
STU-00814,Male,26-35,No,8
STU-00815,Male,21-25,No,6
STU-00816,Male,21-25,No,1
STU-00817,Male,26-35,No,7
STU-00818,Female,Under 21,Yes,10
STU-00819,Female,Under 21,Yes,6
STU-00820,Male,21-25,No,2
STU-00821,Female,26-35,No,6
STU-00822,Male,Under 21,No,10
STU-00823,Male,Under 21,No,4
STU-00824,Female,26-35,No,10
STU-00825,Male,21-25,No,2
STU-00826,Female,21-25,Yes,1
STU-00827,Female,21-25,No,8
STU-00828,Male,36+,No,7
STU-00829,Female,21-25,No,4
STU-00830,Female,Under 21,No,2
STU-00831,Female,Under 21,No,9
STU-00832,Male,21-25,No,2
STU-00833,Female,21-25,No,3
STU-00834,Female,Under 21,No,1
STU-00835,Female,21-25,No,7
STU-00836,Female,36+,No,8
STU-00837,Female,Under 21,No,7
STU-00838,Female,26-35,No,4
STU-00839,Female,21-25,No,6
STU-00840,Male,Under 21,No,7
STU-00841,Female,Under 21,No,6
STU-00842,Male,Under 21,Yes,10
STU-00843,Male,36+,No,8
STU-00844,Female,Under 21,Yes,5
STU-00845,Male,Under 21,No,7
STU-00846,Male,21-25,No,6
STU-00847,Female,Under 21,Yes,1
STU-00848,Male,21-25,No,10
STU-00849,Prefer not to say,Under 21,No,8
STU-00850,Male,21-25,Yes,4
STU-00851,Male,21-25,No,1
STU-00852,Male,21-25,No,2
STU-00853,Male,Under 21,Yes,2
STU-00854,Female,26-35,No,5
STU-00855,Male,21-25,No,10
STU-00856,Female,Under 21,No,5
STU-00857,Female,21-25,No,4
STU-00858,Male,36+,No,7
STU-00859,Female,21-25,No,2
STU-00860,Female,26-35,No,3
STU-00861,Female,21-25,No,10
STU-00862,Male,Under 21,No,5
STU-00863,Female,26-35,Yes,3
STU-00864,Female,Under 21,No,8
STU-00865,Female,36+,No,10
STU-00866,Female,26-35,No,8
STU-00867,Male,26-35,Yes,4
STU-00868,Male,Under 21,No,8
STU-00869,Male,26-35,No,2
STU-00870,Male,26-35,No,6
STU-00871,Male,Under 21,No,4
STU-00872,Male,26-35,Yes,5
STU-00873,Female,26-35,No,4
STU-00874,Male,Under 21,No,4
STU-00875,Male,21-25,No,1
STU-00876,Female,26-35,Yes,6
STU-00877,Female,Under 21,No,3
STU-00878,Male,21-25,No,4
STU-00879,Female,36+,No,3
STU-00880,Male,Under 21,No,6
STU-00881,Male,Under 21,No,6
STU-00882,Male,36+,No,10
STU-00883,Male,Under 21,No,4
STU-00884,Male,21-25,No,8
STU-00885,Male,26-35,No,5
STU-00886,Female,Under 21,No,2
STU-00887,Male,21-25,No,1
STU-00888,Male,Under 21,No,4
STU-00889,Male,26-35,No,7
STU-00890,Male,Under 21,No,1
STU-00891,Female,26-35,No,4
STU-00892,Male,Under 21,No,7
STU-00893,Male,21-25,No,3
STU-00894,Female,26-35,No,5
STU-00895,Non-binary,36+,No,6
STU-00896,Male,26-35,No,10
STU-00897,Male,26-35,No,10
STU-00898,Male,21-25,No,1
STU-00899,Female,21-25,No,8
STU-00900,Male,Under 21,No,3
STU-00901,Female,26-35,No,4
STU-00902,Male,Under 21,No,3
STU-00903,Female,21-25,No,2
STU-00904,Female,21-25,No,3
STU-00905,Male,21-25,No,1
STU-00906,Female,21-25,No,10
STU-00907,Female,Under 21,No,10
STU-00908,Male,21-25,No,5
STU-00909,Male,Under 21,No,4
STU-00910,Male,36+,No,5
STU-00911,Female,21-25,No,10
STU-00912,Female,Under 21,No,8
STU-00913,Female,26-35,No,2
STU-00914,Female,21-25,No,2
STU-00915,Male,21-25,No,5
STU-00916,Male,Under 21,No,4
STU-00917,Male,21-25,No,2
STU-00918,Non-binary,36+,No,5
STU-00919,Male,Under 21,No,8
STU-00920,Male,Under 21,No,6
STU-00921,Female,26-35,No,4
STU-00922,Female,21-25,No,5
STU-00923,Female,21-25,Yes,1
STU-00924,Male,21-25,No,1
STU-00925,Male,21-25,No,7
STU-00926,Female,26-35,Yes,3
STU-00927,Male,21-25,No,8
STU-00928,Female,21-25,No,10
STU-00929,Male,21-25,No,1
STU-00930,Female,26-35,No,8
STU-00931,Female,21-25,No,5
STU-00932,Male,26-35,No,1
STU-00933,Male,Under 21,No,7
STU-00934,Female,Under 21,No,1
STU-00935,Female,26-35,No,6
STU-00936,Female,Under 21,Yes,1
STU-00937,Female,Under 21,No,8
STU-00938,Female,26-35,No,2
STU-00939,Female,21-25,No,7
STU-00940,Male,21-25,No,3
STU-00941,Non-binary,21-25,No,1
STU-00942,Male,26-35,No,9
STU-00943,Female,Under 21,No,5
STU-00944,Female,Under 21,Yes,8
STU-00945,Male,21-25,No,8
STU-00946,Male,Under 21,No,6
STU-00947,Male,Under 21,No,8
STU-00948,Male,26-35,No,1
STU-00949,Female,Under 21,No,4
STU-00950,Prefer not to say,21-25,No,10
STU-00951,Male,21-25,No,1
STU-00952,Non-binary,21-25,No,7
STU-00953,Male,Under 21,No,6
STU-00954,Male,21-25,No,6
STU-00955,Male,21-25,No,1
STU-00956,Female,21-25,No,7
STU-00957,Male,Under 21,No,6
STU-00958,Female,21-25,No,10
STU-00959,Female,36+,No,5
STU-00960,Male,36+,No,1
STU-00961,Female,Under 21,Yes,7
STU-00962,Female,Under 21,No,2
STU-00963,Male,21-25,No,7
STU-00964,Female,Under 21,Yes,3
STU-00965,Female,26-35,No,2
STU-00966,Male,26-35,No,10
STU-00967,Male,21-25,No,3
STU-00968,Female,36+,No,8
STU-00969,Female,21-25,No,3
STU-00970,Female,Under 21,No,1
STU-00971,Female,21-25,No,5
STU-00972,Female,26-35,No,8
STU-00973,Prefer not to say,26-35,No,6
STU-00974,Female,26-35,No,2
STU-00975,Female,26-35,No,2
STU-00976,Female,21-25,No,1
STU-00977,Female,26-35,Yes,3
STU-00978,Female,26-35,Yes,5
STU-00979,Female,21-25,No,6
STU-00980,Male,26-35,No,1
STU-00981,Male,21-25,No,4
STU-00982,Female,21-25,Yes,4
STU-00983,Male,Under 21,No,2
STU-00984,Male,21-25,No,5
STU-00985,Female,Under 21,No,2
STU-00986,Female,Under 21,No,10
STU-00987,Female,Under 21,No,6
STU-00988,Female,Under 21,No,2
STU-00989,Female,Under 21,Yes,9
STU-00990,Female,26-35,No,3
STU-00991,Female,26-35,No,7
STU-00992,Female,21-25,No,3
STU-00993,Male,21-25,No,1
STU-00994,Female,Under 21,No,9
STU-00995,Male,21-25,No,4
STU-00996,Male,26-35,No,6
STU-00997,Male,21-25,No,9
STU-00998,Female,26-35,No,3
STU-00999,Female,21-25,Yes,7
STU-01000,Female,Under 21,No,10
STU-01001,Male,Under 21,No,8
STU-01002,Female,21-25,No,2
STU-01003,Male,21-25,No,1
STU-01004,Female,21-25,No,8
STU-01005,Male,Under 21,No,10
STU-01006,Male,26-35,No,6
STU-01007,Male,21-25,No,10
STU-01008,Female,36+,No,1
STU-01009,Male,21-25,Yes,10
STU-01010,Male,21-25,No,4
STU-01011,Non-binary,21-25,No,7
STU-01012,Male,26-35,No,5
STU-01013,Male,36+,No,3
STU-01014,Female,Under 21,No,1
STU-01015,Female,Under 21,No,1
STU-01016,Female,21-25,No,6
STU-01017,Male,21-25,No,7
STU-01018,Female,Under 21,No,8
STU-01019,Male,26-35,No,10
STU-01020,Male,21-25,No,6
STU-01021,Female,21-25,No,4
STU-01022,Male,21-25,No,5
STU-01023,Male,21-25,Yes,3
STU-01024,Male,21-25,No,10
STU-01025,Male,Under 21,Yes,5
STU-01026,Female,Under 21,No,7
STU-01027,Male,26-35,No,8
STU-01028,Female,Under 21,No,9
STU-01029,Female,26-35,No,6
STU-01030,Female,21-25,No,9
STU-01031,Female,Under 21,No,10
STU-01032,Female,Under 21,No,10
STU-01033,Female,Under 21,No,5
STU-01034,Female,21-25,No,6
STU-01035,Female,21-25,No,7
STU-01036,Male,36+,No,2
STU-01037,Male,36+,No,8
STU-01038,Male,21-25,No,10
STU-01039,Male,21-25,Yes,2
STU-01040,Female,Under 21,No,6
STU-01041,Non-binary,21-25,No,5
STU-01042,Female,Under 21,No,5
STU-01043,Male,21-25,No,3
STU-01044,Male,Under 21,No,5
STU-01045,Male,21-25,Yes,6
STU-01046,Male,Under 21,No,8
STU-01047,Male,21-25,Yes,3
STU-01048,Male,21-25,No,1
STU-01049,Female,21-25,No,9
STU-01050,Female,21-25,No,5
STU-01051,Male,21-25,No,2
STU-01052,Female,21-25,No,5
STU-01053,Female,21-25,No,3
STU-01054,Male,21-25,No,4
STU-01055,Female,21-25,No,1
STU-01056,Female,21-25,Yes,10
STU-01057,Female,26-35,No,7
STU-01058,Female,21-25,No,5
STU-01059,Female,Under 21,No,10
STU-01060,Male,21-25,No,3
STU-01061,Male,21-25,Yes,3
STU-01062,Female,21-25,No,5
STU-01063,Female,Under 21,No,3
STU-01064,Female,Under 21,No,4
STU-01065,Male,Under 21,No,4
STU-01066,Male,21-25,No,7
STU-01067,Female,21-25,Yes,1
STU-01068,Male,Under 21,No,1
STU-01069,Female,21-25,No,6
STU-01070,Female,21-25,No,10
STU-01071,Male,26-35,No,7
STU-01072,Female,21-25,No,9
STU-01073,Male,Under 21,No,9
STU-01074,Male,36+,No,3
STU-01075,Female,21-25,No,4
STU-01076,Female,21-25,No,6
STU-01077,Female,21-25,Yes,7
STU-01078,Female,26-35,No,3
STU-01079,Male,21-25,No,6
STU-01080,Female,Under 21,No,5
STU-01081,Prefer not to say,Under 21,No,9
STU-01082,Male,Under 21,No,2
STU-01083,Male,26-35,Yes,6
STU-01084,Male,26-35,Yes,3
STU-01085,Male,Under 21,No,6
STU-01086,Male,36+,No,8
STU-01087,Female,36+,No,4
STU-01088,Female,21-25,No,1
STU-01089,Female,Under 21,No,4
STU-01090,Male,21-25,No,3
STU-01091,Male,Under 21,No,1
STU-01092,Female,Under 21,Yes,9
STU-01093,Male,21-25,No,4
STU-01094,Male,26-35,No,10
STU-01095,Male,Under 21,No,9
STU-01096,Female,21-25,No,2
STU-01097,Female,21-25,No,7
STU-01098,Female,Under 21,No,6
STU-01099,Female,Under 21,No,4
STU-01100,Female,36+,No,7
STU-01101,Female,Under 21,No,5
STU-01102,Male,21-25,No,1
STU-01103,Female,Under 21,No,5
STU-01104,Male,Under 21,No,4
STU-01105,Male,21-25,No,4
STU-01106,Non-binary,Under 21,No,10
STU-01107,Male,Under 21,No,7
STU-01108,Male,26-35,No,4
STU-01109,Female,21-25,No,8
STU-01110,Male,21-25,No,10
STU-01111,Male,21-25,No,9
STU-01112,Female,Under 21,No,4
STU-01113,Non-binary,21-25,No,5
STU-01114,Female,21-25,Yes,9
STU-01115,Male,Under 21,No,5
STU-01116,Male,36+,No,5
STU-01117,Female,36+,No,4
STU-01118,Male,26-35,Yes,3
STU-01119,Female,21-25,No,4
STU-01120,Female,Under 21,No,5
STU-01121,Male,21-25,No,6
STU-01122,Female,21-25,No,9
STU-01123,Female,Under 21,Yes,4
STU-01124,Female,26-35,No,9
STU-01125,Female,Under 21,No,6
STU-01126,Male,Under 21,No,4
STU-01127,Female,26-35,No,10
STU-01128,Female,26-35,No,4
STU-01129,Prefer not to say,21-25,No,8
STU-01130,Male,Under 21,No,10
STU-01131,Female,Under 21,No,2
STU-01132,Non-binary,Under 21,No,3
STU-01133,Male,21-25,Yes,3
STU-01134,Male,Under 21,No,4
STU-01135,Male,21-25,No,1
STU-01136,Female,Under 21,No,2
STU-01137,Male,Under 21,No,9
STU-01138,Female,21-25,No,8
STU-01139,Male,26-35,No,3
STU-01140,Female,21-25,No,5
STU-01141,Female,21-25,No,2
STU-01142,Male,Under 21,No,9
STU-01143,Male,Under 21,No,1
STU-01144,Female,Under 21,No,8
STU-01145,Female,26-35,No,6
STU-01146,Male,Under 21,No,3
STU-01147,Male,21-25,No,3
STU-01148,Female,Under 21,Yes,6
STU-01149,Male,26-35,No,7
STU-01150,Female,36+,No,3
STU-01151,Male,21-25,No,2
STU-01152,Male,Under 21,Yes,6
STU-01153,Female,21-25,No,5
STU-01154,Female,21-25,No,2
STU-01155,Male,21-25,No,7
STU-01156,Female,Under 21,No,1
STU-01157,Female,26-35,No,9
STU-01158,Male,Under 21,No,1
STU-01159,Female,21-25,No,3
STU-01160,Male,21-25,No,10
STU-01161,Female,26-35,No,7
STU-01162,Female,21-25,No,7
STU-01163,Female,36+,Yes,2
STU-01164,Male,26-35,No,7
STU-01165,Male,Under 21,No,4
STU-01166,Female,Under 21,No,10
STU-01167,Female,21-25,No,3
STU-01168,Male,21-25,No,9
STU-01169,Female,Under 21,No,8
STU-01170,Female,21-25,No,3
STU-01171,Female,36+,No,4
STU-01172,Male,21-25,Yes,7
STU-01173,Male,Under 21,No,9
STU-01174,Male,21-25,No,8
STU-01175,Male,21-25,No,4
STU-01176,Female,36+,No,3
STU-01177,Male,Under 21,No,9
STU-01178,Male,Under 21,No,1
STU-01179,Non-binary,26-35,No,2
STU-01180,Male,26-35,No,1
STU-01181,Male,21-25,No,3
STU-01182,Female,26-35,No,6
STU-01183,Female,Under 21,Yes,7
STU-01184,Female,26-35,No,8
STU-01185,Female,21-25,No,8
STU-01186,Male,26-35,Yes,6
STU-01187,Female,21-25,No,9
STU-01188,Female,26-35,No,3
STU-01189,Female,26-35,No,9
STU-01190,Female,Under 21,No,9
STU-01191,Male,Under 21,No,10
STU-01192,Female,21-25,No,9
STU-01193,Female,Under 21,No,2
STU-01194,Female,Under 21,No,6
STU-01195,Male,36+,No,2
STU-01196,Female,21-25,No,10
STU-01197,Male,Under 21,No,9
STU-01198,Male,36+,No,2
STU-01199,Female,Under 21,No,1
STU-01200,Male,26-35,No,6
STU-01201,Female,Under 21,No,5
STU-01202,Female,21-25,No,1
STU-01203,Female,21-25,No,4
STU-01204,Non-binary,21-25,No,3
STU-01205,Male,21-25,No,2
STU-01206,Female,Under 21,Yes,4
STU-01207,Female,36+,Yes,8
STU-01208,Male,21-25,No,6
STU-01209,Female,21-25,No,8
STU-01210,Female,Under 21,Yes,10
STU-01211,Female,Under 21,No,6
STU-01212,Female,36+,No,7
STU-01213,Female,Under 21,No,4
STU-01214,Female,26-35,No,4
STU-01215,Male,36+,No,9
STU-01216,Male,21-25,No,4
STU-01217,Male,21-25,No,3
STU-01218,Male,21-25,No,9
STU-01219,Male,21-25,No,7
STU-01220,Male,21-25,No,5
STU-01221,Non-binary,21-25,No,7
STU-01222,Male,Under 21,No,5
STU-01223,Female,Under 21,No,6
STU-01224,Male,26-35,No,7
STU-01225,Female,26-35,No,1
STU-01226,Female,Under 21,No,3
STU-01227,Female,21-25,No,6
STU-01228,Female,26-35,No,10
STU-01229,Male,Under 21,Yes,8
STU-01230,Male,26-35,No,9
STU-01231,Male,Under 21,No,10
STU-01232,Female,21-25,No,2
STU-01233,Female,Under 21,No,3
STU-01234,Female,Under 21,No,1
STU-01235,Male,Under 21,No,8
STU-01236,Male,Under 21,No,6
STU-01237,Female,21-25,No,8
STU-01238,Male,26-35,No,9
STU-01239,Female,Under 21,No,6
STU-01240,Male,21-25,No,10
STU-01241,Male,Under 21,No,2
STU-01242,Female,21-25,No,9
STU-01243,Male,21-25,No,8
STU-01244,Non-binary,21-25,Yes,3
STU-01245,Female,21-25,No,3
STU-01246,Female,36+,No,2
STU-01247,Female,21-25,No,3
STU-01248,Non-binary,21-25,No,5
STU-01249,Male,21-25,No,10
STU-01250,Female,Under 21,No,9
STU-01251,Female,36+,No,8
STU-01252,Female,Under 21,No,2
STU-01253,Female,Under 21,No,7
STU-01254,Male,Under 21,No,6
STU-01255,Non-binary,21-25,No,6
STU-01256,Male,21-25,No,4
STU-01257,Female,Under 21,No,7
STU-01258,Male,21-25,No,2
STU-01259,Female,21-25,Yes,9
STU-01260,Female,21-25,No,10
STU-01261,Female,21-25,No,8
STU-01262,Male,21-25,Yes,1
STU-01263,Female,21-25,No,9
STU-01264,Female,26-35,No,9
STU-01265,Female,Under 21,No,8
STU-01266,Female,21-25,No,8
STU-01267,Female,21-25,No,9
STU-01268,Female,21-25,Yes,5
STU-01269,Female,26-35,Yes,5
STU-01270,Female,21-25,No,3
STU-01271,Female,21-25,No,8
STU-01272,Female,Under 21,No,10
STU-01273,Male,21-25,No,8
STU-01274,Female,Under 21,Yes,6
STU-01275,Female,26-35,No,6
STU-01276,Male,Under 21,No,10
STU-01277,Female,Under 21,Yes,3
STU-01278,Female,Under 21,No,1
STU-01279,Female,21-25,No,7
STU-01280,Male,26-35,No,5
STU-01281,Male,Under 21,No,2
STU-01282,Female,36+,No,6
STU-01283,Female,26-35,No,6
STU-01284,Female,21-25,No,2
STU-01285,Female,21-25,No,10
STU-01286,Female,Under 21,No,3
STU-01287,Male,21-25,No,4
STU-01288,Male,26-35,No,4
STU-01289,Female,Under 21,No,2
STU-01290,Male,21-25,No,7
STU-01291,Female,Under 21,No,7
STU-01292,Male,Under 21,No,4
STU-01293,Male,Under 21,No,10
STU-01294,Male,Under 21,No,8
STU-01295,Male,26-35,No,5
STU-01296,Male,Under 21,No,1
STU-01297,Male,Under 21,No,10
STU-01298,Male,21-25,No,1
STU-01299,Female,Under 21,No,8
STU-01300,Female,36+,No,10
STU-01301,Female,21-25,No,3
STU-01302,Male,26-35,No,3
STU-01303,Female,21-25,No,8
STU-01304,Male,Under 21,No,6
STU-01305,Female,36+,No,5
STU-01306,Female,26-35,No,3
STU-01307,Female,21-25,No,1
STU-01308,Female,Under 21,No,4
STU-01309,Female,21-25,No,4
STU-01310,Female,26-35,No,10
STU-01311,Female,21-25,No,9
STU-01312,Male,21-25,No,1
STU-01313,Female,21-25,No,2
STU-01314,Female,21-25,Yes,5
STU-01315,Female,26-35,No,8
STU-01316,Male,Under 21,No,9
STU-01317,Female,Under 21,No,9
STU-01318,Male,21-25,No,4
STU-01319,Male,21-25,No,5
STU-01320,Female,21-25,No,10
STU-01321,Male,21-25,No,3
STU-01322,Male,21-25,No,7
STU-01323,Female,Under 21,No,10
STU-01324,Female,26-35,No,3
STU-01325,Male,Under 21,No,1
STU-01326,Female,21-25,Yes,9
STU-01327,Male,Under 21,No,5
STU-01328,Female,Under 21,No,4
STU-01329,Female,26-35,No,3
STU-01330,Male,Under 21,No,3
STU-01331,Female,26-35,No,1
STU-01332,Male,21-25,No,6
STU-01333,Male,Under 21,No,5
STU-01334,Female,26-35,Yes,3
STU-01335,Female,21-25,No,8
STU-01336,Female,21-25,No,3
STU-01337,Female,26-35,No,4
STU-01338,Male,21-25,No,6
STU-01339,Male,Under 21,No,2
STU-01340,Female,26-35,No,1
STU-01341,Male,21-25,No,9
STU-01342,Female,21-25,No,8
STU-01343,Male,Under 21,No,1
STU-01344,Prefer not to say,26-35,No,5
STU-01345,Male,21-25,No,1
STU-01346,Female,21-25,No,9
STU-01347,Female,21-25,No,6
STU-01348,Male,Under 21,No,4
STU-01349,Male,21-25,No,5
STU-01350,Male,26-35,No,1
STU-01351,Female,26-35,No,9
STU-01352,Female,26-35,No,10
STU-01353,Male,21-25,No,4
STU-01354,Male,Under 21,No,3
STU-01355,Male,Under 21,Yes,1
STU-01356,Male,36+,No,6
STU-01357,Male,21-25,Yes,2
STU-01358,Female,21-25,No,10
STU-01359,Female,21-25,No,6
STU-01360,Male,Under 21,No,6
STU-01361,Male,21-25,No,3
STU-01362,Male,21-25,No,1
STU-01363,Female,Under 21,No,4
STU-01364,Female,21-25,No,10
STU-01365,Male,Under 21,No,2
STU-01366,Male,26-35,No,5
STU-01367,Female,21-25,No,8
STU-01368,Female,21-25,Yes,8
STU-01369,Female,21-25,No,8
STU-01370,Female,36+,No,4
STU-01371,Male,21-25,No,3
STU-01372,Male,21-25,No,6
STU-01373,Female,21-25,No,7
STU-01374,Female,Under 21,No,9
STU-01375,Male,21-25,No,2
STU-01376,Male,Under 21,No,2
STU-01377,Male,21-25,No,4
STU-01378,Female,21-25,No,7
STU-01379,Male,21-25,No,6
STU-01380,Female,Under 21,No,2
STU-01381,Female,Under 21,No,1
STU-01382,Female,21-25,No,6
STU-01383,Female,Under 21,No,3
STU-01384,Male,Under 21,No,6
STU-01385,Male,36+,No,1
STU-01386,Female,21-25,No,6
STU-01387,Male,Under 21,Yes,3
STU-01388,Male,21-25,No,3
STU-01389,Female,Under 21,No,6
STU-01390,Female,21-25,No,4
STU-01391,Male,26-35,Yes,8
STU-01392,Female,36+,No,7
STU-01393,Female,Under 21,No,10
STU-01394,Male,21-25,No,10
STU-01395,Male,Under 21,Yes,9
STU-01396,Male,26-35,No,6
STU-01397,Male,Under 21,Yes,1
STU-01398,Male,Under 21,No,1
STU-01399,Male,Under 21,Yes,2
STU-01400,Male,Under 21,No,1
STU-01401,Female,Under 21,No,7
STU-01402,Female,26-35,No,8
STU-01403,Non-binary,21-25,No,10
STU-01404,Male,Under 21,No,2
STU-01405,Male,21-25,No,7
STU-01406,Male,21-25,No,2
STU-01407,Female,21-25,Yes,5
STU-01408,Female,Under 21,No,6
STU-01409,Male,26-35,No,8
STU-01410,Male,21-25,No,9
STU-01411,Female,Under 21,No,4
STU-01412,Male,26-35,No,6
STU-01413,Female,21-25,No,10
STU-01414,Male,21-25,No,4
STU-01415,Male,21-25,No,6
STU-01416,Male,Under 21,No,7
STU-01417,Female,21-25,No,4
STU-01418,Male,21-25,No,10
STU-01419,Male,21-25,No,2
STU-01420,Female,26-35,No,10
STU-01421,Male,Under 21,No,3
STU-01422,Female,21-25,No,9
STU-01423,Female,21-25,No,6
STU-01424,Male,36+,Yes,10
STU-01425,Female,26-35,No,9
STU-01426,Female,26-35,Yes,8
STU-01427,Female,21-25,Yes,10
STU-01428,Male,Under 21,No,5
STU-01429,Male,26-35,Yes,1
STU-01430,Female,21-25,No,10
STU-01431,Male,21-25,No,4
STU-01432,Female,36+,Yes,5
STU-01433,Male,Under 21,Yes,6
STU-01434,Female,26-35,No,6
STU-01435,Female,Under 21,No,2
STU-01436,Female,Under 21,No,3
STU-01437,Male,26-35,No,5
STU-01438,Male,21-25,No,10
STU-01439,Male,21-25,No,3
STU-01440,Female,21-25,No,2
STU-01441,Male,36+,No,6
STU-01442,Female,21-25,No,4
STU-01443,Male,Under 21,No,1
STU-01444,Male,21-25,No,5
STU-01445,Female,Under 21,No,4
STU-01446,Female,21-25,No,2
STU-01447,Non-binary,Under 21,No,7
STU-01448,Male,21-25,No,7
STU-01449,Male,21-25,No,1
STU-01450,Male,26-35,No,7
STU-01451,Male,21-25,No,6
STU-01452,Female,26-35,No,9
STU-01453,Male,Under 21,No,5
STU-01454,Male,21-25,No,1
STU-01455,Male,Under 21,No,1
STU-01456,Male,Under 21,No,1
STU-01457,Female,21-25,No,8
STU-01458,Male,26-35,No,8
STU-01459,Male,21-25,No,6
STU-01460,Female,Under 21,No,8
STU-01461,Male,Under 21,Yes,10
STU-01462,Male,Under 21,No,8
STU-01463,Female,21-25,No,8
STU-01464,Female,Under 21,No,8
STU-01465,Male,Under 21,No,4
STU-01466,Female,21-25,No,3
STU-01467,Male,21-25,No,8
STU-01468,Female,Under 21,No,9
STU-01469,Male,Under 21,No,8
STU-01470,Male,Under 21,No,9
STU-01471,Male,Under 21,No,4
STU-01472,Male,Under 21,No,6
STU-01473,Non-binary,36+,No,9
STU-01474,Female,21-25,No,1
STU-01475,Male,Under 21,No,5
STU-01476,Female,21-25,No,2
STU-01477,Male,21-25,Yes,2
STU-01478,Male,21-25,Yes,7
STU-01479,Male,21-25,No,6
STU-01480,Male,Under 21,No,3
STU-01481,Male,21-25,No,9
STU-01482,Male,26-35,No,7
STU-01483,Female,Under 21,No,2
STU-01484,Male,Under 21,No,2
STU-01485,Female,36+,No,5
STU-01486,Female,21-25,No,4
STU-01487,Female,21-25,No,4
STU-01488,Non-binary,Under 21,No,4
STU-01489,Male,21-25,No,8
STU-01490,Female,21-25,No,1
STU-01491,Female,Under 21,No,10
STU-01492,Female,Under 21,No,9
STU-01493,Female,21-25,No,1
STU-01494,Male,Under 21,No,1
STU-01495,Female,26-35,No,4
STU-01496,Male,21-25,No,5
STU-01497,Male,Under 21,Yes,8
STU-01498,Male,21-25,No,3
STU-01499,Male,21-25,No,3
STU-01500,Female,26-35,No,6
STU-01501,Male,26-35,No,7
STU-01502,Male,Under 21,No,4
STU-01503,Female,21-25,No,8
STU-01504,Male,Under 21,No,7
STU-01505,Male,21-25,No,6
STU-01506,Male,21-25,No,4
STU-01507,Male,36+,No,9
STU-01508,Male,26-35,No,2
STU-01509,Female,21-25,No,10
STU-01510,Male,26-35,No,8
STU-01511,Male,26-35,No,3
STU-01512,Prefer not to say,21-25,No,2
STU-01513,Male,21-25,Yes,4
STU-01514,Female,21-25,No,7
STU-01515,Prefer not to say,Under 21,No,2
STU-01516,Male,Under 21,No,6
STU-01517,Non-binary,Under 21,No,10
STU-01518,Male,36+,No,6
STU-01519,Female,21-25,No,9
STU-01520,Male,Under 21,No,10
STU-01521,Male,26-35,No,3
STU-01522,Female,Under 21,No,3
STU-01523,Female,Under 21,No,7
STU-01524,Female,Under 21,No,6
STU-01525,Female,21-25,No,9
STU-01526,Female,21-25,No,10
STU-01527,Female,36+,No,6
STU-01528,Female,Under 21,No,10
STU-01529,Female,26-35,No,3
STU-01530,Male,21-25,No,10
STU-01531,Female,21-25,No,5
STU-01532,Female,21-25,No,10
STU-01533,Female,26-35,No,8
STU-01534,Male,21-25,Yes,8
STU-01535,Male,Under 21,No,6
STU-01536,Male,Under 21,No,2
STU-01537,Female,26-35,No,9
STU-01538,Male,21-25,No,2
STU-01539,Male,21-25,No,1
STU-01540,Female,21-25,Yes,7
STU-01541,Female,26-35,No,3
STU-01542,Male,Under 21,No,7
STU-01543,Male,21-25,No,8
STU-01544,Female,Under 21,No,2
STU-01545,Female,21-25,No,7
STU-01546,Female,36+,Yes,8
STU-01547,Male,36+,No,6
STU-01548,Female,21-25,No,6
STU-01549,Male,26-35,No,6
STU-01550,Female,21-25,No,2
STU-01551,Male,Under 21,No,1
STU-01552,Male,Under 21,Yes,7
STU-01553,Female,21-25,No,9
STU-01554,Male,21-25,No,1
STU-01555,Male,Under 21,No,3
STU-01556,Male,Under 21,No,1
STU-01557,Male,21-25,No,6
STU-01558,Male,Under 21,No,9
STU-01559,Male,Under 21,No,2
STU-01560,Female,Under 21,No,3
STU-01561,Male,Under 21,No,5
STU-01562,Non-binary,21-25,No,6
STU-01563,Female,21-25,No,2
STU-01564,Male,Under 21,No,2
STU-01565,Male,21-25,No,2
STU-01566,Male,26-35,No,7
STU-01567,Male,Under 21,No,8
STU-01568,Female,21-25,No,6
STU-01569,Male,36+,No,1
STU-01570,Female,26-35,No,3
STU-01571,Male,21-25,No,9
STU-01572,Male,Under 21,Yes,1
STU-01573,Female,21-25,No,6
STU-01574,Female,Under 21,No,2
STU-01575,Female,21-25,No,6
STU-01576,Male,Under 21,No,1
STU-01577,Male,26-35,No,5
STU-01578,Male,21-25,No,8
STU-01579,Male,26-35,No,6
STU-01580,Male,Under 21,Yes,5
STU-01581,Male,21-25,No,1
STU-01582,Male,21-25,No,9
STU-01583,Female,26-35,No,4
STU-01584,Male,Under 21,No,3
STU-01585,Male,Under 21,No,3
STU-01586,Female,21-25,No,1
STU-01587,Female,21-25,No,10
STU-01588,Male,21-25,Yes,4
STU-01589,Male,21-25,No,7
STU-01590,Male,21-25,No,1
STU-01591,Male,Under 21,No,4
STU-01592,Female,21-25,No,10
STU-01593,Male,21-25,Yes,6
STU-01594,Male,Under 21,No,7
STU-01595,Female,21-25,No,3
STU-01596,Female,Under 21,No,6
STU-01597,Female,21-25,No,3
STU-01598,Male,26-35,No,4
STU-01599,Female,21-25,No,8
STU-01600,Male,21-25,No,5
STU-01601,Female,21-25,Yes,6
STU-01602,Female,Under 21,No,2
STU-01603,Male,26-35,No,5
STU-01604,Male,21-25,No,7
STU-01605,Male,Under 21,No,3
STU-01606,Male,21-25,No,3
STU-01607,Male,21-25,No,2
STU-01608,Male,Under 21,No,3
STU-01609,Male,21-25,No,3
STU-01610,Female,Under 21,No,7
STU-01611,Male,Under 21,No,5
STU-01612,Female,36+,No,2
STU-01613,Male,26-35,No,5
STU-01614,Male,26-35,No,10
STU-01615,Female,21-25,No,9
STU-01616,Female,21-25,No,1
STU-01617,Female,Under 21,Yes,2
STU-01618,Male,21-25,Yes,5
STU-01619,Male,Under 21,No,7
STU-01620,Male,21-25,No,6
STU-01621,Male,26-35,No,10
STU-01622,Female,Under 21,No,7
STU-01623,Male,Under 21,No,5
STU-01624,Female,21-25,Yes,4
STU-01625,Female,21-25,No,2
STU-01626,Female,21-25,No,6
STU-01627,Female,Under 21,No,9
STU-01628,Male,Under 21,No,10
STU-01629,Female,21-25,No,1
STU-01630,Male,Under 21,No,7
STU-01631,Female,21-25,No,2
STU-01632,Non-binary,21-25,No,10
STU-01633,Male,Under 21,No,9
STU-01634,Male,26-35,No,6
STU-01635,Male,Under 21,No,7
STU-01636,Female,26-35,No,2
STU-01637,Female,Under 21,No,3
STU-01638,Female,Under 21,No,9
STU-01639,Female,Under 21,No,1
STU-01640,Male,26-35,No,10
STU-01641,Male,21-25,No,9
STU-01642,Male,26-35,No,1
STU-01643,Male,21-25,Yes,1
STU-01644,Female,36+,No,2
STU-01645,Female,Under 21,No,9
STU-01646,Female,Under 21,No,4
STU-01647,Female,21-25,No,8
STU-01648,Male,21-25,No,1
STU-01649,Female,21-25,No,5
STU-01650,Female,21-25,No,2
STU-01651,Female,21-25,No,2
STU-01652,Male,21-25,No,2
STU-01653,Male,26-35,No,8
STU-01654,Male,21-25,No,8
STU-01655,Male,21-25,No,5
STU-01656,Male,21-25,No,9
STU-01657,Male,26-35,No,8
STU-01658,Female,21-25,No,10
STU-01659,Male,Under 21,No,10
STU-01660,Male,21-25,No,5
STU-01661,Male,Under 21,Yes,2
STU-01662,Female,36+,No,1
STU-01663,Male,26-35,No,9
STU-01664,Female,Under 21,No,7
STU-01665,Male,26-35,No,5
STU-01666,Female,21-25,No,3
STU-01667,Male,Under 21,No,6
STU-01668,Non-binary,Under 21,No,3
STU-01669,Female,21-25,No,2
STU-01670,Male,21-25,No,7
STU-01671,Female,26-35,No,9
STU-01672,Male,36+,No,9
STU-01673,Male,21-25,No,5
STU-01674,Male,Under 21,No,7
STU-01675,Female,36+,No,5
STU-01676,Female,21-25,Yes,6
STU-01677,Female,21-25,No,3
STU-01678,Female,26-35,No,9
STU-01679,Female,26-35,No,7
STU-01680,Male,21-25,No,7
STU-01681,Female,Under 21,No,2
STU-01682,Female,Under 21,No,7
STU-01683,Female,26-35,No,3
STU-01684,Female,Under 21,No,8
STU-01685,Male,26-35,No,1
STU-01686,Female,21-25,No,3
STU-01687,Male,Under 21,No,7
STU-01688,Female,26-35,No,10
STU-01689,Non-binary,21-25,Yes,10
STU-01690,Male,Under 21,No,10
STU-01691,Female,26-35,No,2
STU-01692,Female,26-35,No,2
STU-01693,Male,Under 21,Yes,3
STU-01694,Non-binary,Under 21,No,7
STU-01695,Female,36+,No,4
STU-01696,Female,21-25,No,2
STU-01697,Female,Under 21,No,9
STU-01698,Male,Under 21,Yes,2
STU-01699,Non-binary,Under 21,No,7
STU-01700,Female,Under 21,No,1
STU-01701,Female,21-25,No,3
STU-01702,Female,21-25,Yes,3
STU-01703,Male,Under 21,Yes,1
STU-01704,Male,Under 21,No,7
STU-01705,Male,Under 21,No,6
STU-01706,Male,21-25,No,5
STU-01707,Female,Under 21,No,7
STU-01708,Female,Under 21,No,1
STU-01709,Female,26-35,Yes,4
STU-01710,Female,Under 21,No,4
STU-01711,Female,21-25,No,2
STU-01712,Male,26-35,No,4
STU-01713,Female,21-25,No,7
STU-01714,Female,21-25,No,10
STU-01715,Female,Under 21,No,2
STU-01716,Non-binary,Under 21,No,7
STU-01717,Female,21-25,No,4
STU-01718,Male,26-35,Yes,6
STU-01719,Non-binary,26-35,No,10
STU-01720,Male,Under 21,No,6
STU-01721,Male,Under 21,No,1
STU-01722,Male,Under 21,No,3
STU-01723,Male,36+,No,3
STU-01724,Male,Under 21,No,3
STU-01725,Male,Under 21,No,10
STU-01726,Male,21-25,Yes,5
STU-01727,Non-binary,36+,No,4
STU-01728,Male,21-25,No,3
STU-01729,Female,21-25,Yes,6
STU-01730,Male,36+,No,4
STU-01731,Female,21-25,No,9
STU-01732,Female,Under 21,Yes,9
STU-01733,Female,21-25,No,8
STU-01734,Female,Under 21,No,7
STU-01735,Female,26-35,No,1
STU-01736,Male,21-25,No,2
STU-01737,Male,21-25,Yes,4
STU-01738,Female,26-35,No,5
STU-01739,Male,Under 21,No,1
STU-01740,Male,21-25,No,5
STU-01741,Non-binary,Under 21,No,9
STU-01742,Female,Under 21,No,2
STU-01743,Male,Under 21,No,7
STU-01744,Female,36+,No,5
STU-01745,Female,Under 21,No,6
STU-01746,Female,26-35,No,1
STU-01747,Male,21-25,No,8
STU-01748,Female,21-25,No,7
STU-01749,Female,21-25,No,1
STU-01750,Female,21-25,No,5
STU-01751,Female,21-25,No,6
STU-01752,Female,Under 21,No,9
STU-01753,Female,Under 21,No,5
STU-01754,Male,21-25,No,2
STU-01755,Non-binary,21-25,No,7
STU-01756,Female,Under 21,No,8
STU-01757,Prefer not to say,21-25,No,1
STU-01758,Female,Under 21,No,2
STU-01759,Female,21-25,No,6
STU-01760,Female,Under 21,No,3
STU-01761,Female,21-25,No,10
STU-01762,Female,21-25,No,5
STU-01763,Male,Under 21,Yes,2
STU-01764,Male,Under 21,No,6
STU-01765,Female,Under 21,No,4
STU-01766,Female,Under 21,No,10
STU-01767,Female,26-35,No,3
STU-01768,Female,26-35,No,9
STU-01769,Female,26-35,No,8
STU-01770,Female,21-25,No,8
STU-01771,Female,21-25,No,4
STU-01772,Female,21-25,Yes,10
STU-01773,Male,21-25,No,6
STU-01774,Male,36+,Yes,1
STU-01775,Female,Under 21,No,1
STU-01776,Female,Under 21,Yes,7
STU-01777,Male,21-25,No,10
STU-01778,Female,Under 21,No,7
STU-01779,Female,36+,No,9
STU-01780,Female,26-35,No,7
STU-01781,Male,21-25,No,9
STU-01782,Female,21-25,No,3
STU-01783,Male,21-25,No,10
STU-01784,Female,21-25,No,4
STU-01785,Female,21-25,No,1
STU-01786,Female,26-35,Yes,4
STU-01787,Male,Under 21,Yes,7
STU-01788,Male,21-25,No,10
STU-01789,Male,21-25,No,9
STU-01790,Female,Under 21,No,10
STU-01791,Male,Under 21,No,6
STU-01792,Female,21-25,No,1
STU-01793,Female,Under 21,No,7
STU-01794,Non-binary,21-25,No,5
STU-01795,Female,Under 21,No,10
STU-01796,Male,Under 21,No,2
STU-01797,Female,21-25,No,3
STU-01798,Female,Under 21,No,3
STU-01799,Male,26-35,No,3
STU-01800,Female,21-25,No,4
STU-01801,Male,26-35,No,8
STU-01802,Male,21-25,No,7
STU-01803,Male,36+,No,3
STU-01804,Female,36+,No,2
STU-01805,Female,26-35,No,9
STU-01806,Female,26-35,No,3
STU-01807,Male,21-25,No,7
STU-01808,Male,Under 21,No,7
STU-01809,Male,36+,No,10
STU-01810,Female,Under 21,Yes,7
STU-01811,Female,21-25,No,10
STU-01812,Female,Under 21,No,8
STU-01813,Male,Under 21,No,5
STU-01814,Female,21-25,No,4
STU-01815,Female,21-25,No,7
STU-01816,Male,21-25,No,3
STU-01817,Prefer not to say,26-35,No,7
STU-01818,Female,Under 21,Yes,2
STU-01819,Female,26-35,No,4
STU-01820,Male,Under 21,No,10
STU-01821,Male,26-35,No,1
STU-01822,Male,21-25,No,8
STU-01823,Male,21-25,No,9
STU-01824,Male,21-25,No,8
STU-01825,Female,Under 21,Yes,7
STU-01826,Female,21-25,No,9
STU-01827,Female,Under 21,Yes,5
STU-01828,Female,21-25,No,3
STU-01829,Male,21-25,No,4
STU-01830,Female,36+,No,9
STU-01831,Male,26-35,Yes,3
STU-01832,Female,36+,No,9
STU-01833,Male,Under 21,No,7
STU-01834,Male,21-25,No,9
STU-01835,Female,Under 21,No,6
STU-01836,Female,Under 21,Yes,2
STU-01837,Female,21-25,No,5
STU-01838,Female,21-25,No,4
STU-01839,Male,36+,No,10
STU-01840,Female,21-25,No,4
STU-01841,Female,21-25,No,2
STU-01842,Male,21-25,No,8
STU-01843,Female,Under 21,No,5
STU-01844,Female,26-35,No,3
STU-01845,Female,Under 21,No,7
STU-01846,Male,Under 21,No,1
STU-01847,Female,21-25,No,8
STU-01848,Male,21-25,No,2
STU-01849,Female,21-25,No,4
STU-01850,Female,21-25,No,6
STU-01851,Female,21-25,No,10
STU-01852,Male,21-25,No,6
STU-01853,Female,Under 21,No,1
STU-01854,Female,26-35,No,5
STU-01855,Male,21-25,No,6
STU-01856,Female,Under 21,No,7
STU-01857,Male,Under 21,No,5
STU-01858,Female,26-35,No,3
STU-01859,Female,36+,No,6
STU-01860,Male,26-35,No,6
STU-01861,Male,21-25,No,6
STU-01862,Male,Under 21,Yes,4
STU-01863,Female,Under 21,No,4
STU-01864,Male,21-25,No,5
STU-01865,Female,21-25,Yes,10
STU-01866,Male,26-35,No,10
STU-01867,Female,21-25,No,5
STU-01868,Non-binary,21-25,No,5
STU-01869,Female,21-25,No,10
STU-01870,Female,21-25,No,3
STU-01871,Female,21-25,No,9
STU-01872,Female,26-35,No,2
STU-01873,Male,21-25,No,5
STU-01874,Female,36+,No,8
STU-01875,Male,Under 21,No,10
STU-01876,Non-binary,21-25,No,9
STU-01877,Female,21-25,Yes,10
STU-01878,Male,Under 21,No,5
STU-01879,Male,36+,No,5
STU-01880,Female,21-25,No,7
STU-01881,Male,21-25,No,9
STU-01882,Male,Under 21,No,10
STU-01883,Female,26-35,No,2
STU-01884,Male,21-25,No,3
STU-01885,Female,21-25,No,9
STU-01886,Male,Under 21,Yes,3
STU-01887,Male,26-35,No,9
STU-01888,Female,21-25,No,3
STU-01889,Male,21-25,No,4
STU-01890,Male,21-25,No,10
STU-01891,Male,36+,No,5
STU-01892,Male,Under 21,No,3
STU-01893,Female,26-35,No,5
STU-01894,Male,21-25,Yes,9
STU-01895,Male,26-35,No,7
STU-01896,Male,21-25,Yes,7
STU-01897,Male,Under 21,No,4
STU-01898,Female,21-25,No,1
STU-01899,Male,21-25,No,2
STU-01900,Female,21-25,No,9
STU-01901,Male,26-35,No,7
STU-01902,Female,26-35,No,4
STU-01903,Female,26-35,Yes,9
STU-01904,Female,21-25,No,5
STU-01905,Female,21-25,No,5
STU-01906,Female,21-25,No,6
STU-01907,Male,21-25,No,10
STU-01908,Male,Under 21,No,6
STU-01909,Female,21-25,No,2
STU-01910,Female,21-25,Yes,9
STU-01911,Female,21-25,No,3
STU-01912,Male,36+,No,7
STU-01913,Male,21-25,No,5
STU-01914,Female,21-25,No,9
STU-01915,Female,Under 21,No,2
STU-01916,Male,26-35,Yes,4
STU-01917,Male,21-25,No,9
STU-01918,Non-binary,36+,No,10
STU-01919,Female,Under 21,Yes,1
STU-01920,Female,21-25,No,10
STU-01921,Female,21-25,No,4
STU-01922,Male,Under 21,No,3
STU-01923,Female,Under 21,No,3
STU-01924,Male,21-25,No,7
STU-01925,Female,36+,No,8
STU-01926,Female,21-25,Yes,1
STU-01927,Female,21-25,Yes,7
STU-01928,Non-binary,21-25,No,5
STU-01929,Male,36+,No,1
STU-01930,Male,Under 21,No,6
STU-01931,Female,Under 21,No,10
STU-01932,Female,21-25,No,6
STU-01933,Female,21-25,No,6
STU-01934,Female,Under 21,No,3
STU-01935,Male,Under 21,No,7
STU-01936,Male,21-25,No,4
STU-01937,Female,26-35,No,9
STU-01938,Non-binary,21-25,No,2
STU-01939,Female,21-25,No,6
STU-01940,Male,Under 21,No,10
STU-01941,Male,26-35,No,6
STU-01942,Male,Under 21,No,10
STU-01943,Male,21-25,No,1
STU-01944,Male,Under 21,No,9
STU-01945,Male,21-25,No,4
STU-01946,Male,36+,No,4
STU-01947,Female,21-25,No,10
STU-01948,Female,Under 21,No,8
STU-01949,Female,26-35,Yes,4
STU-01950,Male,21-25,No,9
STU-01951,Male,21-25,No,3
STU-01952,Male,21-25,No,1
STU-01953,Male,Under 21,No,3
STU-01954,Male,26-35,No,6
STU-01955,Male,26-35,No,5
STU-01956,Female,Under 21,No,6
STU-01957,Male,Under 21,No,4
STU-01958,Male,21-25,No,1
STU-01959,Female,36+,No,4
STU-01960,Male,21-25,No,4
STU-01961,Female,21-25,No,6
STU-01962,Male,Under 21,No,9
STU-01963,Male,26-35,No,10
STU-01964,Male,21-25,No,10
STU-01965,Female,21-25,No,10
STU-01966,Male,21-25,No,3
STU-01967,Male,21-25,Yes,4
STU-01968,Female,Under 21,No,10
STU-01969,Female,26-35,No,10
STU-01970,Female,21-25,No,10
STU-01971,Female,21-25,No,4
STU-01972,Female,36+,No,5
STU-01973,Male,21-25,No,5
STU-01974,Female,36+,No,1
STU-01975,Female,Under 21,Yes,2
STU-01976,Female,Under 21,No,6
STU-01977,Female,Under 21,No,1
STU-01978,Male,26-35,No,5
STU-01979,Male,21-25,No,2
STU-01980,Female,36+,No,7
STU-01981,Female,Under 21,No,4
STU-01982,Male,21-25,No,1
STU-01983,Male,Under 21,No,8
STU-01984,Male,26-35,No,4
STU-01985,Male,26-35,No,7
STU-01986,Male,26-35,No,1
STU-01987,Male,Under 21,Yes,6
STU-01988,Male,21-25,No,1
STU-01989,Male,26-35,No,3
STU-01990,Male,21-25,No,4
STU-01991,Male,Under 21,No,8
STU-01992,Male,26-35,Yes,6
STU-01993,Female,21-25,No,7
STU-01994,Non-binary,Under 21,No,9
STU-01995,Non-binary,21-25,No,6
STU-01996,Male,Under 21,No,1
STU-01997,Male,Under 21,No,1
STU-01998,Male,21-25,No,6
STU-01999,Female,26-35,No,2
STU-02000,Female,Under 21,No,10
STU-02001,Female,21-25,No,6
STU-02002,Female,21-25,No,10
STU-02003,Female,26-35,No,3
STU-02004,Male,21-25,No,4
STU-02005,Male,21-25,Yes,2
STU-02006,Female,21-25,No,7
STU-02007,Male,21-25,No,5
STU-02008,Female,21-25,No,1
STU-02009,Female,36+,No,9
STU-02010,Female,21-25,No,9
STU-02011,Female,Under 21,Yes,7
STU-02012,Female,21-25,No,10
STU-02013,Female,21-25,No,4
STU-02014,Female,21-25,No,5
STU-02015,Male,26-35,No,1
STU-02016,Male,26-35,No,2
STU-02017,Male,21-25,No,6
STU-02018,Female,36+,No,3
STU-02019,Female,Under 21,No,1
STU-02020,Female,21-25,No,1
STU-02021,Female,Under 21,Yes,8
STU-02022,Male,21-25,Yes,1
STU-02023,Female,21-25,No,1
STU-02024,Female,Under 21,No,5
STU-02025,Male,Under 21,No,7
STU-02026,Male,36+,Yes,6
STU-02027,Non-binary,26-35,No,3
STU-02028,Male,Under 21,No,3
STU-02029,Female,21-25,No,5
STU-02030,Male,Under 21,No,8
STU-02031,Female,21-25,No,9
STU-02032,Male,Under 21,No,5
STU-02033,Female,21-25,No,3
STU-02034,Female,Under 21,No,3
STU-02035,Male,36+,No,10
STU-02036,Male,Under 21,No,4
STU-02037,Male,21-25,No,1
STU-02038,Non-binary,21-25,No,1
STU-02039,Male,26-35,No,1
STU-02040,Female,Under 21,No,10
STU-02041,Male,26-35,No,8
STU-02042,Male,Under 21,No,4
STU-02043,Female,26-35,No,8
STU-02044,Female,21-25,No,6
STU-02045,Male,Under 21,No,8
STU-02046,Female,Under 21,No,7
STU-02047,Male,21-25,No,8
STU-02048,Male,21-25,No,2
STU-02049,Male,26-35,No,8
STU-02050,Female,21-25,No,7
STU-02051,Male,36+,No,8
STU-02052,Male,Under 21,No,3
STU-02053,Female,21-25,No,7
STU-02054,Female,21-25,Yes,8
STU-02055,Female,Under 21,No,10
STU-02056,Female,21-25,No,2
STU-02057,Male,Under 21,Yes,2
STU-02058,Female,36+,Yes,5
STU-02059,Male,26-35,No,3
STU-02060,Female,Under 21,No,5
STU-02061,Prefer not to say,Under 21,No,4
STU-02062,Female,26-35,No,3
STU-02063,Female,21-25,No,7
STU-02064,Female,Under 21,Yes,1
STU-02065,Female,21-25,Yes,5
STU-02066,Female,36+,No,5
STU-02067,Male,21-25,No,9
STU-02068,Female,21-25,No,4
STU-02069,Female,26-35,No,5
STU-02070,Male,36+,No,7
STU-02071,Male,21-25,No,3
STU-02072,Male,21-25,No,9
STU-02073,Female,21-25,No,5
STU-02074,Male,26-35,No,3
STU-02075,Male,21-25,No,3
STU-02076,Female,21-25,No,4
STU-02077,Male,36+,No,6
STU-02078,Male,21-25,No,1
STU-02079,Female,26-35,No,2
STU-02080,Male,Under 21,No,7
STU-02081,Non-binary,26-35,No,7
STU-02082,Male,21-25,No,9
STU-02083,Male,21-25,No,5
STU-02084,Male,Under 21,No,1
STU-02085,Prefer not to say,21-25,No,10
STU-02086,Female,21-25,No,7
STU-02087,Female,26-35,No,9
STU-02088,Female,21-25,No,8
STU-02089,Male,21-25,No,6
STU-02090,Male,26-35,No,5
STU-02091,Female,21-25,No,6
STU-02092,Male,36+,Yes,7
STU-02093,Male,Under 21,No,1
STU-02094,Female,21-25,No,9
STU-02095,Female,21-25,No,1
STU-02096,Female,26-35,No,6
STU-02097,Male,21-25,No,6
STU-02098,Male,21-25,Yes,10
STU-02099,Male,Under 21,No,3
STU-02100,Female,21-25,No,3
STU-02101,Male,21-25,No,7
STU-02102,Male,26-35,No,4
STU-02103,Male,21-25,No,4
STU-02104,Male,Under 21,No,1
STU-02105,Female,Under 21,No,6
STU-02106,Male,26-35,No,3
STU-02107,Male,Under 21,No,8
STU-02108,Male,21-25,No,10
STU-02109,Male,21-25,No,1
STU-02110,Female,21-25,Yes,9
STU-02111,Male,26-35,No,7
STU-02112,Female,Under 21,No,6
STU-02113,Female,21-25,No,8
STU-02114,Male,21-25,No,4
STU-02115,Female,Under 21,No,8
STU-02116,Female,26-35,No,6
STU-02117,Female,21-25,No,4
STU-02118,Female,Under 21,No,7
STU-02119,Male,26-35,No,8
STU-02120,Male,Under 21,No,4
STU-02121,Male,36+,No,1
STU-02122,Male,Under 21,Yes,4
STU-02123,Female,21-25,No,6
STU-02124,Male,21-25,No,1
STU-02125,Male,21-25,Yes,3
STU-02126,Male,26-35,No,4
STU-02127,Female,Under 21,No,3
STU-02128,Female,Under 21,No,1
STU-02129,Female,21-25,No,3
STU-02130,Male,Under 21,No,1
STU-02131,Female,Under 21,No,4
STU-02132,Male,26-35,No,7
STU-02133,Male,21-25,No,8
STU-02134,Male,21-25,No,8
STU-02135,Male,21-25,No,4
STU-02136,Female,26-35,No,3
STU-02137,Female,21-25,No,2
STU-02138,Male,21-25,No,10
STU-02139,Female,26-35,Yes,7
STU-02140,Male,26-35,No,5
STU-02141,Female,26-35,No,10
STU-02142,Male,21-25,No,1
STU-02143,Female,Under 21,No,3
STU-02144,Male,21-25,No,8
STU-02145,Male,21-25,Yes,10
STU-02146,Male,21-25,No,9
STU-02147,Male,21-25,No,3
STU-02148,Male,21-25,No,7
STU-02149,Female,Under 21,No,2
STU-02150,Female,Under 21,No,7
STU-02151,Female,Under 21,No,4
STU-02152,Female,26-35,No,6
STU-02153,Male,Under 21,No,8
STU-02154,Female,21-25,No,5
STU-02155,Male,Under 21,No,7
STU-02156,Female,21-25,No,1
STU-02157,Non-binary,Under 21,No,9
STU-02158,Non-binary,21-25,No,5
STU-02159,Male,21-25,No,7
STU-02160,Male,21-25,No,9
STU-02161,Male,Under 21,No,7
STU-02162,Female,36+,No,2
STU-02163,Non-binary,21-25,No,2
STU-02164,Female,Under 21,No,1
STU-02165,Female,21-25,No,8
STU-02166,Prefer not to say,26-35,No,3
STU-02167,Female,21-25,No,2
STU-02168,Male,26-35,No,8
STU-02169,Male,Under 21,No,1
STU-02170,Prefer not to say,Under 21,No,10
STU-02171,Male,21-25,No,10
STU-02172,Male,21-25,No,3
STU-02173,Female,21-25,Yes,3
STU-02174,Male,21-25,Yes,2
STU-02175,Female,36+,No,1
STU-02176,Female,21-25,No,10
STU-02177,Female,Under 21,No,9
STU-02178,Male,26-35,No,9
STU-02179,Female,21-25,No,3
STU-02180,Female,21-25,No,6
STU-02181,Female,21-25,No,1
STU-02182,Female,Under 21,No,7
STU-02183,Female,26-35,No,10
STU-02184,Female,Under 21,No,6
STU-02185,Female,Under 21,No,2
STU-02186,Female,21-25,Yes,1
STU-02187,Male,Under 21,No,3
STU-02188,Female,21-25,No,7
STU-02189,Male,Under 21,No,2
STU-02190,Female,Under 21,No,7
STU-02191,Female,Under 21,No,2
STU-02192,Female,Under 21,No,10
STU-02193,Female,21-25,No,7
STU-02194,Female,Under 21,No,6
STU-02195,Male,Under 21,No,3
STU-02196,Female,36+,No,8
STU-02197,Male,36+,No,6
STU-02198,Male,Under 21,No,9
STU-02199,Female,Under 21,No,4
STU-02200,Non-binary,26-35,Yes,1
STU-02201,Female,21-25,No,3
STU-02202,Male,Under 21,Yes,3
STU-02203,Female,26-35,No,9
STU-02204,Male,26-35,No,4
STU-02205,Male,Under 21,No,1
STU-02206,Female,21-25,No,6
STU-02207,Female,21-25,No,9
STU-02208,Male,Under 21,No,5
STU-02209,Male,21-25,No,9
STU-02210,Female,Under 21,No,8
STU-02211,Male,Under 21,No,5
STU-02212,Male,Under 21,No,4
STU-02213,Male,21-25,No,5
STU-02214,Female,26-35,No,8
STU-02215,Female,Under 21,No,5
STU-02216,Female,Under 21,Yes,9
STU-02217,Male,21-25,No,8
STU-02218,Prefer not to say,21-25,Yes,10
STU-02219,Male,21-25,No,1
STU-02220,Female,21-25,No,3
STU-02221,Male,21-25,No,7
STU-02222,Female,26-35,Yes,8
STU-02223,Male,26-35,No,6
STU-02224,Female,21-25,No,7
STU-02225,Male,Under 21,No,8
STU-02226,Male,Under 21,No,10
STU-02227,Male,21-25,No,10
STU-02228,Female,21-25,Yes,7
STU-02229,Female,Under 21,No,1
STU-02230,Female,21-25,No,6
STU-02231,Male,21-25,No,1
STU-02232,Non-binary,21-25,No,5
STU-02233,Non-binary,21-25,No,6
STU-02234,Female,21-25,No,9
STU-02235,Male,21-25,No,7
STU-02236,Female,36+,No,3
STU-02237,Non-binary,21-25,No,9
STU-02238,Female,36+,No,8
STU-02239,Male,21-25,No,5
STU-02240,Male,21-25,No,8
STU-02241,Male,21-25,No,9
STU-02242,Male,Under 21,Yes,9
STU-02243,Female,36+,No,8
STU-02244,Male,21-25,No,2
STU-02245,Male,21-25,Yes,5
STU-02246,Male,Under 21,No,5
STU-02247,Female,Under 21,No,6
STU-02248,Female,36+,No,8
STU-02249,Female,21-25,No,5
STU-02250,Male,26-35,Yes,4
STU-02251,Male,Under 21,No,5
STU-02252,Male,Under 21,Yes,4
STU-02253,Female,26-35,No,2
STU-02254,Female,21-25,No,5
STU-02255,Female,36+,No,6
STU-02256,Female,26-35,No,8
STU-02257,Male,21-25,No,7
STU-02258,Male,21-25,No,5
STU-02259,Female,26-35,No,8
STU-02260,Female,36+,No,1
STU-02261,Male,21-25,No,8
STU-02262,Male,26-35,No,5
STU-02263,Female,Under 21,No,8
STU-02264,Male,21-25,No,6
STU-02265,Female,21-25,No,2
STU-02266,Female,Under 21,No,5
STU-02267,Male,21-25,No,1
STU-02268,Male,21-25,Yes,8
STU-02269,Male,21-25,No,3
STU-02270,Female,21-25,No,1
STU-02271,Female,21-25,No,1
STU-02272,Female,21-25,No,5
STU-02273,Male,21-25,Yes,5
STU-02274,Female,Under 21,No,6
STU-02275,Male,21-25,No,10
STU-02276,Female,36+,No,8
STU-02277,Male,26-35,No,9
STU-02278,Female,Under 21,No,5
STU-02279,Male,21-25,No,10
STU-02280,Female,21-25,No,10
STU-02281,Female,26-35,No,7
STU-02282,Female,26-35,Yes,7
STU-02283,Male,Under 21,No,4
STU-02284,Male,Under 21,No,5
STU-02285,Male,26-35,No,1
STU-02286,Female,21-25,No,4
STU-02287,Prefer not to say,26-35,Yes,3
STU-02288,Female,Under 21,No,6
STU-02289,Male,21-25,No,2
STU-02290,Female,26-35,No,8
STU-02291,Female,21-25,No,5
STU-02292,Male,26-35,No,10
STU-02293,Female,Under 21,No,8
STU-02294,Male,26-35,No,2
STU-02295,Male,Under 21,No,1
STU-02296,Male,21-25,No,4
STU-02297,Male,Under 21,Yes,2
STU-02298,Male,36+,No,6
STU-02299,Male,21-25,No,5
STU-02300,Male,36+,No,6
STU-02301,Male,26-35,No,2
STU-02302,Female,21-25,Yes,4
STU-02303,Male,26-35,No,4
STU-02304,Female,Under 21,No,3
STU-02305,Female,36+,No,8
STU-02306,Male,Under 21,No,6
STU-02307,Male,21-25,No,8
STU-02308,Male,26-35,No,9
STU-02309,Female,21-25,No,4
STU-02310,Male,26-35,No,8
STU-02311,Female,21-25,Yes,1
STU-02312,Male,21-25,No,5
STU-02313,Male,26-35,No,4
STU-02314,Male,21-25,No,4
STU-02315,Male,21-25,No,2
STU-02316,Female,Under 21,No,4
STU-02317,Female,Under 21,No,4
STU-02318,Male,36+,No,6
STU-02319,Female,21-25,No,1
STU-02320,Female,21-25,No,3
STU-02321,Male,Under 21,No,6
STU-02322,Male,Under 21,No,3
STU-02323,Female,21-25,No,7
STU-02324,Male,Under 21,No,2
STU-02325,Female,21-25,No,7
STU-02326,Male,21-25,No,6
STU-02327,Female,21-25,No,1
STU-02328,Male,21-25,Yes,7
STU-02329,Female,21-25,No,9
STU-02330,Male,21-25,No,8
STU-02331,Male,Under 21,Yes,1
STU-02332,Male,Under 21,No,2
STU-02333,Male,26-35,No,5
STU-02334,Female,26-35,Yes,1
STU-02335,Non-binary,Under 21,No,6
STU-02336,Male,36+,No,7
STU-02337,Male,26-35,No,2
STU-02338,Non-binary,26-35,No,9
STU-02339,Female,Under 21,No,10
STU-02340,Non-binary,Under 21,No,6
STU-02341,Male,21-25,No,8
STU-02342,Male,Under 21,No,5
STU-02343,Female,21-25,No,2
STU-02344,Female,21-25,No,2
STU-02345,Female,21-25,Yes,5
STU-02346,Female,21-25,No,2
STU-02347,Female,21-25,No,8
STU-02348,Male,Under 21,No,8
STU-02349,Male,Under 21,No,7
STU-02350,Female,21-25,No,3
STU-02351,Male,Under 21,No,3
STU-02352,Male,36+,No,8
STU-02353,Female,21-25,No,5
STU-02354,Female,26-35,No,4
STU-02355,Female,26-35,No,2
STU-02356,Female,21-25,No,10
STU-02357,Female,26-35,No,1
STU-02358,Male,Under 21,No,6
STU-02359,Male,21-25,No,2
STU-02360,Male,21-25,Yes,3
STU-02361,Male,26-35,No,10
STU-02362,Non-binary,26-35,No,1
STU-02363,Male,21-25,No,7
STU-02364,Female,21-25,No,7
STU-02365,Non-binary,21-25,No,3
STU-02366,Female,Under 21,No,5
STU-02367,Female,21-25,No,5
STU-02368,Male,Under 21,No,7
STU-02369,Male,21-25,No,1
STU-02370,Male,36+,Yes,6
STU-02371,Male,21-25,No,3
STU-02372,Male,21-25,No,5
STU-02373,Female,21-25,No,7
STU-02374,Non-binary,21-25,No,4
STU-02375,Female,21-25,No,4
STU-02376,Male,Under 21,No,1
STU-02377,Female,Under 21,No,6
STU-02378,Female,26-35,No,1
STU-02379,Female,Under 21,Yes,2
STU-02380,Female,Under 21,No,4
STU-02381,Male,Under 21,No,7
STU-02382,Female,26-35,No,10
STU-02383,Male,21-25,No,1
STU-02384,Male,Under 21,No,6
STU-02385,Female,21-25,No,4
STU-02386,Female,21-25,No,8
STU-02387,Male,21-25,No,5
STU-02388,Non-binary,21-25,No,6
STU-02389,Male,36+,No,1
STU-02390,Female,Under 21,No,3
STU-02391,Male,Under 21,No,8
STU-02392,Female,Under 21,No,6
STU-02393,Male,36+,No,5
STU-02394,Female,Under 21,No,1
STU-02395,Male,Under 21,Yes,4
STU-02396,Male,26-35,No,1
STU-02397,Female,36+,No,4
STU-02398,Non-binary,26-35,No,6
STU-02399,Male,21-25,Yes,5
STU-02400,Male,Under 21,No,3
STU-02401,Non-binary,Under 21,No,8
STU-02402,Female,21-25,Yes,10
STU-02403,Male,21-25,No,10
STU-02404,Non-binary,21-25,No,2
STU-02405,Male,26-35,No,6
STU-02406,Female,21-25,No,5
STU-02407,Male,21-25,No,6
STU-02408,Male,21-25,No,9
STU-02409,Male,21-25,No,1
STU-02410,Male,26-35,No,4
STU-02411,Female,21-25,No,2
STU-02412,Male,21-25,No,2
STU-02413,Female,Under 21,No,6
STU-02414,Female,26-35,No,9
STU-02415,Female,21-25,No,2
STU-02416,Male,21-25,No,1
STU-02417,Female,21-25,No,7
STU-02418,Female,21-25,No,10
STU-02419,Male,21-25,No,1
STU-02420,Female,Under 21,No,4
STU-02421,Male,21-25,No,5
STU-02422,Male,21-25,No,1
STU-02423,Non-binary,Under 21,No,2
STU-02424,Male,21-25,No,5
STU-02425,Female,26-35,No,5
STU-02426,Female,21-25,No,4
STU-02427,Female,21-25,Yes,5
STU-02428,Male,Under 21,No,2
STU-02429,Male,21-25,No,5
STU-02430,Female,Under 21,No,2
STU-02431,Male,21-25,No,9
STU-02432,Male,26-35,No,6
STU-02433,Female,21-25,No,5
STU-02434,Male,Under 21,No,7
STU-02435,Female,26-35,Yes,2
STU-02436,Male,Under 21,No,10
STU-02437,Male,21-25,No,5
STU-02438,Male,Under 21,No,9
STU-02439,Female,21-25,No,8
STU-02440,Female,Under 21,Yes,8
STU-02441,Male,21-25,No,6
STU-02442,Female,21-25,No,2
STU-02443,Female,21-25,No,7
STU-02444,Female,26-35,No,1
STU-02445,Male,26-35,Yes,6
STU-02446,Non-binary,26-35,No,6
STU-02447,Male,21-25,No,7
STU-02448,Male,Under 21,Yes,6
STU-02449,Female,21-25,No,2
STU-02450,Female,21-25,No,8
STU-02451,Female,Under 21,No,4
STU-02452,Female,Under 21,Yes,8
STU-02453,Female,21-25,No,2
STU-02454,Female,26-35,No,7
STU-02455,Male,21-25,No,8
STU-02456,Female,21-25,No,2
STU-02457,Female,21-25,No,1
STU-02458,Male,36+,No,2
STU-02459,Male,36+,No,1
STU-02460,Female,36+,No,6
STU-02461,Male,36+,No,7
STU-02462,Male,21-25,No,2
STU-02463,Female,21-25,No,9
STU-02464,Male,Under 21,No,8
STU-02465,Female,26-35,No,2
STU-02466,Female,21-25,No,10
STU-02467,Female,21-25,No,3
STU-02468,Male,21-25,No,1
STU-02469,Male,Under 21,No,8
STU-02470,Male,21-25,No,1
STU-02471,Male,21-25,No,2
STU-02472,Female,26-35,Yes,10
STU-02473,Female,26-35,No,5
STU-02474,Male,Under 21,No,9
STU-02475,Male,26-35,No,4
STU-02476,Male,26-35,No,2
STU-02477,Female,21-25,No,1
STU-02478,Male,Under 21,No,2
STU-02479,Male,36+,No,1
STU-02480,Male,21-25,No,2
STU-02481,Non-binary,Under 21,No,6
STU-02482,Female,26-35,No,2
STU-02483,Male,21-25,No,6
STU-02484,Male,26-35,No,4
STU-02485,Male,Under 21,No,7
STU-02486,Female,21-25,Yes,10
STU-02487,Female,26-35,No,6
STU-02488,Female,21-25,No,4
STU-02489,Female,21-25,No,4
STU-02490,Male,Under 21,No,2
STU-02491,Female,21-25,No,7
STU-02492,Male,21-25,No,3
STU-02493,Female,21-25,No,6
STU-02494,Female,21-25,Yes,7
STU-02495,Male,21-25,Yes,10
STU-02496,Male,Under 21,No,6
STU-02497,Male,26-35,No,5
STU-02498,Female,26-35,No,8
STU-02499,Male,36+,No,2
STU-02500,Male,21-25,No,5
STU-02501,Prefer not to say,21-25,No,1
STU-02502,Female,Under 21,No,3
STU-02503,Female,21-25,No,6
STU-02504,Male,Under 21,No,7
STU-02505,Male,Under 21,Yes,2
STU-02506,Female,Under 21,No,7
STU-02507,Female,21-25,No,10
STU-02508,Female,Under 21,No,9
STU-02509,Male,21-25,Yes,5
STU-02510,Female,26-35,No,2
STU-02511,Male,Under 21,No,1
STU-02512,Female,Under 21,Yes,6
STU-02513,Female,21-25,No,8
STU-02514,Male,Under 21,No,5
STU-02515,Female,21-25,No,3
STU-02516,Male,21-25,No,8
STU-02517,Female,36+,No,4
STU-02518,Male,21-25,No,7
STU-02519,Male,36+,No,6
STU-02520,Male,Under 21,No,6
STU-02521,Male,Under 21,No,5
STU-02522,Male,21-25,No,6
STU-02523,Female,26-35,No,3
STU-02524,Female,21-25,No,7
STU-02525,Male,Under 21,Yes,5
STU-02526,Female,26-35,No,6
STU-02527,Female,26-35,No,8
STU-02528,Female,21-25,No,2
STU-02529,Male,26-35,No,9
STU-02530,Male,26-35,Yes,4
STU-02531,Female,21-25,No,6
STU-02532,Male,Under 21,No,5
STU-02533,Male,26-35,No,3
STU-02534,Female,26-35,No,1
STU-02535,Male,21-25,No,10
STU-02536,Male,Under 21,Yes,6
STU-02537,Male,21-25,No,4
STU-02538,Male,21-25,No,2
STU-02539,Female,21-25,No,3
STU-02540,Female,36+,Yes,2
STU-02541,Male,26-35,Yes,4
STU-02542,Non-binary,36+,No,10
STU-02543,Male,Under 21,No,7
STU-02544,Male,Under 21,No,4
STU-02545,Male,Under 21,No,6
STU-02546,Male,26-35,No,9
STU-02547,Non-binary,21-25,Yes,10
STU-02548,Female,21-25,Yes,9
STU-02549,Male,21-25,No,7
STU-02550,Male,21-25,No,8
STU-02551,Female,Under 21,No,9
STU-02552,Female,21-25,No,5
STU-02553,Female,26-35,No,4
STU-02554,Female,21-25,No,9
STU-02555,Female,Under 21,No,3
STU-02556,Female,21-25,No,9
STU-02557,Female,Under 21,No,1
STU-02558,Female,Under 21,Yes,2
STU-02559,Non-binary,21-25,No,4
STU-02560,Female,21-25,No,3
STU-02561,Male,Under 21,Yes,6
STU-02562,Female,21-25,No,5
STU-02563,Female,26-35,Yes,8
STU-02564,Male,26-35,No,9
STU-02565,Male,Under 21,No,1
STU-02566,Female,21-25,No,3
STU-02567,Female,26-35,No,7
STU-02568,Male,21-25,No,5
STU-02569,Female,26-35,Yes,10
STU-02570,Non-binary,Under 21,No,4
STU-02571,Male,21-25,No,6
STU-02572,Female,21-25,No,7
STU-02573,Female,21-25,No,5
STU-02574,Male,21-25,No,6
STU-02575,Female,21-25,No,6
STU-02576,Male,Under 21,No,7
STU-02577,Female,21-25,No,3
STU-02578,Female,26-35,No,3
STU-02579,Female,21-25,No,4
STU-02580,Female,Under 21,No,6
STU-02581,Female,21-25,No,8
STU-02582,Female,21-25,Yes,3
STU-02583,Male,21-25,No,6
STU-02584,Female,21-25,No,5
STU-02585,Male,26-35,No,8
STU-02586,Female,Under 21,Yes,10
STU-02587,Female,21-25,No,7
STU-02588,Female,21-25,No,6
STU-02589,Male,Under 21,No,6
STU-02590,Male,Under 21,No,4
STU-02591,Male,26-35,No,5
STU-02592,Male,26-35,No,7
STU-02593,Female,21-25,No,8
STU-02594,Male,36+,No,5
STU-02595,Female,Under 21,No,10
STU-02596,Female,Under 21,No,8
STU-02597,Male,26-35,No,6
STU-02598,Male,Under 21,No,8
STU-02599,Male,21-25,No,4
STU-02600,Female,21-25,No,8
STU-02601,Male,21-25,No,7
STU-02602,Female,26-35,No,5
STU-02603,Female,21-25,No,7
STU-02604,Female,Under 21,No,3
STU-02605,Male,21-25,No,10
STU-02606,Female,36+,No,8
STU-02607,Male,Under 21,No,4
STU-02608,Female,21-25,No,1
STU-02609,Female,21-25,No,2
STU-02610,Female,Under 21,No,9
STU-02611,Female,26-35,No,4
STU-02612,Female,Under 21,No,9
STU-02613,Male,36+,No,5
STU-02614,Male,Under 21,No,4
STU-02615,Female,21-25,Yes,4
STU-02616,Female,Under 21,No,4
STU-02617,Male,26-35,Yes,4
STU-02618,Male,21-25,Yes,2
STU-02619,Male,Under 21,No,6
STU-02620,Female,21-25,No,9
STU-02621,Female,21-25,No,6
STU-02622,Male,21-25,No,1
STU-02623,Female,26-35,No,3
STU-02624,Female,26-35,No,5
STU-02625,Female,21-25,No,5
STU-02626,Male,Under 21,No,6
STU-02627,Male,21-25,No,7
STU-02628,Male,21-25,No,5
STU-02629,Male,21-25,No,6
STU-02630,Male,21-25,No,9
STU-02631,Male,21-25,No,9
STU-02632,Male,21-25,Yes,2
STU-02633,Female,Under 21,No,1
STU-02634,Female,Under 21,Yes,4
STU-02635,Female,Under 21,No,4
STU-02636,Male,Under 21,No,8
STU-02637,Female,Under 21,No,5
STU-02638,Male,36+,No,3
STU-02639,Male,21-25,No,5
STU-02640,Female,21-25,No,3
STU-02641,Female,21-25,No,5
STU-02642,Male,26-35,Yes,9
STU-02643,Male,21-25,Yes,7
STU-02644,Male,36+,No,2
STU-02645,Female,21-25,No,4
STU-02646,Female,21-25,Yes,1
STU-02647,Male,Under 21,No,10
STU-02648,Male,21-25,No,2
STU-02649,Male,Under 21,No,7
STU-02650,Male,21-25,No,6
STU-02651,Female,36+,No,6
STU-02652,Female,Under 21,No,1
STU-02653,Female,Under 21,No,2
STU-02654,Male,21-25,No,9
STU-02655,Male,Under 21,No,7
STU-02656,Female,21-25,No,4
STU-02657,Female,26-35,No,6
STU-02658,Male,21-25,No,6
STU-02659,Female,21-25,No,1
STU-02660,Non-binary,21-25,No,6
STU-02661,Female,21-25,No,5
STU-02662,Non-binary,36+,No,6
STU-02663,Female,Under 21,No,7
STU-02664,Male,26-35,No,9
STU-02665,Male,26-35,No,9
STU-02666,Female,21-25,No,9
STU-02667,Male,26-35,No,9
STU-02668,Female,Under 21,Yes,7
STU-02669,Female,21-25,No,3
STU-02670,Female,26-35,No,1
STU-02671,Female,26-35,No,2
STU-02672,Female,36+,No,1
STU-02673,Male,21-25,No,7
STU-02674,Non-binary,Under 21,No,8
STU-02675,Female,36+,No,10
STU-02676,Male,21-25,No,7
STU-02677,Male,36+,No,5
STU-02678,Female,21-25,Yes,10
STU-02679,Female,26-35,No,8
STU-02680,Male,Under 21,No,1
STU-02681,Female,21-25,No,5
STU-02682,Female,Under 21,No,8
STU-02683,Female,26-35,No,8
STU-02684,Male,21-25,No,5
STU-02685,Female,Under 21,No,8
STU-02686,Female,Under 21,No,2
STU-02687,Female,21-25,No,7
STU-02688,Female,36+,No,5
STU-02689,Male,Under 21,Yes,9
STU-02690,Male,21-25,No,1
STU-02691,Male,21-25,No,8
STU-02692,Female,21-25,No,2
STU-02693,Female,21-25,No,8
STU-02694,Female,21-25,No,7
STU-02695,Female,Under 21,No,6
STU-02696,Non-binary,Under 21,No,5
STU-02697,Female,26-35,No,4
STU-02698,Male,26-35,No,7
STU-02699,Female,Under 21,No,7
STU-02700,Male,36+,No,7
STU-02701,Female,Under 21,No,3
STU-02702,Male,21-25,No,10
STU-02703,Female,21-25,No,8
STU-02704,Female,21-25,No,1
STU-02705,Female,21-25,No,9
STU-02706,Female,Under 21,No,3
STU-02707,Male,26-35,No,9
STU-02708,Male,26-35,No,7
STU-02709,Male,Under 21,Yes,8
STU-02710,Male,21-25,No,8
STU-02711,Male,21-25,Yes,1
STU-02712,Male,Under 21,No,1
STU-02713,Male,Under 21,No,2
STU-02714,Male,Under 21,Yes,4
STU-02715,Male,Under 21,No,3
STU-02716,Female,21-25,No,6
STU-02717,Male,26-35,No,2
STU-02718,Male,21-25,No,6
STU-02719,Male,21-25,No,2
STU-02720,Male,26-35,No,10
STU-02721,Female,26-35,Yes,2
STU-02722,Male,21-25,No,10
STU-02723,Female,21-25,No,5
STU-02724,Male,Under 21,No,6
STU-02725,Female,Under 21,No,9
STU-02726,Male,21-25,No,2
STU-02727,Male,26-35,Yes,6
STU-02728,Female,26-35,No,5
STU-02729,Male,21-25,No,4
STU-02730,Female,Under 21,No,9
STU-02731,Male,26-35,No,9
STU-02732,Male,21-25,No,5
STU-02733,Male,21-25,No,8
STU-02734,Male,Under 21,Yes,4
STU-02735,Female,21-25,No,6
STU-02736,Female,Under 21,No,3
STU-02737,Male,21-25,No,7
STU-02738,Female,26-35,No,1
STU-02739,Male,Under 21,No,10
STU-02740,Male,21-25,No,5
STU-02741,Female,21-25,No,7
STU-02742,Female,21-25,No,7
STU-02743,Male,21-25,No,8
STU-02744,Male,Under 21,No,1
STU-02745,Female,21-25,Yes,5
STU-02746,Male,26-35,No,1
STU-02747,Female,21-25,No,8
STU-02748,Male,21-25,No,4
STU-02749,Female,21-25,No,3
STU-02750,Male,21-25,Yes,3
STU-02751,Male,Under 21,No,3
STU-02752,Female,Under 21,No,10
STU-02753,Female,21-25,No,5
STU-02754,Male,21-25,No,4
STU-02755,Male,36+,No,7
STU-02756,Male,26-35,No,6
STU-02757,Female,Under 21,No,10
STU-02758,Female,26-35,No,10
STU-02759,Male,36+,No,6
STU-02760,Male,26-35,No,7
STU-02761,Non-binary,21-25,No,2
STU-02762,Male,Under 21,No,8
STU-02763,Female,Under 21,No,6
STU-02764,Non-binary,21-25,No,5
STU-02765,Prefer not to say,Under 21,No,9
STU-02766,Female,Under 21,No,4
STU-02767,Male,Under 21,No,7
STU-02768,Female,21-25,No,9
STU-02769,Male,Under 21,No,8
STU-02770,Male,26-35,No,4
STU-02771,Female,26-35,No,6
STU-02772,Female,26-35,No,2
STU-02773,Female,21-25,No,6
STU-02774,Male,21-25,No,2
STU-02775,Male,Under 21,No,4
STU-02776,Female,Under 21,No,10
STU-02777,Male,21-25,No,9
STU-02778,Male,Under 21,No,8
STU-02779,Male,21-25,No,10
STU-02780,Male,Under 21,No,6
STU-02781,Female,21-25,Yes,7
STU-02782,Male,36+,No,7
STU-02783,Female,Under 21,No,2
STU-02784,Male,21-25,No,3
STU-02785,Female,21-25,No,10
STU-02786,Female,21-25,No,8
STU-02787,Male,21-25,No,1
STU-02788,Male,Under 21,No,9
STU-02789,Non-binary,21-25,No,6
STU-02790,Female,21-25,No,1
STU-02791,Female,21-25,No,6
STU-02792,Male,21-25,No,2
STU-02793,Male,21-25,No,4
STU-02794,Female,Under 21,No,10
STU-02795,Female,Under 21,No,7
STU-02796,Male,26-35,No,10
STU-02797,Male,26-35,No,1
STU-02798,Male,36+,Yes,8
STU-02799,Female,26-35,Yes,7
STU-02800,Female,26-35,No,1
STU-02801,Male,Under 21,Yes,9
STU-02802,Male,Under 21,No,8
STU-02803,Female,21-25,No,8
STU-02804,Male,36+,No,2
STU-02805,Female,26-35,No,5
STU-02806,Female,Under 21,No,7
STU-02807,Female,26-35,No,4
STU-02808,Female,Under 21,No,1
STU-02809,Female,26-35,No,5
STU-02810,Male,21-25,No,2
STU-02811,Female,21-25,No,1
STU-02812,Male,21-25,No,9
STU-02813,Female,26-35,No,7
STU-02814,Female,Under 21,No,6
STU-02815,Female,21-25,No,3
STU-02816,Male,21-25,No,3
STU-02817,Female,Under 21,No,1
STU-02818,Female,21-25,No,4
STU-02819,Male,21-25,No,10
STU-02820,Female,21-25,No,6
STU-02821,Female,21-25,No,5
STU-02822,Female,21-25,No,2
STU-02823,Female,21-25,Yes,8
STU-02824,Non-binary,21-25,No,2
STU-02825,Male,36+,No,1
STU-02826,Female,Under 21,No,7
STU-02827,Female,26-35,No,8
STU-02828,Male,26-35,No,9
STU-02829,Male,Under 21,No,3
STU-02830,Female,Under 21,No,4
STU-02831,Male,26-35,No,8
STU-02832,Female,Under 21,No,9
STU-02833,Female,Under 21,No,9
STU-02834,Female,26-35,No,4
STU-02835,Male,21-25,No,6
STU-02836,Female,21-25,No,9
STU-02837,Female,Under 21,No,3
STU-02838,Male,36+,No,4
STU-02839,Male,26-35,No,10
STU-02840,Male,Under 21,No,5
STU-02841,Female,36+,No,1
STU-02842,Male,21-25,No,2
STU-02843,Male,36+,No,8
STU-02844,Female,21-25,No,6
STU-02845,Female,21-25,Yes,10
STU-02846,Male,Under 21,No,10
STU-02847,Female,Under 21,No,5
STU-02848,Female,Under 21,Yes,4
STU-02849,Male,21-25,No,6
STU-02850,Male,21-25,No,7
STU-02851,Female,21-25,No,2
STU-02852,Female,21-25,No,10
STU-02853,Male,21-25,No,8
STU-02854,Female,21-25,No,7
STU-02855,Female,Under 21,No,10
STU-02856,Male,36+,No,6
STU-02857,Male,21-25,Yes,5
STU-02858,Male,Under 21,No,10
STU-02859,Male,Under 21,No,8
STU-02860,Non-binary,26-35,No,2
STU-02861,Male,Under 21,No,2
STU-02862,Female,21-25,No,1
STU-02863,Male,21-25,No,1
STU-02864,Male,21-25,No,6
STU-02865,Male,Under 21,No,2
STU-02866,Male,36+,No,3
STU-02867,Female,Under 21,No,6
STU-02868,Male,26-35,No,7
STU-02869,Male,21-25,No,6
STU-02870,Female,21-25,No,1
STU-02871,Female,36+,No,2
STU-02872,Female,Under 21,No,3
STU-02873,Male,26-35,Yes,6
STU-02874,Male,26-35,No,8
STU-02875,Female,Under 21,No,9
STU-02876,Male,26-35,No,10
STU-02877,Male,Under 21,No,4
STU-02878,Male,Under 21,No,4
STU-02879,Male,26-35,No,8
STU-02880,Female,21-25,No,2
STU-02881,Female,21-25,No,7
STU-02882,Male,21-25,No,6
STU-02883,Male,36+,No,6
STU-02884,Male,26-35,No,3
STU-02885,Female,Under 21,No,5
STU-02886,Male,Under 21,No,8
STU-02887,Male,Under 21,No,1
STU-02888,Female,21-25,No,1
STU-02889,Female,36+,No,1
STU-02890,Male,21-25,No,3
STU-02891,Male,21-25,No,1
STU-02892,Female,21-25,No,6
STU-02893,Male,21-25,No,2
STU-02894,Female,21-25,No,2
STU-02895,Female,21-25,No,4
STU-02896,Female,26-35,No,3
STU-02897,Female,21-25,No,4
STU-02898,Male,21-25,No,7
STU-02899,Male,26-35,No,9
STU-02900,Female,26-35,No,5
STU-02901,Male,26-35,No,7
STU-02902,Female,Under 21,No,4
STU-02903,Female,26-35,No,9
STU-02904,Male,21-25,No,1
STU-02905,Female,Under 21,No,8
STU-02906,Male,26-35,No,8
STU-02907,Male,Under 21,No,3
STU-02908,Male,21-25,No,8
STU-02909,Male,26-35,No,5
STU-02910,Female,36+,No,1
STU-02911,Male,36+,Yes,5
STU-02912,Female,21-25,No,2
STU-02913,Male,21-25,No,4
STU-02914,Male,Under 21,No,4
STU-02915,Female,21-25,No,10
STU-02916,Female,21-25,Yes,3
STU-02917,Male,26-35,No,2
STU-02918,Female,21-25,No,10
STU-02919,Male,Under 21,No,6
STU-02920,Male,Under 21,No,9
STU-02921,Male,21-25,No,2
STU-02922,Female,26-35,No,5
STU-02923,Non-binary,Under 21,No,5
STU-02924,Female,21-25,No,8
STU-02925,Female,21-25,No,10
STU-02926,Female,Under 21,No,4
STU-02927,Male,Under 21,Yes,8
STU-02928,Male,21-25,Yes,10
STU-02929,Female,36+,No,2
STU-02930,Male,26-35,No,3
STU-02931,Female,21-25,No,4
STU-02932,Female,21-25,No,9
STU-02933,Female,Under 21,No,7
STU-02934,Female,21-25,No,5
STU-02935,Male,21-25,No,8
STU-02936,Male,Under 21,No,4
STU-02937,Female,Under 21,No,5
STU-02938,Female,21-25,No,8
STU-02939,Male,26-35,No,5
STU-02940,Female,36+,No,1
STU-02941,Male,Under 21,No,8
STU-02942,Female,Under 21,No,10
STU-02943,Female,21-25,No,1
STU-02944,Male,26-35,No,5
STU-02945,Female,21-25,No,5
STU-02946,Male,Under 21,No,6
STU-02947,Male,Under 21,No,5
STU-02948,Female,21-25,Yes,4
STU-02949,Female,21-25,Yes,5
STU-02950,Male,Under 21,No,9
STU-02951,Male,21-25,No,6
STU-02952,Female,Under 21,No,3
STU-02953,Male,26-35,No,4
STU-02954,Female,Under 21,No,2
STU-02955,Non-binary,Under 21,No,3
STU-02956,Male,Under 21,No,9
STU-02957,Female,Under 21,Yes,4
STU-02958,Female,26-35,No,10
STU-02959,Male,26-35,No,1
STU-02960,Male,21-25,No,8
STU-02961,Male,36+,No,4
STU-02962,Female,Under 21,No,2
STU-02963,Male,26-35,No,6
STU-02964,Male,21-25,Yes,1
STU-02965,Female,Under 21,No,3
STU-02966,Male,26-35,No,9
STU-02967,Female,Under 21,No,4
STU-02968,Male,21-25,Yes,4
STU-02969,Male,21-25,No,1
STU-02970,Female,26-35,No,9
STU-02971,Male,Under 21,No,10
STU-02972,Non-binary,Under 21,Yes,6
STU-02973,Male,26-35,No,6
STU-02974,Male,21-25,No,5
STU-02975,Female,21-25,No,2
STU-02976,Female,21-25,No,6
STU-02977,Male,Under 21,No,10
STU-02978,Male,21-25,No,5
STU-02979,Male,Under 21,No,10
STU-02980,Non-binary,26-35,No,9
STU-02981,Male,26-35,No,5
STU-02982,Female,Under 21,No,3
STU-02983,Male,21-25,No,9
STU-02984,Male,Under 21,No,1
STU-02985,Prefer not to say,26-35,No,3
STU-02986,Female,21-25,No,1
STU-02987,Female,21-25,No,5
STU-02988,Female,21-25,No,9
STU-02989,Female,Under 21,No,6
STU-02990,Male,21-25,No,7
STU-02991,Male,36+,No,4
STU-02992,Prefer not to say,26-35,No,1
STU-02993,Male,21-25,No,2
STU-02994,Non-binary,26-35,Yes,9
STU-02995,Female,21-25,No,10
STU-02996,Female,Under 21,No,9
STU-02997,Male,Under 21,No,6
STU-02998,Female,26-35,No,5
STU-02999,Female,21-25,No,2
STU-03000,Female,21-25,No,4
STU-03001,Female,21-25,Yes,5
STU-03002,Male,Under 21,No,1
STU-03003,Male,Under 21,No,2
STU-03004,Male,21-25,Yes,10
STU-03005,Female,21-25,No,6
STU-03006,Male,26-35,No,4
STU-03007,Female,Under 21,No,3
STU-03008,Female,21-25,No,10
STU-03009,Female,26-35,No,6
STU-03010,Male,Under 21,No,8
STU-03011,Female,Under 21,No,5
STU-03012,Male,21-25,No,7
STU-03013,Female,21-25,No,3
STU-03014,Female,21-25,No,3
STU-03015,Male,Under 21,No,2
STU-03016,Female,21-25,Yes,7
STU-03017,Male,21-25,No,4
STU-03018,Female,36+,No,2
STU-03019,Female,21-25,No,2
STU-03020,Male,36+,No,3
STU-03021,Female,21-25,No,3
STU-03022,Male,21-25,No,9
STU-03023,Male,21-25,No,4
STU-03024,Female,21-25,Yes,1
STU-03025,Male,21-25,No,7
STU-03026,Female,21-25,No,6
STU-03027,Female,26-35,No,2
STU-03028,Female,26-35,No,3
STU-03029,Female,21-25,No,1
STU-03030,Female,Under 21,No,3
STU-03031,Male,21-25,No,5
STU-03032,Male,21-25,No,3
STU-03033,Female,36+,No,7
STU-03034,Non-binary,21-25,No,6
STU-03035,Male,36+,No,9
STU-03036,Female,21-25,No,4
STU-03037,Female,Under 21,Yes,8
STU-03038,Female,21-25,No,3
STU-03039,Female,21-25,No,5
STU-03040,Male,Under 21,No,4
STU-03041,Female,Under 21,Yes,6
STU-03042,Female,26-35,Yes,6
STU-03043,Male,21-25,No,5
STU-03044,Female,21-25,No,7
STU-03045,Female,21-25,No,5
STU-03046,Female,21-25,No,2
STU-03047,Male,21-25,No,5
STU-03048,Male,21-25,No,1
STU-03049,Female,Under 21,No,5
STU-03050,Male,21-25,No,9
STU-03051,Female,21-25,No,1
STU-03052,Female,Under 21,No,4
STU-03053,Male,26-35,No,8
STU-03054,Female,21-25,No,5
STU-03055,Female,21-25,No,7
STU-03056,Male,21-25,No,10
STU-03057,Non-binary,Under 21,No,7
STU-03058,Female,26-35,No,6
STU-03059,Prefer not to say,21-25,No,1
STU-03060,Female,26-35,No,10
STU-03061,Male,21-25,Yes,5
STU-03062,Male,21-25,Yes,9
STU-03063,Female,Under 21,No,5
STU-03064,Female,Under 21,No,5
STU-03065,Male,Under 21,No,10
STU-03066,Male,21-25,Yes,8
STU-03067,Female,21-25,Yes,7
STU-03068,Female,26-35,No,2
STU-03069,Female,36+,No,10
STU-03070,Female,21-25,No,5
STU-03071,Female,Under 21,No,8
STU-03072,Male,21-25,No,5
STU-03073,Male,36+,Yes,8
STU-03074,Non-binary,21-25,No,2
STU-03075,Male,21-25,No,8
STU-03076,Male,Under 21,Yes,6
STU-03077,Female,Under 21,Yes,8
STU-03078,Male,26-35,No,10
STU-03079,Female,21-25,No,6
STU-03080,Male,Under 21,Yes,2
STU-03081,Male,21-25,No,3
STU-03082,Prefer not to say,21-25,No,7
STU-03083,Female,Under 21,No,9
STU-03084,Male,21-25,No,7
STU-03085,Male,Under 21,No,10
STU-03086,Male,Under 21,No,7
STU-03087,Female,21-25,No,10
STU-03088,Female,Under 21,Yes,2
STU-03089,Female,21-25,No,5
STU-03090,Female,Under 21,Yes,1
STU-03091,Male,21-25,Yes,8
STU-03092,Prefer not to say,Under 21,No,6
STU-03093,Male,21-25,No,9
STU-03094,Female,26-35,No,3
STU-03095,Female,Under 21,No,3
STU-03096,Male,21-25,No,1
STU-03097,Female,21-25,No,8
STU-03098,Female,21-25,No,3
STU-03099,Female,Under 21,No,10
STU-03100,Male,36+,No,5
STU-03101,Male,21-25,No,9
STU-03102,Male,Under 21,No,5
STU-03103,Female,Under 21,No,9
STU-03104,Male,21-25,No,5
STU-03105,Female,Under 21,No,6
STU-03106,Female,21-25,No,3
STU-03107,Male,Under 21,No,1
STU-03108,Female,Under 21,No,6
STU-03109,Male,21-25,No,7
STU-03110,Male,21-25,Yes,4
STU-03111,Female,Under 21,No,9
STU-03112,Female,21-25,No,5
STU-03113,Female,Under 21,Yes,6
STU-03114,Female,Under 21,No,9
STU-03115,Female,36+,Yes,6
STU-03116,Female,21-25,No,5
STU-03117,Female,26-35,No,1
STU-03118,Male,Under 21,No,2
STU-03119,Female,21-25,No,9
STU-03120,Male,21-25,No,9
STU-03121,Female,21-25,Yes,10
STU-03122,Female,26-35,No,7
STU-03123,Male,Under 21,No,2
STU-03124,Female,21-25,No,1
STU-03125,Female,21-25,No,5
STU-03126,Female,21-25,No,8
STU-03127,Female,Under 21,No,1
STU-03128,Female,26-35,No,2
STU-03129,Female,21-25,No,1
STU-03130,Male,Under 21,No,9
STU-03131,Female,21-25,No,5
STU-03132,Female,Under 21,No,10
STU-03133,Female,Under 21,No,4
STU-03134,Male,Under 21,No,9
STU-03135,Male,21-25,No,8
STU-03136,Female,21-25,No,10
STU-03137,Female,21-25,No,4
STU-03138,Male,36+,No,8
STU-03139,Male,36+,No,6
STU-03140,Female,26-35,No,3
STU-03141,Female,Under 21,No,9
STU-03142,Male,26-35,No,2
STU-03143,Male,21-25,No,9
STU-03144,Male,Under 21,No,8
STU-03145,Male,21-25,No,3
STU-03146,Prefer not to say,26-35,No,2
STU-03147,Female,21-25,No,6
STU-03148,Female,21-25,No,4
STU-03149,Male,21-25,No,1
STU-03150,Non-binary,Under 21,Yes,5
STU-03151,Male,21-25,No,6
STU-03152,Male,Under 21,No,6
STU-03153,Male,Under 21,Yes,2
STU-03154,Male,Under 21,No,6
STU-03155,Male,36+,No,10
STU-03156,Male,Under 21,No,3
STU-03157,Male,21-25,No,9
STU-03158,Female,26-35,No,8
STU-03159,Female,21-25,No,10
STU-03160,Female,Under 21,No,10
STU-03161,Female,Under 21,No,4
STU-03162,Male,Under 21,No,10
STU-03163,Female,Under 21,No,3
STU-03164,Female,26-35,No,2
STU-03165,Male,21-25,Yes,6
STU-03166,Male,21-25,No,10
STU-03167,Female,21-25,No,2
STU-03168,Male,21-25,No,2
STU-03169,Female,26-35,No,7
STU-03170,Female,21-25,No,2
STU-03171,Male,21-25,No,6
STU-03172,Male,26-35,No,2
STU-03173,Male,21-25,No,6
STU-03174,Male,21-25,No,1
STU-03175,Female,21-25,No,5
STU-03176,Female,26-35,No,7
STU-03177,Male,21-25,No,8
STU-03178,Female,26-35,No,3
STU-03179,Male,26-35,No,5
STU-03180,Female,Under 21,No,4
STU-03181,Female,21-25,No,1
STU-03182,Female,36+,No,5
STU-03183,Female,21-25,No,7
STU-03184,Non-binary,21-25,Yes,6
STU-03185,Male,Under 21,Yes,8
STU-03186,Female,21-25,No,3
STU-03187,Female,Under 21,Yes,8
STU-03188,Female,26-35,No,1
STU-03189,Female,21-25,No,7
STU-03190,Female,21-25,Yes,3
STU-03191,Female,Under 21,No,3
STU-03192,Female,21-25,No,7
STU-03193,Male,21-25,No,4
STU-03194,Male,26-35,Yes,1
STU-03195,Male,21-25,No,9
STU-03196,Female,21-25,No,10
STU-03197,Male,36+,No,5
STU-03198,Female,26-35,No,10
STU-03199,Female,Under 21,Yes,9
STU-03200,Male,Under 21,No,4
STU-03201,Non-binary,21-25,No,4
STU-03202,Female,21-25,No,4
STU-03203,Female,21-25,Yes,8
STU-03204,Female,21-25,Yes,1
STU-03205,Female,21-25,No,4
STU-03206,Female,21-25,Yes,6
STU-03207,Male,26-35,No,3
STU-03208,Male,Under 21,No,10
STU-03209,Female,21-25,No,3
STU-03210,Male,Under 21,No,2
STU-03211,Female,21-25,No,3
STU-03212,Female,Under 21,No,1
STU-03213,Male,26-35,No,1
STU-03214,Female,26-35,No,2
STU-03215,Male,21-25,Yes,6
STU-03216,Male,21-25,No,5
STU-03217,Non-binary,Under 21,No,10
STU-03218,Female,Under 21,No,4
STU-03219,Male,Under 21,No,8
STU-03220,Female,26-35,No,1
STU-03221,Female,21-25,No,4
STU-03222,Male,26-35,No,9
STU-03223,Female,Under 21,No,7
STU-03224,Male,21-25,No,9
STU-03225,Male,21-25,No,1
STU-03226,Male,21-25,No,4
STU-03227,Female,26-35,No,6
STU-03228,Female,Under 21,No,10
STU-03229,Male,21-25,Yes,4
STU-03230,Male,26-35,No,2
STU-03231,Male,Under 21,No,9
STU-03232,Female,21-25,No,1
STU-03233,Male,26-35,No,3
STU-03234,Male,21-25,No,6
STU-03235,Female,Under 21,No,9
STU-03236,Female,36+,No,10
STU-03237,Non-binary,Under 21,No,6
STU-03238,Male,21-25,No,5
STU-03239,Female,21-25,No,5
STU-03240,Female,26-35,Yes,10
STU-03241,Male,21-25,No,9
STU-03242,Female,21-25,No,9
STU-03243,Female,Under 21,No,10
STU-03244,Male,21-25,No,7
STU-03245,Male,21-25,No,7
STU-03246,Female,Under 21,No,9
STU-03247,Male,Under 21,No,7
STU-03248,Male,26-35,No,9
STU-03249,Female,36+,No,4
STU-03250,Prefer not to say,36+,No,2
STU-03251,Female,26-35,No,6
STU-03252,Female,Under 21,Yes,7
STU-03253,Female,26-35,No,8
STU-03254,Male,21-25,No,7
STU-03255,Male,21-25,No,5
STU-03256,Female,Under 21,No,5
STU-03257,Female,Under 21,No,9
STU-03258,Male,Under 21,No,3
STU-03259,Female,Under 21,No,4
STU-03260,Female,21-25,No,4
STU-03261,Male,36+,No,6
STU-03262,Male,36+,No,2
STU-03263,Male,26-35,No,3
STU-03264,Male,21-25,No,9
STU-03265,Non-binary,21-25,No,3
STU-03266,Male,36+,No,8
STU-03267,Female,21-25,No,2
STU-03268,Female,Under 21,No,7
STU-03269,Male,21-25,Yes,7
STU-03270,Male,Under 21,No,3
STU-03271,Male,26-35,No,1
STU-03272,Male,26-35,No,2
STU-03273,Female,21-25,No,9
STU-03274,Female,Under 21,No,7
STU-03275,Female,21-25,No,2
STU-03276,Male,26-35,No,2
STU-03277,Male,21-25,No,8
STU-03278,Female,Under 21,No,6
STU-03279,Female,Under 21,No,2
STU-03280,Female,26-35,No,1
STU-03281,Female,21-25,No,7
STU-03282,Female,Under 21,No,7
STU-03283,Female,21-25,No,5
STU-03284,Male,21-25,No,3
STU-03285,Female,26-35,No,10
STU-03286,Female,21-25,No,8
STU-03287,Female,26-35,No,10
STU-03288,Male,21-25,No,5
STU-03289,Male,26-35,No,4
STU-03290,Female,21-25,No,3
STU-03291,Male,36+,No,8
STU-03292,Male,26-35,No,4
STU-03293,Male,Under 21,No,8
STU-03294,Female,36+,No,10
STU-03295,Female,21-25,No,10
STU-03296,Male,21-25,No,7
STU-03297,Male,21-25,No,3
STU-03298,Male,21-25,No,9
STU-03299,Male,21-25,No,3
STU-03300,Male,21-25,No,3
STU-03301,Female,21-25,No,9
STU-03302,Female,21-25,No,8
STU-03303,Female,26-35,No,3
STU-03304,Male,21-25,No,8
STU-03305,Male,26-35,No,9
STU-03306,Female,Under 21,No,1
STU-03307,Female,26-35,No,8
STU-03308,Female,Under 21,No,5
STU-03309,Male,26-35,No,5
STU-03310,Female,21-25,No,6
STU-03311,Male,Under 21,No,9
STU-03312,Female,21-25,No,3
STU-03313,Male,36+,Yes,1
STU-03314,Male,26-35,No,7
STU-03315,Male,Under 21,No,10
STU-03316,Male,26-35,No,4
STU-03317,Female,36+,No,8
STU-03318,Male,21-25,Yes,9
STU-03319,Male,26-35,No,5
STU-03320,Male,21-25,No,8
STU-03321,Male,Under 21,No,9
STU-03322,Male,Under 21,No,3
STU-03323,Male,21-25,No,9
STU-03324,Female,21-25,No,8
STU-03325,Female,36+,No,10
STU-03326,Female,Under 21,No,5
STU-03327,Male,36+,No,2
STU-03328,Male,21-25,No,3
STU-03329,Male,26-35,No,10
STU-03330,Male,Under 21,No,3
STU-03331,Female,21-25,No,7
STU-03332,Male,Under 21,No,3
STU-03333,Female,36+,No,1
STU-03334,Male,36+,Yes,10
STU-03335,Female,21-25,No,2
STU-03336,Female,21-25,No,9
STU-03337,Male,Under 21,No,9
STU-03338,Male,21-25,No,1
STU-03339,Female,21-25,No,7
STU-03340,Male,36+,No,1
STU-03341,Male,Under 21,No,6
STU-03342,Female,21-25,No,1
STU-03343,Male,Under 21,Yes,10
STU-03344,Male,36+,No,1
STU-03345,Female,36+,No,2
STU-03346,Female,21-25,No,9
STU-03347,Male,21-25,No,3
STU-03348,Female,21-25,No,1
STU-03349,Male,Under 21,No,3
STU-03350,Female,Under 21,Yes,8
STU-03351,Female,21-25,Yes,5
STU-03352,Male,21-25,No,3
STU-03353,Female,21-25,No,4
STU-03354,Male,26-35,No,1
STU-03355,Non-binary,Under 21,No,4
STU-03356,Prefer not to say,26-35,No,6
STU-03357,Female,26-35,No,4
STU-03358,Male,Under 21,No,10
STU-03359,Female,Under 21,No,4
STU-03360,Male,26-35,No,2
STU-03361,Male,26-35,No,6
STU-03362,Female,Under 21,No,7
STU-03363,Female,Under 21,No,6
STU-03364,Female,21-25,No,5
STU-03365,Female,36+,No,6
STU-03366,Female,Under 21,No,5
STU-03367,Female,36+,No,2
STU-03368,Female,Under 21,Yes,1
STU-03369,Non-binary,21-25,No,3
STU-03370,Male,Under 21,No,4
STU-03371,Male,Under 21,No,1
STU-03372,Female,Under 21,No,3
STU-03373,Female,36+,No,10
STU-03374,Female,36+,No,6
STU-03375,Female,Under 21,Yes,2
STU-03376,Female,26-35,No,6
STU-03377,Female,Under 21,No,9
STU-03378,Male,21-25,No,9
STU-03379,Male,21-25,No,2
STU-03380,Male,Under 21,No,4
STU-03381,Female,21-25,No,4
STU-03382,Female,21-25,No,9
STU-03383,Non-binary,36+,No,4
STU-03384,Female,Under 21,No,8
STU-03385,Female,36+,No,8
STU-03386,Male,21-25,No,1
STU-03387,Male,36+,No,2
STU-03388,Female,21-25,No,3
STU-03389,Female,21-25,No,5
STU-03390,Female,Under 21,No,5
STU-03391,Female,21-25,No,2
STU-03392,Male,Under 21,No,10
STU-03393,Male,26-35,No,1
STU-03394,Male,21-25,No,7
STU-03395,Female,26-35,No,10
STU-03396,Prefer not to say,21-25,No,10
STU-03397,Male,21-25,No,5
STU-03398,Female,21-25,No,9
STU-03399,Female,21-25,No,6
STU-03400,Female,21-25,No,4
STU-03401,Male,21-25,No,5
STU-03402,Male,21-25,No,1
STU-03403,Female,Under 21,No,4
STU-03404,Male,36+,No,8
STU-03405,Female,21-25,No,4
STU-03406,Male,21-25,No,5
STU-03407,Male,21-25,No,7
STU-03408,Male,36+,No,4
STU-03409,Female,21-25,No,2
STU-03410,Male,21-25,Yes,5
STU-03411,Female,21-25,No,4
STU-03412,Male,36+,No,9
STU-03413,Male,21-25,No,9
STU-03414,Female,21-25,No,7
STU-03415,Male,21-25,Yes,8
STU-03416,Male,Under 21,No,7
STU-03417,Non-binary,21-25,No,1
STU-03418,Female,36+,No,9
STU-03419,Male,21-25,No,1
STU-03420,Female,21-25,No,2
STU-03421,Male,21-25,No,5
STU-03422,Male,26-35,Yes,7
STU-03423,Female,36+,No,8
STU-03424,Female,26-35,No,2
STU-03425,Non-binary,Under 21,No,8
STU-03426,Male,21-25,No,5
STU-03427,Male,21-25,Yes,9
STU-03428,Male,21-25,No,4
STU-03429,Female,21-25,Yes,6
STU-03430,Female,26-35,No,5
STU-03431,Female,21-25,No,3
STU-03432,Male,Under 21,Yes,5
STU-03433,Female,26-35,No,10
STU-03434,Female,21-25,No,9
STU-03435,Female,Under 21,No,7
STU-03436,Female,21-25,Yes,7
STU-03437,Female,26-35,Yes,2
STU-03438,Male,21-25,No,9
STU-03439,Male,Under 21,No,10
STU-03440,Male,36+,Yes,9
STU-03441,Male,26-35,No,8
STU-03442,Male,Under 21,No,8
STU-03443,Female,21-25,No,1
STU-03444,Male,36+,No,1
STU-03445,Male,Under 21,No,1
STU-03446,Prefer not to say,26-35,No,5
STU-03447,Female,Under 21,Yes,5
STU-03448,Female,Under 21,No,10
STU-03449,Female,21-25,No,4
STU-03450,Female,Under 21,No,8
STU-03451,Male,21-25,No,8
STU-03452,Female,21-25,No,3
STU-03453,Male,Under 21,No,3
STU-03454,Male,21-25,No,1
STU-03455,Female,21-25,No,5
STU-03456,Female,26-35,No,5
STU-03457,Female,36+,No,4
STU-03458,Female,26-35,No,7
STU-03459,Female,Under 21,No,10
STU-03460,Female,26-35,No,2
STU-03461,Female,21-25,No,2
STU-03462,Male,26-35,No,4
STU-03463,Female,Under 21,No,3
STU-03464,Female,21-25,No,5
STU-03465,Male,21-25,No,1
STU-03466,Female,21-25,No,6
STU-03467,Female,26-35,No,7
STU-03468,Female,Under 21,No,9
STU-03469,Male,21-25,No,6
STU-03470,Male,21-25,No,10
STU-03471,Female,21-25,No,7
STU-03472,Female,Under 21,No,4
STU-03473,Male,21-25,Yes,2
STU-03474,Male,Under 21,No,2
STU-03475,Male,Under 21,No,5
STU-03476,Female,26-35,No,4
STU-03477,Female,21-25,No,3
STU-03478,Female,Under 21,No,4
STU-03479,Female,26-35,No,5
STU-03480,Female,Under 21,No,4
STU-03481,Female,21-25,No,1
STU-03482,Female,21-25,No,2
STU-03483,Male,36+,No,2
STU-03484,Male,21-25,Yes,3
STU-03485,Prefer not to say,21-25,No,9
STU-03486,Female,Under 21,No,10
STU-03487,Female,21-25,No,10
STU-03488,Female,36+,No,10
STU-03489,Female,Under 21,No,3
STU-03490,Female,21-25,Yes,7
STU-03491,Female,Under 21,No,5
STU-03492,Female,Under 21,No,4
STU-03493,Male,21-25,No,1
STU-03494,Female,21-25,No,8
STU-03495,Female,21-25,Yes,1
STU-03496,Male,21-25,No,9
STU-03497,Male,21-25,Yes,3
STU-03498,Male,Under 21,No,2
STU-03499,Female,Under 21,No,4
STU-03500,Female,Under 21,No,7
STU-03501,Female,21-25,No,8
STU-03502,Male,36+,No,10
STU-03503,Female,21-25,No,2
STU-03504,Male,26-35,No,4
STU-03505,Female,21-25,No,8
STU-03506,Female,21-25,No,1
STU-03507,Male,26-35,No,5
STU-03508,Male,Under 21,No,9
STU-03509,Male,Under 21,No,10
STU-03510,Male,Under 21,No,7
STU-03511,Male,21-25,No,7
STU-03512,Female,Under 21,No,9
STU-03513,Non-binary,Under 21,No,10
STU-03514,Male,26-35,No,1
STU-03515,Male,Under 21,No,10
STU-03516,Male,21-25,No,5
STU-03517,Female,26-35,No,1
STU-03518,Female,21-25,No,2
STU-03519,Male,36+,No,8
STU-03520,Female,26-35,No,6
STU-03521,Male,26-35,Yes,2
STU-03522,Male,26-35,No,3
STU-03523,Male,21-25,No,2
STU-03524,Male,Under 21,No,10
STU-03525,Male,Under 21,Yes,2
STU-03526,Female,26-35,No,4
STU-03527,Female,21-25,No,9
STU-03528,Male,Under 21,No,9
STU-03529,Female,26-35,No,5
STU-03530,Male,21-25,Yes,9
STU-03531,Female,Under 21,No,5
STU-03532,Male,26-35,No,2
STU-03533,Female,Under 21,No,6
STU-03534,Male,21-25,No,9
STU-03535,Female,21-25,No,8
STU-03536,Male,21-25,No,9
STU-03537,Female,26-35,No,9
STU-03538,Female,Under 21,No,1
STU-03539,Female,21-25,No,4
STU-03540,Female,Under 21,No,6
STU-03541,Male,Under 21,No,4
STU-03542,Female,26-35,No,8
STU-03543,Female,21-25,No,1
STU-03544,Female,21-25,No,5
STU-03545,Female,21-25,Yes,6
STU-03546,Female,26-35,Yes,3
STU-03547,Female,21-25,No,8
STU-03548,Male,Under 21,No,2
STU-03549,Male,21-25,No,5
STU-03550,Female,21-25,No,6
STU-03551,Female,21-25,No,3
STU-03552,Female,36+,No,1
STU-03553,Male,Under 21,No,10
STU-03554,Female,21-25,Yes,4
STU-03555,Female,21-25,Yes,3
STU-03556,Female,Under 21,Yes,6
STU-03557,Male,Under 21,No,4
STU-03558,Female,26-35,No,5
STU-03559,Female,Under 21,No,6
STU-03560,Male,21-25,No,9
STU-03561,Female,21-25,Yes,7
STU-03562,Male,26-35,No,9
STU-03563,Male,21-25,No,6
STU-03564,Female,26-35,No,7
STU-03565,Female,Under 21,Yes,4
STU-03566,Male,Under 21,Yes,4
STU-03567,Male,26-35,No,7
STU-03568,Female,26-35,No,3
STU-03569,Male,21-25,No,4
STU-03570,Female,26-35,No,3
STU-03571,Female,Under 21,No,4
STU-03572,Female,21-25,No,7
STU-03573,Female,Under 21,No,4
STU-03574,Male,Under 21,No,9
STU-03575,Female,21-25,No,10
STU-03576,Male,21-25,No,6
STU-03577,Female,36+,No,8
STU-03578,Male,21-25,No,7
STU-03579,Male,21-25,No,2
STU-03580,Female,26-35,No,7
STU-03581,Male,Under 21,No,5
STU-03582,Male,26-35,No,1
STU-03583,Female,21-25,No,9
STU-03584,Female,26-35,No,1
STU-03585,Female,26-35,No,9
STU-03586,Female,21-25,No,7
STU-03587,Male,26-35,No,9
STU-03588,Female,21-25,No,7
STU-03589,Female,Under 21,No,2
STU-03590,Male,Under 21,No,10
STU-03591,Male,21-25,No,3
STU-03592,Male,21-25,Yes,2
STU-03593,Female,26-35,Yes,3
STU-03594,Female,26-35,No,10
STU-03595,Female,21-25,No,7
STU-03596,Male,Under 21,No,6
STU-03597,Female,21-25,No,6
STU-03598,Male,21-25,No,6
STU-03599,Female,21-25,No,5
STU-03600,Female,Under 21,No,7
STU-03601,Male,21-25,No,5
STU-03602,Male,26-35,No,9
STU-03603,Female,21-25,No,3
STU-03604,Female,21-25,No,1
STU-03605,Female,Under 21,No,10
STU-03606,Female,21-25,No,8
STU-03607,Male,21-25,No,10
STU-03608,Male,Under 21,No,8
STU-03609,Non-binary,26-35,No,4
STU-03610,Male,Under 21,Yes,5
STU-03611,Male,21-25,No,2
STU-03612,Male,21-25,No,8
STU-03613,Female,21-25,No,9
STU-03614,Male,Under 21,No,2
STU-03615,Female,21-25,No,5
STU-03616,Male,21-25,No,1
STU-03617,Male,36+,No,10
STU-03618,Male,21-25,No,9
STU-03619,Female,Under 21,No,4
STU-03620,Male,26-35,No,10
STU-03621,Female,21-25,No,6
STU-03622,Male,36+,No,10
STU-03623,Female,21-25,No,5
STU-03624,Male,36+,No,4
STU-03625,Female,21-25,No,4
STU-03626,Male,21-25,No,7
STU-03627,Female,21-25,No,8
STU-03628,Male,Under 21,No,3
STU-03629,Male,26-35,No,5
STU-03630,Male,26-35,No,2
STU-03631,Male,Under 21,No,9
STU-03632,Male,21-25,No,7
STU-03633,Female,21-25,No,2
STU-03634,Female,Under 21,No,3
STU-03635,Male,21-25,No,9
STU-03636,Male,21-25,No,3
STU-03637,Male,Under 21,No,1
STU-03638,Male,21-25,No,9
STU-03639,Male,21-25,No,4
STU-03640,Male,21-25,No,9
STU-03641,Female,Under 21,No,4
STU-03642,Male,21-25,No,6
STU-03643,Female,Under 21,No,10
STU-03644,Male,36+,No,9
STU-03645,Male,Under 21,No,8
STU-03646,Male,26-35,No,1
STU-03647,Female,21-25,No,5
STU-03648,Male,21-25,No,3
STU-03649,Female,36+,No,2
STU-03650,Male,21-25,No,1
STU-03651,Female,26-35,No,3
STU-03652,Female,26-35,No,4
STU-03653,Female,26-35,No,10
STU-03654,Female,Under 21,No,10
STU-03655,Female,21-25,No,7
STU-03656,Male,26-35,No,9
STU-03657,Female,21-25,Yes,7
STU-03658,Male,Under 21,No,1
STU-03659,Male,21-25,No,9
STU-03660,Female,21-25,No,1
STU-03661,Female,21-25,No,3
STU-03662,Female,21-25,No,7
STU-03663,Female,Under 21,No,2
STU-03664,Female,21-25,No,5
STU-03665,Female,21-25,No,10
STU-03666,Male,Under 21,No,7
STU-03667,Male,Under 21,No,3
STU-03668,Female,36+,No,3
STU-03669,Male,26-35,No,4
STU-03670,Male,21-25,No,9
STU-03671,Male,26-35,No,5
STU-03672,Male,21-25,No,5
STU-03673,Male,21-25,No,10
STU-03674,Female,21-25,No,3
STU-03675,Non-binary,Under 21,No,7
STU-03676,Male,26-35,No,7
STU-03677,Female,21-25,No,6
STU-03678,Female,Under 21,No,9
STU-03679,Male,Under 21,No,7
STU-03680,Female,21-25,Yes,4
STU-03681,Male,21-25,No,2
STU-03682,Male,26-35,No,3
STU-03683,Male,21-25,Yes,9
STU-03684,Female,21-25,No,1
STU-03685,Female,Under 21,No,2
STU-03686,Male,21-25,No,4
STU-03687,Female,21-25,No,3
STU-03688,Female,26-35,No,9
STU-03689,Female,26-35,No,7
STU-03690,Female,21-25,Yes,9
STU-03691,Prefer not to say,21-25,No,7
STU-03692,Female,Under 21,No,7
STU-03693,Male,21-25,No,2
STU-03694,Female,21-25,No,5
STU-03695,Female,Under 21,No,4
STU-03696,Male,Under 21,No,5
STU-03697,Male,21-25,No,3
STU-03698,Prefer not to say,21-25,No,4
STU-03699,Male,26-35,No,3
STU-03700,Male,Under 21,No,8
STU-03701,Male,Under 21,No,8
STU-03702,Female,21-25,No,3
STU-03703,Female,21-25,No,4
STU-03704,Male,26-35,No,8
STU-03705,Male,26-35,No,8
STU-03706,Female,21-25,Yes,3
STU-03707,Male,21-25,No,5
STU-03708,Male,Under 21,No,1
STU-03709,Male,26-35,No,8
STU-03710,Female,21-25,No,2
STU-03711,Male,26-35,No,6
STU-03712,Male,36+,No,4
STU-03713,Female,36+,No,5
STU-03714,Female,Under 21,No,4
STU-03715,Male,26-35,No,10
STU-03716,Female,21-25,No,7
STU-03717,Male,26-35,No,6
STU-03718,Female,36+,No,2
STU-03719,Male,21-25,No,9
STU-03720,Female,21-25,No,3
STU-03721,Female,Under 21,No,5
STU-03722,Female,Under 21,Yes,6
STU-03723,Male,26-35,No,4
STU-03724,Male,26-35,No,9
STU-03725,Female,Under 21,No,3
STU-03726,Male,Under 21,No,7
STU-03727,Female,Under 21,Yes,10
STU-03728,Female,21-25,No,8
STU-03729,Female,26-35,No,5
STU-03730,Male,21-25,No,5
STU-03731,Female,21-25,No,10
STU-03732,Female,Under 21,No,3
STU-03733,Female,Under 21,No,9
STU-03734,Male,21-25,No,6
STU-03735,Male,21-25,No,10
STU-03736,Male,21-25,Yes,3
STU-03737,Non-binary,Under 21,No,9
STU-03738,Female,21-25,No,10
STU-03739,Male,Under 21,Yes,2
STU-03740,Female,26-35,No,3
STU-03741,Female,21-25,No,4
STU-03742,Male,26-35,No,7
STU-03743,Female,26-35,No,10
STU-03744,Female,21-25,No,4
STU-03745,Female,21-25,No,4
STU-03746,Female,Under 21,No,6
STU-03747,Male,21-25,No,2
STU-03748,Male,21-25,No,1
STU-03749,Female,21-25,No,4
STU-03750,Female,26-35,No,1
STU-03751,Male,26-35,No,2
STU-03752,Male,26-35,No,3
STU-03753,Male,21-25,No,1
STU-03754,Male,26-35,No,1
STU-03755,Female,21-25,No,5
STU-03756,Male,21-25,No,6
STU-03757,Male,26-35,No,1
STU-03758,Female,21-25,Yes,7
STU-03759,Female,21-25,No,1
STU-03760,Male,21-25,No,3
STU-03761,Female,Under 21,No,7
STU-03762,Female,Under 21,No,4
STU-03763,Female,Under 21,No,8
STU-03764,Female,21-25,No,3
STU-03765,Female,21-25,No,3
STU-03766,Male,21-25,No,10
STU-03767,Male,21-25,No,3
STU-03768,Female,21-25,No,8
STU-03769,Male,21-25,No,3
STU-03770,Male,26-35,No,1
STU-03771,Male,Under 21,No,6
STU-03772,Female,Under 21,No,6
STU-03773,Female,Under 21,Yes,6
STU-03774,Male,Under 21,No,5
STU-03775,Male,21-25,No,3
STU-03776,Male,21-25,No,6
STU-03777,Female,21-25,No,8
STU-03778,Male,Under 21,No,7
STU-03779,Female,Under 21,No,5
STU-03780,Male,Under 21,No,2
STU-03781,Male,21-25,No,7
STU-03782,Female,21-25,Yes,1
STU-03783,Female,21-25,No,6
STU-03784,Male,Under 21,No,7
STU-03785,Male,21-25,No,9
STU-03786,Male,21-25,No,4
STU-03787,Prefer not to say,21-25,No,1
STU-03788,Female,26-35,No,2
STU-03789,Female,26-35,No,2
STU-03790,Male,36+,No,5
STU-03791,Male,26-35,No,4
STU-03792,Female,21-25,No,3
STU-03793,Male,21-25,Yes,4
STU-03794,Female,Under 21,No,2
STU-03795,Female,21-25,Yes,9
STU-03796,Female,21-25,No,10
STU-03797,Female,21-25,No,5
STU-03798,Male,36+,No,2
STU-03799,Female,Under 21,No,9
STU-03800,Non-binary,21-25,No,6
STU-03801,Male,Under 21,Yes,1
STU-03802,Female,26-35,No,9
STU-03803,Male,21-25,No,2
STU-03804,Female,21-25,No,6
STU-03805,Female,Under 21,No,7
STU-03806,Male,21-25,No,10
STU-03807,Male,21-25,Yes,3
STU-03808,Female,21-25,No,1
STU-03809,Male,21-25,No,7
STU-03810,Female,Under 21,No,4
STU-03811,Male,21-25,No,5
STU-03812,Male,26-35,No,2
STU-03813,Female,36+,No,5
STU-03814,Male,21-25,No,3
STU-03815,Female,21-25,No,9
STU-03816,Female,21-25,No,10
STU-03817,Female,26-35,No,4
STU-03818,Male,21-25,No,7
STU-03819,Female,Under 21,No,10
STU-03820,Female,21-25,No,5
STU-03821,Male,26-35,No,1
STU-03822,Non-binary,21-25,No,5
STU-03823,Female,Under 21,Yes,7
STU-03824,Male,Under 21,No,8
STU-03825,Male,Under 21,No,2
STU-03826,Male,21-25,No,2
STU-03827,Male,26-35,No,4
STU-03828,Male,26-35,No,3
STU-03829,Non-binary,21-25,No,10
STU-03830,Male,21-25,No,10
STU-03831,Male,26-35,No,9
STU-03832,Female,26-35,No,5
STU-03833,Non-binary,21-25,No,9
STU-03834,Female,Under 21,Yes,8
STU-03835,Female,21-25,No,5
STU-03836,Female,26-35,No,7
STU-03837,Non-binary,Under 21,No,2
STU-03838,Male,Under 21,Yes,2
STU-03839,Female,26-35,No,10
STU-03840,Female,21-25,Yes,4
STU-03841,Female,21-25,No,1
STU-03842,Non-binary,21-25,No,10
STU-03843,Female,21-25,No,6
STU-03844,Female,26-35,No,7
STU-03845,Male,Under 21,No,6
STU-03846,Female,21-25,No,6
STU-03847,Female,21-25,No,9
STU-03848,Male,21-25,No,1
STU-03849,Female,21-25,No,6
STU-03850,Female,26-35,No,2
STU-03851,Female,21-25,No,8
STU-03852,Female,Under 21,No,3
STU-03853,Male,21-25,No,1
STU-03854,Male,26-35,No,2
STU-03855,Female,21-25,No,4
STU-03856,Male,21-25,Yes,7
STU-03857,Male,21-25,No,4
STU-03858,Male,Under 21,No,9
STU-03859,Male,Under 21,No,7
STU-03860,Prefer not to say,21-25,No,9
STU-03861,Female,21-25,Yes,9
STU-03862,Female,21-25,No,5
STU-03863,Female,21-25,No,7
STU-03864,Male,21-25,No,10
STU-03865,Female,36+,No,5
STU-03866,Male,26-35,Yes,9
STU-03867,Female,21-25,No,8
STU-03868,Female,21-25,No,3
STU-03869,Female,21-25,No,10
STU-03870,Male,Under 21,No,5
STU-03871,Male,21-25,No,9
STU-03872,Male,36+,No,8
STU-03873,Female,Under 21,No,7
STU-03874,Female,21-25,No,3
STU-03875,Male,21-25,No,3
STU-03876,Male,Under 21,No,2
STU-03877,Female,21-25,No,7
STU-03878,Female,36+,No,5
STU-03879,Male,21-25,No,4
STU-03880,Male,36+,No,8
STU-03881,Male,21-25,No,8
STU-03882,Female,26-35,No,3
STU-03883,Male,36+,No,3
STU-03884,Female,21-25,No,10
STU-03885,Male,21-25,No,1
STU-03886,Male,21-25,Yes,9
STU-03887,Female,21-25,No,7
STU-03888,Non-binary,Under 21,No,1
STU-03889,Female,21-25,Yes,9
STU-03890,Female,Under 21,No,9
STU-03891,Female,21-25,No,4
STU-03892,Male,36+,No,10
STU-03893,Female,Under 21,No,8
STU-03894,Male,21-25,No,8
STU-03895,Female,Under 21,No,3
STU-03896,Female,21-25,No,5
STU-03897,Female,21-25,No,5
STU-03898,Male,36+,No,5
STU-03899,Female,Under 21,No,4
STU-03900,Male,21-25,No,8
STU-03901,Male,26-35,Yes,3
STU-03902,Male,Under 21,Yes,5
STU-03903,Female,21-25,Yes,4
STU-03904,Prefer not to say,21-25,Yes,9
STU-03905,Female,Under 21,No,2
STU-03906,Female,21-25,No,5
STU-03907,Male,Under 21,No,2
STU-03908,Female,26-35,Yes,3
STU-03909,Female,Under 21,Yes,1
STU-03910,Female,26-35,No,9
STU-03911,Female,Under 21,No,5
STU-03912,Female,21-25,No,9
STU-03913,Female,Under 21,No,2
STU-03914,Female,21-25,Yes,6
STU-03915,Male,36+,No,5
STU-03916,Non-binary,Under 21,No,8
STU-03917,Female,21-25,Yes,3
STU-03918,Male,21-25,No,10
STU-03919,Male,26-35,No,9
STU-03920,Female,21-25,No,7
STU-03921,Male,21-25,No,5
STU-03922,Male,26-35,No,4
STU-03923,Male,36+,No,5
STU-03924,Female,36+,No,8
STU-03925,Female,Under 21,No,5
STU-03926,Male,26-35,No,10
STU-03927,Male,21-25,Yes,8
STU-03928,Male,36+,No,4
STU-03929,Male,21-25,No,10
STU-03930,Female,Under 21,No,8
STU-03931,Female,21-25,No,8
STU-03932,Female,Under 21,No,5
STU-03933,Female,21-25,No,9
STU-03934,Female,Under 21,Yes,4
STU-03935,Male,21-25,No,1
STU-03936,Female,21-25,No,4
STU-03937,Female,36+,No,7
STU-03938,Female,21-25,No,3
STU-03939,Female,36+,No,9
STU-03940,Female,36+,No,9
STU-03941,Female,26-35,No,4
STU-03942,Male,21-25,No,9
STU-03943,Male,21-25,No,10
STU-03944,Non-binary,21-25,No,6
STU-03945,Female,Under 21,No,4
STU-03946,Female,26-35,No,3
STU-03947,Female,Under 21,No,8
STU-03948,Female,21-25,No,6
STU-03949,Male,21-25,No,1
STU-03950,Male,21-25,No,4
STU-03951,Female,26-35,No,4
STU-03952,Male,21-25,No,3
STU-03953,Male,21-25,No,10
STU-03954,Male,Under 21,No,2
STU-03955,Female,21-25,No,6
STU-03956,Female,21-25,No,5
STU-03957,Female,Under 21,No,8
STU-03958,Female,26-35,No,4
STU-03959,Female,Under 21,No,2
STU-03960,Male,Under 21,No,5
STU-03961,Male,26-35,No,6
STU-03962,Male,Under 21,No,9
STU-03963,Male,21-25,No,4
STU-03964,Female,Under 21,Yes,5
STU-03965,Male,Under 21,No,9
STU-03966,Male,Under 21,No,6
STU-03967,Male,Under 21,No,7
STU-03968,Male,26-35,No,8
STU-03969,Female,21-25,No,2
STU-03970,Female,Under 21,No,9
STU-03971,Female,26-35,No,3
STU-03972,Female,21-25,Yes,1
STU-03973,Male,21-25,Yes,4
STU-03974,Female,Under 21,No,9
STU-03975,Female,21-25,No,10
STU-03976,Non-binary,21-25,No,8
STU-03977,Female,21-25,No,3
STU-03978,Female,26-35,No,7
STU-03979,Female,26-35,No,5
STU-03980,Male,21-25,No,3
STU-03981,Female,Under 21,No,7
STU-03982,Female,21-25,No,7
STU-03983,Male,Under 21,No,10
STU-03984,Male,21-25,No,5
STU-03985,Male,21-25,No,9
STU-03986,Male,Under 21,No,10
STU-03987,Female,21-25,No,9
STU-03988,Female,Under 21,No,2
STU-03989,Female,36+,No,10
STU-03990,Male,Under 21,No,9
STU-03991,Female,21-25,No,1
STU-03992,Male,Under 21,Yes,9
STU-03993,Prefer not to say,21-25,No,7
STU-03994,Female,21-25,No,1
STU-03995,Female,Under 21,No,2
STU-03996,Male,21-25,No,1
STU-03997,Male,Under 21,No,9
STU-03998,Female,Under 21,No,3
STU-03999,Male,Under 21,No,10
STU-04000,Male,26-35,No,1
STU-04001,Female,Under 21,Yes,10
STU-04002,Female,Under 21,No,3
STU-04003,Male,Under 21,Yes,9
STU-04004,Male,21-25,No,8
STU-04005,Male,26-35,No,1
STU-04006,Female,Under 21,No,8
STU-04007,Male,21-25,No,8
STU-04008,Male,Under 21,No,2
STU-04009,Female,Under 21,No,4
STU-04010,Female,21-25,No,10
STU-04011,Male,26-35,No,10
STU-04012,Female,26-35,No,10
STU-04013,Female,21-25,No,10
STU-04014,Female,21-25,No,2
STU-04015,Female,21-25,No,3
STU-04016,Male,21-25,No,7
STU-04017,Female,21-25,No,4
STU-04018,Male,21-25,No,2
STU-04019,Male,Under 21,No,8
STU-04020,Female,26-35,No,6
STU-04021,Male,21-25,No,7
STU-04022,Female,21-25,No,6
STU-04023,Non-binary,21-25,No,1
STU-04024,Female,26-35,No,2
STU-04025,Male,Under 21,Yes,9
STU-04026,Male,21-25,No,9
STU-04027,Female,21-25,No,2
STU-04028,Female,Under 21,No,3
STU-04029,Female,26-35,No,10
STU-04030,Male,26-35,No,1
STU-04031,Female,21-25,No,3
STU-04032,Male,Under 21,No,5
STU-04033,Female,21-25,No,5
STU-04034,Male,21-25,Yes,2
STU-04035,Female,21-25,No,7
STU-04036,Female,21-25,No,7
STU-04037,Male,Under 21,Yes,9
STU-04038,Male,21-25,No,5
STU-04039,Male,21-25,No,4
STU-04040,Male,21-25,No,8
STU-04041,Female,26-35,No,5
STU-04042,Female,21-25,No,7
STU-04043,Female,36+,No,7
STU-04044,Non-binary,21-25,No,3
STU-04045,Non-binary,26-35,No,6
STU-04046,Non-binary,21-25,No,7
STU-04047,Male,21-25,No,7
STU-04048,Female,21-25,No,3
STU-04049,Male,36+,No,6
STU-04050,Male,21-25,No,5
STU-04051,Female,Under 21,No,6
STU-04052,Female,21-25,No,7
STU-04053,Non-binary,21-25,No,6
STU-04054,Male,21-25,Yes,10
STU-04055,Prefer not to say,Under 21,No,9
STU-04056,Male,Under 21,No,7
STU-04057,Prefer not to say,Under 21,No,1
STU-04058,Male,21-25,No,3
STU-04059,Male,21-25,No,8
STU-04060,Female,36+,No,4
STU-04061,Male,26-35,Yes,9
STU-04062,Female,Under 21,No,2
STU-04063,Male,Under 21,No,10
STU-04064,Female,26-35,Yes,5
STU-04065,Male,26-35,No,2
STU-04066,Female,21-25,No,9
STU-04067,Female,26-35,No,5
STU-04068,Female,26-35,No,5
STU-04069,Male,21-25,No,2
STU-04070,Female,21-25,No,8
STU-04071,Female,26-35,No,2
STU-04072,Male,26-35,No,5
STU-04073,Male,Under 21,No,1
STU-04074,Male,21-25,No,1
STU-04075,Male,Under 21,No,3
STU-04076,Male,21-25,No,3
STU-04077,Female,21-25,No,9
STU-04078,Female,Under 21,No,6
STU-04079,Female,Under 21,No,9
STU-04080,Male,Under 21,No,6
STU-04081,Female,Under 21,No,8
STU-04082,Female,21-25,No,5
STU-04083,Male,21-25,No,1
STU-04084,Female,Under 21,No,3
STU-04085,Male,26-35,No,7
STU-04086,Male,Under 21,No,6
STU-04087,Male,26-35,Yes,2
STU-04088,Female,26-35,No,5
STU-04089,Male,21-25,No,1
STU-04090,Male,21-25,No,9
STU-04091,Male,21-25,No,6
STU-04092,Female,21-25,No,7
STU-04093,Male,Under 21,No,10
STU-04094,Female,21-25,No,3
STU-04095,Male,26-35,No,8
STU-04096,Male,Under 21,No,9
STU-04097,Male,21-25,Yes,10
STU-04098,Female,26-35,No,7
STU-04099,Female,21-25,Yes,10
STU-04100,Non-binary,21-25,No,9
STU-04101,Prefer not to say,21-25,No,3
STU-04102,Male,21-25,No,5
STU-04103,Male,26-35,No,6
STU-04104,Male,26-35,No,6
STU-04105,Male,Under 21,No,3
STU-04106,Male,26-35,No,10
STU-04107,Female,Under 21,No,7
STU-04108,Female,21-25,No,8
STU-04109,Male,26-35,No,7
STU-04110,Female,26-35,No,7
STU-04111,Female,21-25,No,9
STU-04112,Male,Under 21,No,2
STU-04113,Male,21-25,No,5
STU-04114,Female,21-25,No,4
STU-04115,Female,26-35,No,2
STU-04116,Female,Under 21,No,7
STU-04117,Male,21-25,No,4
STU-04118,Female,21-25,No,10
STU-04119,Female,26-35,No,8
STU-04120,Female,Under 21,Yes,9
STU-04121,Male,36+,Yes,6
STU-04122,Non-binary,21-25,No,5
STU-04123,Female,Under 21,No,9
STU-04124,Female,Under 21,No,4
STU-04125,Male,21-25,No,2
STU-04126,Female,Under 21,No,3
STU-04127,Female,21-25,No,5
STU-04128,Female,26-35,No,9
STU-04129,Female,Under 21,No,6
STU-04130,Female,Under 21,No,6
STU-04131,Female,Under 21,No,8
STU-04132,Male,26-35,No,7
STU-04133,Male,21-25,Yes,10
STU-04134,Male,26-35,No,1
STU-04135,Female,36+,No,1
STU-04136,Female,26-35,No,10
STU-04137,Female,21-25,No,7
STU-04138,Male,21-25,No,2
STU-04139,Female,Under 21,No,6
STU-04140,Male,21-25,No,10
STU-04141,Female,Under 21,No,2
STU-04142,Female,36+,No,8
STU-04143,Male,36+,Yes,10
STU-04144,Male,21-25,No,9
STU-04145,Male,21-25,No,6
STU-04146,Female,Under 21,No,3
STU-04147,Male,21-25,No,2
STU-04148,Female,21-25,No,5
STU-04149,Non-binary,Under 21,No,5
STU-04150,Female,21-25,No,3
STU-04151,Female,Under 21,Yes,8
STU-04152,Male,Under 21,No,9
STU-04153,Female,21-25,Yes,2
STU-04154,Female,26-35,No,8
STU-04155,Female,36+,No,10
STU-04156,Male,21-25,No,1
STU-04157,Male,21-25,No,6
STU-04158,Female,21-25,No,8
STU-04159,Male,Under 21,No,6
STU-04160,Female,21-25,No,3
STU-04161,Female,36+,No,10
STU-04162,Female,Under 21,Yes,2
STU-04163,Female,36+,No,10
STU-04164,Male,21-25,No,10
STU-04165,Female,Under 21,No,2
STU-04166,Female,26-35,No,1
STU-04167,Male,21-25,No,5
STU-04168,Female,Under 21,No,8
STU-04169,Female,36+,Yes,1
STU-04170,Female,26-35,No,1
STU-04171,Female,26-35,No,3
STU-04172,Female,26-35,No,2
STU-04173,Male,21-25,No,8
STU-04174,Male,21-25,No,1
STU-04175,Female,21-25,No,8
STU-04176,Female,21-25,No,10
STU-04177,Male,21-25,Yes,3
STU-04178,Female,Under 21,No,3
STU-04179,Female,Under 21,No,7
STU-04180,Male,21-25,No,4
STU-04181,Female,21-25,No,10
STU-04182,Male,21-25,No,2
STU-04183,Female,36+,No,3
STU-04184,Male,21-25,No,5
STU-04185,Female,Under 21,No,5
STU-04186,Male,Under 21,No,5
STU-04187,Male,21-25,No,7
STU-04188,Female,21-25,No,1
STU-04189,Female,Under 21,No,10
STU-04190,Male,Under 21,No,9
STU-04191,Male,36+,No,4
STU-04192,Male,Under 21,Yes,8
STU-04193,Female,36+,Yes,9
STU-04194,Male,Under 21,No,10
STU-04195,Female,21-25,Yes,9
STU-04196,Male,21-25,No,7
STU-04197,Male,Under 21,No,9
STU-04198,Female,21-25,No,4
STU-04199,Female,21-25,No,6
STU-04200,Female,26-35,No,6
STU-04201,Male,21-25,No,1
STU-04202,Male,21-25,No,10
STU-04203,Male,Under 21,No,6
STU-04204,Male,Under 21,No,7
STU-04205,Male,21-25,No,5
STU-04206,Male,21-25,No,5
STU-04207,Female,21-25,No,4
STU-04208,Male,21-25,No,2
STU-04209,Female,Under 21,No,8
STU-04210,Female,21-25,No,6
STU-04211,Female,21-25,No,8
STU-04212,Male,21-25,No,8
STU-04213,Female,Under 21,No,6
STU-04214,Female,21-25,No,1
STU-04215,Female,Under 21,No,2
STU-04216,Male,21-25,No,10
STU-04217,Female,21-25,No,9
STU-04218,Male,21-25,Yes,9
STU-04219,Female,Under 21,No,6
STU-04220,Female,21-25,No,10
STU-04221,Male,Under 21,No,1
STU-04222,Female,21-25,No,4
STU-04223,Female,Under 21,No,7
STU-04224,Non-binary,21-25,No,1
STU-04225,Female,Under 21,No,4
STU-04226,Male,36+,No,2
STU-04227,Female,Under 21,No,7
STU-04228,Female,Under 21,Yes,10
STU-04229,Male,Under 21,No,4
STU-04230,Male,21-25,No,4
STU-04231,Female,Under 21,No,4
STU-04232,Female,26-35,No,10
STU-04233,Male,21-25,No,5
STU-04234,Male,21-25,Yes,3
STU-04235,Male,Under 21,No,5
STU-04236,Female,36+,No,4
STU-04237,Non-binary,26-35,No,1
STU-04238,Female,Under 21,Yes,5
STU-04239,Male,21-25,No,1
STU-04240,Female,Under 21,No,4
STU-04241,Male,21-25,No,1
STU-04242,Male,Under 21,No,6
STU-04243,Female,Under 21,No,8
STU-04244,Female,21-25,No,9
STU-04245,Female,Under 21,No,1
STU-04246,Male,21-25,No,9
STU-04247,Male,21-25,No,8
STU-04248,Female,21-25,No,9
STU-04249,Male,26-35,No,10
STU-04250,Male,Under 21,No,10
STU-04251,Female,21-25,No,9
STU-04252,Female,Under 21,No,9
STU-04253,Male,21-25,No,2
STU-04254,Male,21-25,Yes,8
STU-04255,Male,21-25,No,8
STU-04256,Male,21-25,No,10
STU-04257,Female,26-35,No,5
STU-04258,Male,21-25,No,4
STU-04259,Male,21-25,No,5
STU-04260,Male,21-25,No,7
STU-04261,Male,21-25,No,6
STU-04262,Female,26-35,No,3
STU-04263,Female,26-35,No,8
STU-04264,Female,26-35,No,1
STU-04265,Female,36+,Yes,3
STU-04266,Female,Under 21,No,8
STU-04267,Female,Under 21,No,8
STU-04268,Male,Under 21,No,2
STU-04269,Male,26-35,No,1
STU-04270,Male,26-35,No,6
STU-04271,Female,21-25,No,1
STU-04272,Male,21-25,No,4
STU-04273,Male,Under 21,No,8
STU-04274,Male,21-25,No,6
STU-04275,Female,Under 21,Yes,7
STU-04276,Female,21-25,No,8
STU-04277,Male,26-35,Yes,5
STU-04278,Male,21-25,No,9
STU-04279,Female,21-25,No,9
STU-04280,Male,21-25,No,1
STU-04281,Female,26-35,No,3
STU-04282,Male,26-35,No,10
STU-04283,Male,Under 21,Yes,1
STU-04284,Male,Under 21,Yes,7
STU-04285,Male,26-35,No,4
STU-04286,Male,21-25,No,1
STU-04287,Female,Under 21,No,2
STU-04288,Male,26-35,No,2
STU-04289,Female,26-35,No,3
STU-04290,Male,Under 21,No,7
STU-04291,Female,26-35,No,2
STU-04292,Female,21-25,No,2
STU-04293,Female,Under 21,No,1
STU-04294,Female,21-25,No,8
STU-04295,Non-binary,21-25,No,6
STU-04296,Male,Under 21,No,2
STU-04297,Male,21-25,No,10
STU-04298,Female,26-35,No,5
STU-04299,Female,21-25,Yes,4
STU-04300,Male,21-25,Yes,5
STU-04301,Male,21-25,No,9
STU-04302,Male,26-35,No,5
STU-04303,Female,Under 21,Yes,6
STU-04304,Male,21-25,No,3
STU-04305,Male,21-25,No,2
STU-04306,Male,26-35,No,4
STU-04307,Non-binary,36+,No,5
STU-04308,Male,21-25,No,7
STU-04309,Male,Under 21,No,2
STU-04310,Female,21-25,No,2
STU-04311,Female,21-25,No,10
STU-04312,Male,21-25,No,10
STU-04313,Female,21-25,Yes,1
STU-04314,Male,26-35,No,6
STU-04315,Male,21-25,No,7
STU-04316,Male,21-25,No,10
STU-04317,Male,Under 21,No,4
STU-04318,Male,Under 21,No,2
STU-04319,Male,21-25,No,3
STU-04320,Male,26-35,No,3
STU-04321,Male,36+,No,9
STU-04322,Female,21-25,No,10
STU-04323,Male,26-35,No,2
STU-04324,Female,21-25,No,7
STU-04325,Male,26-35,Yes,7
STU-04326,Male,26-35,No,7
STU-04327,Female,21-25,No,7
STU-04328,Female,Under 21,No,1
STU-04329,Female,26-35,Yes,5
STU-04330,Female,Under 21,No,5
STU-04331,Female,21-25,No,3
STU-04332,Female,26-35,No,9
STU-04333,Female,36+,No,9
STU-04334,Female,21-25,No,1
STU-04335,Female,Under 21,Yes,3
STU-04336,Male,26-35,No,3
STU-04337,Male,21-25,No,10
STU-04338,Male,26-35,No,2
STU-04339,Female,Under 21,No,5
STU-04340,Female,21-25,No,2
STU-04341,Female,21-25,No,8
STU-04342,Female,Under 21,No,5
STU-04343,Male,26-35,No,1
STU-04344,Male,21-25,No,4
STU-04345,Female,Under 21,No,5
STU-04346,Male,26-35,No,1
STU-04347,Female,26-35,No,1
STU-04348,Male,Under 21,No,5
STU-04349,Female,21-25,No,4
STU-04350,Female,Under 21,No,2
STU-04351,Male,21-25,No,9
STU-04352,Male,21-25,No,5
STU-04353,Female,21-25,No,10
STU-04354,Female,21-25,No,8
STU-04355,Female,36+,No,10
STU-04356,Female,26-35,No,7
STU-04357,Female,26-35,No,7
STU-04358,Female,26-35,No,7
STU-04359,Male,21-25,No,2
STU-04360,Male,21-25,Yes,10
STU-04361,Female,Under 21,Yes,10
STU-04362,Male,21-25,No,2
STU-04363,Male,21-25,No,3
STU-04364,Female,36+,No,4
STU-04365,Male,Under 21,Yes,10
STU-04366,Female,21-25,No,5
STU-04367,Female,26-35,No,5
STU-04368,Female,21-25,No,6
STU-04369,Female,26-35,No,6
STU-04370,Male,36+,No,10
STU-04371,Non-binary,26-35,No,3
STU-04372,Female,21-25,No,8
STU-04373,Female,Under 21,No,8
STU-04374,Female,21-25,No,6
STU-04375,Male,Under 21,No,5
STU-04376,Female,Under 21,No,10
STU-04377,Female,21-25,No,2
STU-04378,Male,26-35,No,7
STU-04379,Male,21-25,No,1
STU-04380,Male,21-25,No,6
STU-04381,Male,36+,No,3
STU-04382,Female,26-35,No,2
STU-04383,Female,26-35,No,1
STU-04384,Male,Under 21,No,10
STU-04385,Female,21-25,No,4
STU-04386,Female,21-25,No,8
STU-04387,Male,Under 21,Yes,9
STU-04388,Prefer not to say,21-25,No,1
STU-04389,Male,Under 21,No,5
STU-04390,Male,21-25,Yes,7
STU-04391,Male,21-25,Yes,6
STU-04392,Male,Under 21,Yes,3
STU-04393,Female,21-25,Yes,9
STU-04394,Male,26-35,No,2
STU-04395,Male,Under 21,No,10
STU-04396,Female,21-25,Yes,3
STU-04397,Male,21-25,No,7
STU-04398,Male,21-25,No,3
STU-04399,Female,26-35,No,7
STU-04400,Female,26-35,No,9
STU-04401,Male,Under 21,No,9
STU-04402,Male,Under 21,No,10
STU-04403,Male,21-25,No,7
STU-04404,Non-binary,Under 21,Yes,5
STU-04405,Female,21-25,No,9
STU-04406,Male,21-25,No,2
STU-04407,Male,Under 21,No,5
STU-04408,Male,Under 21,No,10
STU-04409,Female,Under 21,No,2
STU-04410,Male,21-25,No,9
STU-04411,Male,21-25,No,5
STU-04412,Female,26-35,No,9
STU-04413,Male,26-35,No,6
STU-04414,Male,36+,No,4
STU-04415,Female,21-25,No,8
STU-04416,Male,21-25,No,5
STU-04417,Male,21-25,No,6
STU-04418,Male,21-25,No,10
STU-04419,Male,21-25,No,9
STU-04420,Male,26-35,No,3
STU-04421,Non-binary,21-25,No,4
STU-04422,Female,Under 21,No,10
STU-04423,Non-binary,Under 21,No,8
STU-04424,Female,21-25,No,5
STU-04425,Female,21-25,No,3
STU-04426,Male,Under 21,No,6
STU-04427,Male,21-25,No,7
STU-04428,Female,26-35,No,3
STU-04429,Female,26-35,No,1
STU-04430,Female,21-25,No,4
STU-04431,Female,26-35,No,6
STU-04432,Female,21-25,No,10
STU-04433,Female,26-35,No,1
STU-04434,Female,21-25,No,7
STU-04435,Female,21-25,No,7
STU-04436,Male,Under 21,No,1
STU-04437,Male,26-35,No,2
STU-04438,Female,21-25,No,2
STU-04439,Male,21-25,No,9
STU-04440,Female,Under 21,No,9
STU-04441,Female,21-25,No,4
STU-04442,Male,Under 21,No,9
STU-04443,Male,21-25,No,10
STU-04444,Male,Under 21,No,10
STU-04445,Male,21-25,No,10
STU-04446,Female,21-25,No,4
STU-04447,Male,21-25,No,9
STU-04448,Female,Under 21,No,8
STU-04449,Female,21-25,No,3
STU-04450,Male,26-35,No,1
STU-04451,Female,21-25,No,6
STU-04452,Prefer not to say,21-25,No,2
STU-04453,Male,21-25,No,7
STU-04454,Female,21-25,No,1
STU-04455,Male,36+,No,1
STU-04456,Female,21-25,No,5
STU-04457,Female,Under 21,Yes,7
STU-04458,Female,Under 21,No,2
STU-04459,Male,Under 21,No,9
STU-04460,Male,Under 21,No,6
STU-04461,Male,26-35,No,5
STU-04462,Female,21-25,No,2
STU-04463,Male,Under 21,No,10
STU-04464,Male,21-25,No,2
STU-04465,Non-binary,26-35,No,7
STU-04466,Male,Under 21,No,1
STU-04467,Female,Under 21,No,7
STU-04468,Female,Under 21,No,1
STU-04469,Female,Under 21,No,10
STU-04470,Female,Under 21,No,9
STU-04471,Female,21-25,No,8
STU-04472,Male,21-25,No,7
STU-04473,Female,Under 21,No,6
STU-04474,Female,36+,No,2
STU-04475,Female,Under 21,No,1
STU-04476,Male,26-35,No,6
STU-04477,Female,21-25,Yes,10
STU-04478,Female,Under 21,No,8
STU-04479,Male,Under 21,Yes,5
STU-04480,Female,21-25,Yes,3
STU-04481,Male,21-25,No,8
STU-04482,Non-binary,26-35,No,5
STU-04483,Male,Under 21,No,2
STU-04484,Male,21-25,No,7
STU-04485,Female,21-25,No,4
STU-04486,Female,26-35,No,6
STU-04487,Female,21-25,No,6
STU-04488,Female,21-25,No,6
STU-04489,Male,26-35,No,7
STU-04490,Male,Under 21,No,10
STU-04491,Male,21-25,No,5
STU-04492,Female,Under 21,No,9
STU-04493,Female,26-35,No,5
STU-04494,Male,26-35,No,10
STU-04495,Male,21-25,No,8
STU-04496,Male,36+,No,8
STU-04497,Female,36+,No,6
STU-04498,Female,Under 21,No,7
STU-04499,Male,21-25,No,9
STU-04500,Male,Under 21,No,3
STU-04501,Male,Under 21,No,1
STU-04502,Male,21-25,No,10
STU-04503,Non-binary,21-25,No,6
STU-04504,Female,21-25,No,5
STU-04505,Male,Under 21,No,10
STU-04506,Female,21-25,No,3
STU-04507,Male,Under 21,No,4
STU-04508,Male,21-25,Yes,6
STU-04509,Male,21-25,No,5
STU-04510,Female,21-25,No,6
STU-04511,Male,Under 21,No,2
STU-04512,Male,Under 21,Yes,5
STU-04513,Male,21-25,No,8
STU-04514,Male,Under 21,No,3
STU-04515,Female,21-25,Yes,8
STU-04516,Male,21-25,No,2
STU-04517,Female,21-25,No,3
STU-04518,Female,Under 21,No,10
STU-04519,Female,26-35,No,3
STU-04520,Male,Under 21,No,1
STU-04521,Male,Under 21,Yes,4
STU-04522,Male,Under 21,No,5
STU-04523,Male,21-25,No,5
STU-04524,Female,26-35,No,3
STU-04525,Female,21-25,No,4
STU-04526,Male,Under 21,No,4
STU-04527,Female,26-35,No,4
STU-04528,Male,Under 21,No,1
STU-04529,Female,21-25,No,6
STU-04530,Male,21-25,No,6
STU-04531,Male,21-25,No,8
STU-04532,Male,21-25,No,8
STU-04533,Male,Under 21,No,5
STU-04534,Male,Under 21,No,2
STU-04535,Male,26-35,Yes,3
STU-04536,Male,Under 21,No,6
STU-04537,Male,26-35,No,4
STU-04538,Male,Under 21,No,6
STU-04539,Female,Under 21,No,7
STU-04540,Male,21-25,No,5
STU-04541,Female,21-25,No,4
STU-04542,Female,21-25,Yes,9
STU-04543,Female,26-35,Yes,9
STU-04544,Male,21-25,No,8
STU-04545,Male,Under 21,No,1
STU-04546,Female,Under 21,Yes,10
STU-04547,Female,26-35,No,9
STU-04548,Male,21-25,No,2
STU-04549,Female,21-25,No,7
STU-04550,Female,21-25,No,6
STU-04551,Female,21-25,No,6
STU-04552,Female,21-25,No,2
STU-04553,Female,21-25,No,8
STU-04554,Female,Under 21,No,9
STU-04555,Female,21-25,No,10
STU-04556,Female,21-25,No,4
STU-04557,Female,21-25,No,6
STU-04558,Female,21-25,No,7
STU-04559,Female,Under 21,No,1
STU-04560,Male,26-35,No,1
STU-04561,Male,Under 21,No,5
STU-04562,Female,21-25,No,2
STU-04563,Male,21-25,No,6
STU-04564,Male,21-25,No,3
STU-04565,Female,Under 21,No,10
STU-04566,Female,Under 21,Yes,8
STU-04567,Female,Under 21,No,7
STU-04568,Female,Under 21,No,2
STU-04569,Female,21-25,No,3
STU-04570,Female,26-35,No,9
STU-04571,Male,21-25,No,6
STU-04572,Male,26-35,No,6
STU-04573,Male,21-25,No,4
STU-04574,Female,Under 21,Yes,2
STU-04575,Female,26-35,No,3
STU-04576,Female,21-25,No,9
STU-04577,Female,Under 21,No,10
STU-04578,Male,26-35,No,5
STU-04579,Male,36+,No,8
STU-04580,Female,21-25,No,4
STU-04581,Male,21-25,No,6
STU-04582,Female,21-25,No,6
STU-04583,Male,21-25,No,1
STU-04584,Female,Under 21,No,1
STU-04585,Female,Under 21,Yes,8
STU-04586,Female,Under 21,Yes,7
STU-04587,Non-binary,Under 21,No,1
STU-04588,Male,21-25,No,10
STU-04589,Female,21-25,Yes,10
STU-04590,Male,36+,Yes,7
STU-04591,Female,21-25,No,2
STU-04592,Male,21-25,No,5
STU-04593,Female,Under 21,No,1
STU-04594,Male,Under 21,No,1
STU-04595,Female,Under 21,No,1
STU-04596,Male,Under 21,Yes,5
STU-04597,Female,21-25,No,1
STU-04598,Female,21-25,No,5
STU-04599,Male,21-25,No,9
STU-04600,Female,21-25,No,6
STU-04601,Female,26-35,No,7
STU-04602,Female,21-25,No,8
STU-04603,Prefer not to say,Under 21,No,6
STU-04604,Female,21-25,Yes,2
STU-04605,Male,21-25,No,4
STU-04606,Male,26-35,Yes,8
STU-04607,Female,Under 21,No,1
STU-04608,Male,26-35,Yes,2
STU-04609,Male,Under 21,No,7
STU-04610,Male,21-25,No,10
STU-04611,Female,Under 21,No,1
STU-04612,Male,Under 21,No,7
STU-04613,Male,Under 21,No,8
STU-04614,Female,21-25,No,10
STU-04615,Female,26-35,No,7
STU-04616,Male,21-25,No,5
STU-04617,Male,36+,No,7
STU-04618,Non-binary,21-25,No,7
STU-04619,Male,21-25,No,3
STU-04620,Female,Under 21,No,9
STU-04621,Male,21-25,No,2
STU-04622,Male,21-25,No,2
STU-04623,Female,21-25,No,6
STU-04624,Female,Under 21,No,8
STU-04625,Female,21-25,No,9
STU-04626,Male,Under 21,No,9
STU-04627,Male,36+,No,9
STU-04628,Female,26-35,No,9
STU-04629,Female,26-35,No,1
STU-04630,Male,21-25,No,3
STU-04631,Male,Under 21,Yes,1
STU-04632,Male,26-35,Yes,1
STU-04633,Male,Under 21,No,6
STU-04634,Female,21-25,No,3
STU-04635,Female,21-25,No,10
STU-04636,Male,21-25,No,7
STU-04637,Female,Under 21,No,6
STU-04638,Female,21-25,No,2
STU-04639,Female,26-35,No,6
STU-04640,Male,Under 21,No,5
STU-04641,Female,Under 21,No,10
STU-04642,Female,36+,No,5
STU-04643,Female,Under 21,No,6
STU-04644,Female,Under 21,No,6
STU-04645,Male,26-35,No,1
STU-04646,Non-binary,21-25,No,1
STU-04647,Male,21-25,Yes,5
STU-04648,Female,21-25,Yes,7
STU-04649,Male,Under 21,No,6
STU-04650,Female,Under 21,No,8
STU-04651,Female,21-25,No,7
STU-04652,Male,36+,No,1
STU-04653,Female,Under 21,No,9
STU-04654,Female,36+,No,9
STU-04655,Female,21-25,No,8
STU-04656,Female,21-25,No,6
STU-04657,Male,Under 21,No,1
STU-04658,Non-binary,Under 21,No,9
STU-04659,Female,Under 21,No,5
STU-04660,Male,26-35,No,7
STU-04661,Male,26-35,No,6
STU-04662,Female,21-25,No,8
STU-04663,Male,21-25,No,3
STU-04664,Male,21-25,No,6
STU-04665,Female,Under 21,No,5
STU-04666,Male,21-25,Yes,8
STU-04667,Female,21-25,No,7
STU-04668,Female,Under 21,No,2
STU-04669,Female,Under 21,Yes,3
STU-04670,Male,Under 21,No,1
STU-04671,Female,21-25,No,7
STU-04672,Female,26-35,No,9
STU-04673,Male,21-25,No,3
STU-04674,Female,21-25,No,7
STU-04675,Male,26-35,No,2
STU-04676,Female,21-25,No,1
STU-04677,Non-binary,21-25,No,6
STU-04678,Female,21-25,No,5
STU-04679,Male,21-25,No,2
STU-04680,Male,Under 21,No,3
STU-04681,Female,36+,No,7
STU-04682,Non-binary,21-25,No,5
STU-04683,Male,Under 21,No,8
STU-04684,Female,Under 21,No,3
STU-04685,Male,21-25,No,6
STU-04686,Female,Under 21,No,8
STU-04687,Male,Under 21,No,4
STU-04688,Male,21-25,No,10
STU-04689,Female,21-25,No,10
STU-04690,Male,21-25,No,8
STU-04691,Female,21-25,No,4
STU-04692,Female,26-35,No,2
STU-04693,Male,Under 21,No,2
STU-04694,Female,Under 21,No,5
STU-04695,Male,26-35,No,3
STU-04696,Female,21-25,No,7
STU-04697,Male,Under 21,No,9
STU-04698,Female,26-35,No,8
STU-04699,Female,21-25,No,7
STU-04700,Male,26-35,No,7
STU-04701,Female,21-25,No,10
STU-04702,Male,21-25,No,3
STU-04703,Male,21-25,No,4
STU-04704,Male,36+,No,4
STU-04705,Male,21-25,Yes,4
STU-04706,Male,Under 21,No,1
STU-04707,Male,Under 21,No,8
STU-04708,Male,Under 21,Yes,4
STU-04709,Male,Under 21,No,1
STU-04710,Female,Under 21,No,9
STU-04711,Male,Under 21,Yes,2
STU-04712,Female,26-35,No,3
STU-04713,Male,Under 21,No,1
STU-04714,Male,26-35,No,6
STU-04715,Male,Under 21,No,10
STU-04716,Female,36+,No,3
STU-04717,Female,26-35,No,3
STU-04718,Female,26-35,No,5
STU-04719,Female,21-25,No,3
STU-04720,Female,21-25,Yes,7
STU-04721,Male,21-25,No,8
STU-04722,Female,Under 21,No,1
STU-04723,Female,Under 21,No,3
STU-04724,Male,26-35,No,6
STU-04725,Female,Under 21,No,3
STU-04726,Female,Under 21,No,8
STU-04727,Male,26-35,No,3
STU-04728,Female,26-35,No,4
STU-04729,Male,21-25,No,5
STU-04730,Female,21-25,No,3
STU-04731,Non-binary,Under 21,No,2
STU-04732,Male,26-35,No,10
STU-04733,Female,Under 21,Yes,10
STU-04734,Male,21-25,Yes,5
STU-04735,Male,36+,No,10
STU-04736,Female,21-25,No,6
STU-04737,Male,Under 21,No,5
STU-04738,Female,Under 21,No,3
STU-04739,Non-binary,26-35,No,4
STU-04740,Female,21-25,No,9
STU-04741,Female,21-25,No,5
STU-04742,Male,21-25,No,8
STU-04743,Female,21-25,No,1
STU-04744,Female,26-35,No,2
STU-04745,Male,21-25,No,4
STU-04746,Female,Under 21,No,6
STU-04747,Female,36+,No,9
STU-04748,Female,36+,No,8
STU-04749,Female,21-25,No,7
STU-04750,Female,Under 21,No,4
STU-04751,Female,21-25,No,7
STU-04752,Female,21-25,Yes,2
STU-04753,Female,26-35,No,5
STU-04754,Male,26-35,No,6
STU-04755,Female,26-35,No,1
STU-04756,Male,26-35,No,8
STU-04757,Female,21-25,No,1
STU-04758,Male,21-25,No,5
STU-04759,Male,21-25,No,6
STU-04760,Male,26-35,Yes,8
STU-04761,Female,21-25,No,1
STU-04762,Female,21-25,No,7
STU-04763,Male,21-25,No,1
STU-04764,Male,Under 21,No,3
STU-04765,Male,26-35,No,1
STU-04766,Female,Under 21,No,10
STU-04767,Male,21-25,No,6
STU-04768,Male,36+,Yes,7
STU-04769,Female,21-25,No,5
STU-04770,Male,21-25,No,10
STU-04771,Female,Under 21,No,8
STU-04772,Male,Under 21,No,8
STU-04773,Male,26-35,No,8
STU-04774,Male,21-25,No,9
STU-04775,Non-binary,Under 21,No,3
STU-04776,Female,26-35,No,7
STU-04777,Male,21-25,No,1
STU-04778,Female,21-25,No,10
STU-04779,Female,21-25,No,6
STU-04780,Female,Under 21,No,4
STU-04781,Male,21-25,No,9
STU-04782,Female,21-25,No,8
STU-04783,Male,21-25,Yes,4
STU-04784,Male,21-25,No,10
STU-04785,Non-binary,21-25,No,9
STU-04786,Female,Under 21,No,4
STU-04787,Female,21-25,Yes,1
STU-04788,Male,26-35,No,8
STU-04789,Male,21-25,No,7
STU-04790,Male,26-35,No,4
STU-04791,Female,26-35,No,9
STU-04792,Male,Under 21,No,10
STU-04793,Male,21-25,No,10
STU-04794,Male,21-25,Yes,10
STU-04795,Female,26-35,No,8
STU-04796,Male,Under 21,No,6
STU-04797,Female,26-35,No,3
STU-04798,Male,Under 21,No,9
STU-04799,Female,26-35,No,2
STU-04800,Male,Under 21,No,5
STU-04801,Male,Under 21,No,5
STU-04802,Male,Under 21,No,10
STU-04803,Male,Under 21,No,6
STU-04804,Male,21-25,No,7
STU-04805,Female,21-25,No,5
STU-04806,Male,Under 21,No,5
STU-04807,Non-binary,26-35,No,9
STU-04808,Male,21-25,No,4
STU-04809,Female,Under 21,No,9
STU-04810,Female,21-25,Yes,5
STU-04811,Female,26-35,No,3
STU-04812,Male,Under 21,No,3
STU-04813,Male,21-25,No,7
STU-04814,Female,21-25,No,1
STU-04815,Male,26-35,No,8
STU-04816,Female,36+,No,7
STU-04817,Male,Under 21,No,6
STU-04818,Female,21-25,No,2
STU-04819,Male,21-25,No,1
STU-04820,Female,26-35,Yes,1
STU-04821,Male,21-25,No,2
STU-04822,Female,26-35,No,9
STU-04823,Male,21-25,No,5
STU-04824,Female,Under 21,No,2
STU-04825,Female,21-25,No,3
STU-04826,Female,Under 21,No,3
STU-04827,Female,26-35,Yes,5
STU-04828,Female,21-25,No,3
STU-04829,Female,21-25,No,7
STU-04830,Female,Under 21,Yes,9
STU-04831,Male,21-25,No,2
STU-04832,Male,21-25,No,1
STU-04833,Female,21-25,No,2
STU-04834,Male,21-25,No,10
STU-04835,Female,36+,No,6
STU-04836,Male,36+,No,10
STU-04837,Female,21-25,Yes,2
STU-04838,Male,Under 21,No,5
STU-04839,Male,Under 21,No,2
STU-04840,Female,Under 21,No,4
STU-04841,Male,Under 21,No,3
STU-04842,Female,21-25,No,7
STU-04843,Female,Under 21,No,7
STU-04844,Female,Under 21,No,9
STU-04845,Male,21-25,No,3
STU-04846,Female,Under 21,No,2
STU-04847,Male,21-25,No,2
STU-04848,Female,Under 21,No,3
STU-04849,Male,21-25,No,2
STU-04850,Male,26-35,No,2
STU-04851,Male,26-35,No,1
STU-04852,Male,Under 21,No,2
STU-04853,Male,Under 21,No,9
STU-04854,Female,21-25,No,4
STU-04855,Female,21-25,No,7
STU-04856,Female,36+,No,2
STU-04857,Female,21-25,No,4
STU-04858,Female,21-25,No,9
STU-04859,Male,21-25,No,10
STU-04860,Male,21-25,No,10
STU-04861,Female,Under 21,No,7
STU-04862,Female,21-25,No,5
STU-04863,Female,21-25,No,3
STU-04864,Male,Under 21,No,7
STU-04865,Male,21-25,No,4
STU-04866,Male,21-25,No,8
STU-04867,Male,36+,Yes,3
STU-04868,Female,26-35,No,8
STU-04869,Female,36+,No,7
STU-04870,Male,Under 21,No,7
STU-04871,Male,21-25,No,1
STU-04872,Female,26-35,No,4
STU-04873,Male,Under 21,No,10
STU-04874,Female,21-25,No,5
STU-04875,Female,Under 21,No,2
STU-04876,Male,36+,No,1
STU-04877,Male,36+,No,9
STU-04878,Male,Under 21,No,4
STU-04879,Female,21-25,No,4
STU-04880,Female,36+,Yes,4
STU-04881,Male,Under 21,No,4
STU-04882,Male,26-35,No,7
STU-04883,Female,21-25,No,4
STU-04884,Male,21-25,No,9
STU-04885,Prefer not to say,21-25,No,2
STU-04886,Female,21-25,No,3
STU-04887,Male,Under 21,No,9
STU-04888,Male,Under 21,No,6
STU-04889,Male,21-25,No,6
STU-04890,Male,21-25,No,10
STU-04891,Male,21-25,No,8
STU-04892,Male,21-25,Yes,5
STU-04893,Male,26-35,No,9
STU-04894,Female,21-25,No,5
STU-04895,Male,21-25,No,7
STU-04896,Male,21-25,No,6
STU-04897,Female,Under 21,Yes,1
STU-04898,Female,Under 21,No,10
STU-04899,Male,21-25,No,7
STU-04900,Male,Under 21,No,1
STU-04901,Male,Under 21,No,3
STU-04902,Male,Under 21,No,6
STU-04903,Male,26-35,No,7
STU-04904,Female,21-25,No,3
STU-04905,Male,21-25,No,1
STU-04906,Male,26-35,No,10
STU-04907,Female,26-35,No,7
STU-04908,Female,36+,No,2
STU-04909,Female,Under 21,No,9
STU-04910,Male,Under 21,No,4
STU-04911,Male,36+,No,2
STU-04912,Female,21-25,No,2
STU-04913,Male,26-35,Yes,2
STU-04914,Male,21-25,No,3
STU-04915,Female,21-25,No,1
STU-04916,Male,21-25,No,10
STU-04917,Male,36+,No,1
STU-04918,Male,Under 21,No,1
STU-04919,Female,Under 21,No,3
STU-04920,Non-binary,26-35,No,6
STU-04921,Female,Under 21,Yes,5
STU-04922,Male,26-35,Yes,1
STU-04923,Female,Under 21,No,4
STU-04924,Male,36+,No,5
STU-04925,Male,Under 21,No,8
STU-04926,Female,Under 21,No,3
STU-04927,Male,Under 21,No,6
STU-04928,Male,26-35,No,9
STU-04929,Male,21-25,Yes,10
STU-04930,Female,21-25,Yes,2
STU-04931,Female,21-25,No,5
STU-04932,Female,21-25,No,5
STU-04933,Non-binary,21-25,No,10
STU-04934,Male,26-35,No,10
STU-04935,Male,21-25,No,9
STU-04936,Male,26-35,No,5
STU-04937,Male,21-25,No,5
STU-04938,Male,Under 21,Yes,8
STU-04939,Female,26-35,No,3
STU-04940,Male,Under 21,No,3
STU-04941,Female,Under 21,No,4
STU-04942,Female,21-25,No,8
STU-04943,Female,26-35,No,1
STU-04944,Female,Under 21,No,7
STU-04945,Female,Under 21,No,1
STU-04946,Female,26-35,No,6
STU-04947,Male,21-25,No,2
STU-04948,Female,Under 21,No,5
STU-04949,Female,26-35,No,6
STU-04950,Female,26-35,No,8
STU-04951,Female,21-25,No,8
STU-04952,Female,26-35,No,1
STU-04953,Female,21-25,No,1
STU-04954,Male,26-35,No,3
STU-04955,Female,21-25,No,6
STU-04956,Female,36+,No,3
STU-04957,Male,21-25,No,6
STU-04958,Female,26-35,No,4
STU-04959,Male,36+,No,10
STU-04960,Female,21-25,No,9
STU-04961,Female,Under 21,Yes,4
STU-04962,Male,26-35,No,7
STU-04963,Male,21-25,No,2
STU-04964,Female,26-35,No,10
STU-04965,Female,Under 21,No,7
STU-04966,Male,Under 21,No,3
STU-04967,Prefer not to say,Under 21,No,8
STU-04968,Female,21-25,No,10
STU-04969,Female,Under 21,No,8
STU-04970,Male,21-25,No,4
STU-04971,Female,21-25,No,5
STU-04972,Male,36+,No,3
STU-04973,Male,Under 21,No,4
STU-04974,Female,21-25,No,5
STU-04975,Female,36+,No,8
STU-04976,Non-binary,26-35,No,3
STU-04977,Male,Under 21,No,5
STU-04978,Female,36+,No,7
STU-04979,Male,26-35,No,8
STU-04980,Female,Under 21,No,4
STU-04981,Female,Under 21,No,3
STU-04982,Female,26-35,No,8
STU-04983,Female,26-35,Yes,9
STU-04984,Female,26-35,No,5
STU-04985,Non-binary,21-25,No,7
STU-04986,Male,21-25,No,9
STU-04987,Male,21-25,No,10
STU-04988,Female,21-25,No,7
STU-04989,Female,36+,No,7
STU-04990,Male,21-25,No,1
STU-04991,Female,Under 21,No,2
STU-04992,Male,26-35,Yes,1
STU-04993,Male,Under 21,No,4
STU-04994,Male,36+,No,4
STU-04995,Female,21-25,No,2
STU-04996,Female,21-25,No,2
STU-04997,Male,21-25,No,3
STU-04998,Male,21-25,No,9
STU-04999,Male,26-35,No,5
STU-05000,Non-binary,21-25,No,7
STU-05001,Female,26-35,No,8
STU-05002,Male,21-25,No,4
STU-05003,Male,36+,Yes,10
STU-05004,Female,21-25,No,7
STU-05005,Non-binary,21-25,No,6
STU-05006,Non-binary,21-25,No,9
STU-05007,Female,21-25,No,4
STU-05008,Male,26-35,No,4
STU-05009,Female,21-25,Yes,1
STU-05010,Male,Under 21,No,8
STU-05011,Non-binary,Under 21,Yes,2
STU-05012,Prefer not to say,21-25,Yes,3
STU-05013,Male,Under 21,No,1
STU-05014,Male,36+,No,6
STU-05015,Non-binary,21-25,No,3
STU-05016,Female,36+,No,4
STU-05017,Female,26-35,No,7
STU-05018,Female,Under 21,No,6
STU-05019,Male,Under 21,No,5
STU-05020,Female,21-25,No,1
STU-05021,Female,21-25,No,10
STU-05022,Male,21-25,No,9
STU-05023,Female,21-25,Yes,4
STU-05024,Female,21-25,No,9
STU-05025,Prefer not to say,21-25,No,6
STU-05026,Female,21-25,No,5
STU-05027,Male,36+,No,8
STU-05028,Female,Under 21,No,2
STU-05029,Female,21-25,No,9
STU-05030,Female,21-25,No,1
STU-05031,Male,26-35,No,7
STU-05032,Male,26-35,No,7
STU-05033,Female,Under 21,Yes,5
STU-05034,Female,36+,No,6
STU-05035,Male,Under 21,No,10
STU-05036,Female,21-25,No,2
STU-05037,Female,Under 21,No,3
STU-05038,Female,21-25,No,3
STU-05039,Non-binary,21-25,No,1
STU-05040,Male,21-25,No,5
STU-05041,Female,26-35,No,6
STU-05042,Female,21-25,No,8
STU-05043,Female,Under 21,Yes,7
STU-05044,Non-binary,21-25,No,1
STU-05045,Male,21-25,Yes,8
STU-05046,Male,Under 21,Yes,6
STU-05047,Female,Under 21,No,2
STU-05048,Female,26-35,No,5
STU-05049,Female,36+,No,10
STU-05050,Male,21-25,No,10
STU-05051,Female,21-25,No,5
STU-05052,Female,Under 21,No,3
STU-05053,Female,21-25,No,4
STU-05054,Male,21-25,No,7
STU-05055,Female,Under 21,No,8
STU-05056,Male,Under 21,No,2
STU-05057,Female,21-25,Yes,4
STU-05058,Female,21-25,No,9
STU-05059,Female,21-25,No,5
STU-05060,Male,36+,No,2
STU-05061,Female,Under 21,No,8
STU-05062,Male,26-35,No,9
STU-05063,Female,26-35,No,2
STU-05064,Male,21-25,No,3
STU-05065,Male,21-25,No,7
STU-05066,Male,21-25,No,5
STU-05067,Male,Under 21,No,5
STU-05068,Male,Under 21,No,2
STU-05069,Female,Under 21,No,8
STU-05070,Female,21-25,No,4
STU-05071,Male,Under 21,No,1
STU-05072,Non-binary,26-35,No,4
STU-05073,Female,21-25,No,2
STU-05074,Male,Under 21,No,5
STU-05075,Female,Under 21,No,10
STU-05076,Female,36+,No,3
STU-05077,Male,21-25,No,6
STU-05078,Female,Under 21,No,2
STU-05079,Male,Under 21,No,8
STU-05080,Female,21-25,No,5
STU-05081,Female,26-35,No,6
STU-05082,Female,26-35,No,1
STU-05083,Male,21-25,No,8
STU-05084,Female,Under 21,No,1
STU-05085,Male,Under 21,No,6
STU-05086,Female,Under 21,No,7
STU-05087,Male,21-25,No,4
STU-05088,Female,26-35,No,7
STU-05089,Female,26-35,No,10
STU-05090,Non-binary,21-25,No,4
STU-05091,Female,21-25,No,1
STU-05092,Female,21-25,No,5
STU-05093,Female,Under 21,No,6
STU-05094,Male,36+,No,6
STU-05095,Female,21-25,Yes,7
STU-05096,Male,26-35,Yes,3
STU-05097,Male,Under 21,Yes,7
STU-05098,Male,Under 21,No,9
STU-05099,Male,21-25,No,4
STU-05100,Male,26-35,No,7
STU-05101,Non-binary,21-25,No,8
STU-05102,Male,21-25,No,6
STU-05103,Female,21-25,No,10
STU-05104,Male,Under 21,No,5
STU-05105,Male,Under 21,No,3
STU-05106,Female,Under 21,No,1
STU-05107,Female,21-25,No,3
STU-05108,Male,21-25,No,9
STU-05109,Female,Under 21,No,7
STU-05110,Female,Under 21,Yes,4
STU-05111,Male,26-35,No,10
STU-05112,Female,26-35,No,8
STU-05113,Non-binary,21-25,No,4
STU-05114,Male,21-25,No,8
STU-05115,Female,26-35,No,10
STU-05116,Female,Under 21,Yes,3
STU-05117,Female,Under 21,No,8
STU-05118,Female,21-25,No,7
STU-05119,Female,21-25,No,10
STU-05120,Female,21-25,No,2
STU-05121,Female,26-35,No,10
STU-05122,Female,Under 21,No,3
STU-05123,Male,21-25,No,6
STU-05124,Female,Under 21,No,6
STU-05125,Female,36+,No,3
STU-05126,Male,21-25,No,8
STU-05127,Male,26-35,No,4
STU-05128,Female,26-35,No,3
STU-05129,Male,26-35,No,6
STU-05130,Female,Under 21,No,2
STU-05131,Male,36+,No,9
STU-05132,Male,21-25,No,9
STU-05133,Female,Under 21,No,1
STU-05134,Female,21-25,No,7
STU-05135,Male,26-35,No,5
STU-05136,Female,21-25,No,5
STU-05137,Female,21-25,No,1
STU-05138,Male,Under 21,No,7
STU-05139,Male,26-35,No,10
STU-05140,Male,21-25,No,10
STU-05141,Female,21-25,No,3
STU-05142,Male,26-35,No,10
STU-05143,Male,21-25,No,1
STU-05144,Female,21-25,Yes,2
STU-05145,Male,36+,No,1
STU-05146,Female,Under 21,No,4
STU-05147,Female,Under 21,No,5
STU-05148,Male,21-25,Yes,5
STU-05149,Female,21-25,No,4
STU-05150,Female,Under 21,No,9
STU-05151,Non-binary,Under 21,No,9
STU-05152,Female,21-25,No,3
STU-05153,Male,26-35,Yes,4
STU-05154,Male,36+,No,5
STU-05155,Female,26-35,No,4
STU-05156,Male,Under 21,Yes,1
STU-05157,Female,21-25,No,10
STU-05158,Male,Under 21,Yes,4
STU-05159,Female,Under 21,Yes,1
STU-05160,Female,Under 21,No,8
STU-05161,Female,Under 21,No,5
STU-05162,Female,Under 21,No,9
STU-05163,Male,21-25,No,1
STU-05164,Male,21-25,No,3
STU-05165,Male,26-35,No,3
STU-05166,Male,26-35,No,5
STU-05167,Male,Under 21,No,3
STU-05168,Male,21-25,No,6
STU-05169,Male,21-25,No,8
STU-05170,Female,21-25,No,1
STU-05171,Male,21-25,No,6
STU-05172,Male,Under 21,No,7
STU-05173,Female,21-25,No,3
STU-05174,Male,21-25,No,3
STU-05175,Male,21-25,No,4
STU-05176,Female,26-35,No,6
STU-05177,Male,26-35,No,7
STU-05178,Female,21-25,No,8
STU-05179,Female,21-25,No,3
STU-05180,Female,21-25,No,6
STU-05181,Female,21-25,No,7
STU-05182,Male,26-35,No,2
STU-05183,Female,21-25,Yes,10
STU-05184,Male,36+,No,1
STU-05185,Male,26-35,No,5
STU-05186,Male,Under 21,No,4
STU-05187,Female,21-25,No,7
STU-05188,Female,21-25,No,3
STU-05189,Male,Under 21,No,6
STU-05190,Male,Under 21,No,3
STU-05191,Female,21-25,No,5
STU-05192,Prefer not to say,26-35,No,9
STU-05193,Female,26-35,No,1
STU-05194,Female,21-25,No,6
STU-05195,Female,Under 21,No,2
STU-05196,Male,26-35,Yes,5
STU-05197,Male,21-25,No,10
STU-05198,Male,26-35,No,7
STU-05199,Non-binary,Under 21,No,10
STU-05200,Male,26-35,No,4
STU-05201,Female,Under 21,No,1
STU-05202,Male,26-35,No,5
STU-05203,Female,36+,No,7
STU-05204,Male,21-25,No,2
STU-05205,Female,21-25,No,7
STU-05206,Female,21-25,No,7
STU-05207,Male,26-35,No,7
STU-05208,Male,26-35,No,4
STU-05209,Male,Under 21,No,8
STU-05210,Female,Under 21,Yes,2
STU-05211,Male,21-25,No,8
STU-05212,Male,21-25,No,2
STU-05213,Male,Under 21,No,2
STU-05214,Male,21-25,No,6
STU-05215,Male,36+,No,7
STU-05216,Female,21-25,No,6
STU-05217,Male,21-25,No,9
STU-05218,Female,21-25,No,1
STU-05219,Male,21-25,No,7
STU-05220,Female,Under 21,No,5
STU-05221,Female,Under 21,No,7
STU-05222,Female,21-25,No,5
STU-05223,Female,26-35,No,7
STU-05224,Female,21-25,No,9
STU-05225,Female,36+,No,4
STU-05226,Male,Under 21,No,8
STU-05227,Female,Under 21,Yes,8
STU-05228,Female,21-25,Yes,4
STU-05229,Male,Under 21,No,5
STU-05230,Female,Under 21,No,1
STU-05231,Female,21-25,No,9
STU-05232,Male,Under 21,No,7
STU-05233,Female,Under 21,No,6
STU-05234,Female,Under 21,No,8
STU-05235,Male,21-25,No,3
STU-05236,Female,26-35,No,9
STU-05237,Female,21-25,No,3
STU-05238,Male,21-25,No,8
STU-05239,Female,Under 21,No,1
STU-05240,Female,21-25,No,10
STU-05241,Male,21-25,No,5
STU-05242,Female,Under 21,No,8
STU-05243,Female,21-25,No,1
STU-05244,Female,21-25,No,5
STU-05245,Non-binary,36+,No,4
STU-05246,Male,Under 21,No,5
STU-05247,Female,Under 21,No,10
STU-05248,Female,21-25,No,4
STU-05249,Female,21-25,No,2
STU-05250,Female,Under 21,No,8
STU-05251,Female,21-25,No,10
STU-05252,Female,36+,No,6
STU-05253,Female,Under 21,No,3
STU-05254,Female,21-25,No,3
STU-05255,Female,Under 21,No,5
STU-05256,Female,26-35,No,9
STU-05257,Male,21-25,No,4
STU-05258,Female,Under 21,No,3
STU-05259,Female,21-25,No,4
STU-05260,Male,26-35,No,3
STU-05261,Female,21-25,No,2
STU-05262,Male,36+,No,2
STU-05263,Male,21-25,Yes,5
STU-05264,Male,21-25,No,10
STU-05265,Female,Under 21,No,10
STU-05266,Female,26-35,No,7
STU-05267,Male,26-35,No,8
STU-05268,Male,Under 21,No,1
STU-05269,Female,Under 21,No,2
STU-05270,Male,21-25,No,8
STU-05271,Male,26-35,No,1
STU-05272,Female,21-25,No,6
STU-05273,Female,Under 21,No,3
STU-05274,Non-binary,21-25,Yes,3
STU-05275,Female,36+,No,8
STU-05276,Female,21-25,No,5
STU-05277,Female,21-25,No,4
STU-05278,Female,21-25,No,10
STU-05279,Male,21-25,No,7
STU-05280,Male,Under 21,No,5
STU-05281,Male,21-25,No,2
STU-05282,Male,21-25,No,8
STU-05283,Male,21-25,No,8
STU-05284,Female,21-25,No,7
STU-05285,Female,21-25,No,9
STU-05286,Female,26-35,No,6
STU-05287,Female,Under 21,No,5
STU-05288,Female,26-35,No,6
STU-05289,Male,21-25,Yes,7
STU-05290,Female,21-25,No,7
STU-05291,Male,21-25,No,4
STU-05292,Female,36+,No,10
STU-05293,Female,Under 21,No,6
STU-05294,Female,26-35,No,2
STU-05295,Female,26-35,No,4
STU-05296,Female,Under 21,Yes,3
STU-05297,Male,26-35,No,6
STU-05298,Male,26-35,No,3
STU-05299,Male,21-25,No,6
STU-05300,Male,Under 21,No,6
STU-05301,Female,Under 21,No,7
STU-05302,Female,21-25,No,9
STU-05303,Female,Under 21,No,5
STU-05304,Male,Under 21,No,7
STU-05305,Female,21-25,No,1
STU-05306,Male,21-25,No,4
STU-05307,Male,Under 21,No,9
STU-05308,Male,21-25,No,1
STU-05309,Female,21-25,No,6
STU-05310,Male,21-25,No,6
STU-05311,Male,Under 21,No,10
STU-05312,Non-binary,26-35,No,6
STU-05313,Male,Under 21,No,4
STU-05314,Male,26-35,No,5
STU-05315,Female,Under 21,No,2
STU-05316,Non-binary,21-25,No,7
STU-05317,Female,Under 21,No,6
STU-05318,Female,Under 21,No,2
STU-05319,Male,Under 21,No,7
STU-05320,Female,21-25,No,8
STU-05321,Male,Under 21,No,9
STU-05322,Male,Under 21,No,3
STU-05323,Male,36+,No,1
STU-05324,Male,21-25,No,7
STU-05325,Female,21-25,Yes,1
STU-05326,Male,Under 21,No,9
STU-05327,Male,Under 21,No,7
STU-05328,Male,21-25,No,2
STU-05329,Female,36+,No,5
STU-05330,Female,Under 21,No,5
STU-05331,Female,Under 21,No,3
STU-05332,Male,36+,No,7
STU-05333,Female,36+,No,10
STU-05334,Female,21-25,No,7
STU-05335,Male,21-25,No,5
STU-05336,Female,21-25,No,9
STU-05337,Female,Under 21,No,9
STU-05338,Male,21-25,No,6
STU-05339,Female,Under 21,No,2
STU-05340,Male,Under 21,Yes,8
STU-05341,Male,21-25,No,6
STU-05342,Female,Under 21,No,1
STU-05343,Male,21-25,No,7
STU-05344,Female,Under 21,No,2
STU-05345,Female,26-35,No,5
STU-05346,Female,Under 21,Yes,10
STU-05347,Non-binary,21-25,No,6
STU-05348,Female,26-35,No,5
STU-05349,Male,21-25,No,9
STU-05350,Female,Under 21,No,1
STU-05351,Female,21-25,No,2
STU-05352,Male,21-25,No,1
STU-05353,Male,Under 21,Yes,10
STU-05354,Male,21-25,No,8
STU-05355,Male,Under 21,No,10
STU-05356,Male,Under 21,No,4
STU-05357,Female,21-25,Yes,2
STU-05358,Female,21-25,No,3
STU-05359,Male,21-25,No,5
STU-05360,Male,Under 21,No,9
STU-05361,Male,Under 21,No,8
STU-05362,Male,21-25,No,8
STU-05363,Female,21-25,Yes,7
STU-05364,Male,26-35,No,5
STU-05365,Female,Under 21,No,8
STU-05366,Male,Under 21,No,1
STU-05367,Male,Under 21,No,1
STU-05368,Female,26-35,No,10
STU-05369,Female,Under 21,No,4
STU-05370,Female,21-25,No,10
STU-05371,Female,21-25,No,8
STU-05372,Female,26-35,No,9
STU-05373,Female,Under 21,No,3
STU-05374,Male,21-25,No,8
STU-05375,Female,26-35,Yes,3
STU-05376,Female,21-25,No,6
STU-05377,Female,21-25,No,4
STU-05378,Female,21-25,No,9
STU-05379,Male,Under 21,No,10
STU-05380,Male,21-25,Yes,5
STU-05381,Female,21-25,No,7
STU-05382,Male,Under 21,No,7
STU-05383,Male,21-25,Yes,1
STU-05384,Female,Under 21,No,3
STU-05385,Female,26-35,No,1
STU-05386,Female,26-35,No,10
STU-05387,Female,21-25,Yes,7
STU-05388,Male,21-25,No,1
STU-05389,Female,26-35,No,2
STU-05390,Female,26-35,No,8
STU-05391,Male,21-25,No,2
STU-05392,Female,26-35,No,3
STU-05393,Female,21-25,No,9
STU-05394,Male,Under 21,No,8
STU-05395,Female,36+,No,2
STU-05396,Female,26-35,No,4
STU-05397,Male,26-35,No,7
STU-05398,Female,26-35,Yes,3
STU-05399,Female,Under 21,No,10
STU-05400,Male,36+,No,9
STU-05401,Female,21-25,No,5
STU-05402,Male,Under 21,No,4
STU-05403,Male,21-25,No,10
STU-05404,Female,Under 21,Yes,4
STU-05405,Female,Under 21,No,4
STU-05406,Male,21-25,Yes,2
STU-05407,Male,26-35,Yes,5
STU-05408,Male,21-25,Yes,3
STU-05409,Female,36+,No,10
STU-05410,Male,Under 21,No,6
STU-05411,Female,26-35,No,6
STU-05412,Female,Under 21,No,7
STU-05413,Non-binary,21-25,No,1
STU-05414,Male,26-35,No,9
STU-05415,Female,Under 21,No,5
STU-05416,Male,36+,No,3
STU-05417,Prefer not to say,21-25,No,10
STU-05418,Male,21-25,Yes,4
STU-05419,Male,36+,No,4
STU-05420,Male,21-25,No,7
STU-05421,Male,Under 21,No,5
STU-05422,Non-binary,21-25,No,8
STU-05423,Female,Under 21,Yes,7
STU-05424,Female,26-35,Yes,8
STU-05425,Male,21-25,No,9
STU-05426,Female,21-25,No,4
STU-05427,Male,21-25,No,1
STU-05428,Female,26-35,No,9
STU-05429,Male,26-35,No,7
STU-05430,Male,21-25,No,7
STU-05431,Female,21-25,No,1
STU-05432,Male,21-25,No,2
STU-05433,Female,26-35,No,7
STU-05434,Female,36+,Yes,8
STU-05435,Female,21-25,No,6
STU-05436,Female,36+,No,8
STU-05437,Male,36+,Yes,8
STU-05438,Female,21-25,No,8
STU-05439,Female,21-25,No,2
STU-05440,Male,21-25,No,5
STU-05441,Female,21-25,No,7
STU-05442,Male,26-35,No,6
STU-05443,Male,21-25,No,2
STU-05444,Female,21-25,No,6
STU-05445,Male,26-35,Yes,4
STU-05446,Male,21-25,No,1
STU-05447,Female,26-35,No,1
STU-05448,Male,Under 21,No,6
STU-05449,Female,21-25,No,7
STU-05450,Female,26-35,No,4
STU-05451,Male,26-35,No,3
STU-05452,Male,21-25,No,9
STU-05453,Male,Under 21,Yes,9
STU-05454,Female,Under 21,No,8
STU-05455,Male,21-25,No,5
STU-05456,Female,26-35,No,2
STU-05457,Female,21-25,No,4
STU-05458,Male,21-25,No,2
STU-05459,Female,21-25,No,3
STU-05460,Male,21-25,No,10
STU-05461,Male,36+,No,9
STU-05462,Male,21-25,No,3
STU-05463,Female,36+,No,4
STU-05464,Female,26-35,No,6
STU-05465,Female,Under 21,No,1
STU-05466,Female,Under 21,No,6
STU-05467,Male,26-35,No,9
STU-05468,Female,Under 21,No,10
STU-05469,Female,Under 21,No,8
STU-05470,Male,21-25,No,3
STU-05471,Male,21-25,No,5
STU-05472,Male,Under 21,No,6
STU-05473,Male,21-25,No,8
STU-05474,Female,Under 21,No,3
STU-05475,Male,26-35,No,5
STU-05476,Female,Under 21,Yes,8
STU-05477,Male,Under 21,No,6
STU-05478,Female,Under 21,No,3
STU-05479,Female,26-35,No,1
STU-05480,Male,Under 21,No,8
STU-05481,Female,21-25,No,2
STU-05482,Male,26-35,No,1
STU-05483,Male,Under 21,No,2
STU-05484,Female,21-25,No,4
STU-05485,Female,Under 21,No,9
STU-05486,Female,21-25,No,5
STU-05487,Male,26-35,No,7
STU-05488,Male,21-25,Yes,6
STU-05489,Female,Under 21,No,5
STU-05490,Male,Under 21,No,4
STU-05491,Female,Under 21,No,10
STU-05492,Female,21-25,Yes,6
STU-05493,Male,21-25,No,5
STU-05494,Female,21-25,No,3
STU-05495,Female,21-25,No,3
STU-05496,Male,Under 21,No,3
STU-05497,Non-binary,Under 21,No,2
STU-05498,Female,Under 21,No,4
STU-05499,Male,21-25,No,7
STU-05500,Male,Under 21,No,6
STU-05501,Female,Under 21,No,6
STU-05502,Male,36+,No,2
STU-05503,Male,21-25,No,2
STU-05504,Male,Under 21,No,6
STU-05505,Male,21-25,No,10
STU-05506,Female,Under 21,No,5
STU-05507,Female,Under 21,No,6
STU-05508,Male,26-35,No,5
STU-05509,Female,Under 21,No,9
STU-05510,Female,Under 21,No,5
STU-05511,Female,Under 21,No,3
STU-05512,Female,21-25,Yes,3
STU-05513,Female,26-35,No,5
STU-05514,Female,Under 21,No,7
STU-05515,Male,21-25,No,5
STU-05516,Male,26-35,Yes,8
STU-05517,Male,Under 21,No,10
STU-05518,Female,21-25,No,7
STU-05519,Female,Under 21,No,7
STU-05520,Male,Under 21,No,3
STU-05521,Female,26-35,No,8
STU-05522,Male,Under 21,No,7
STU-05523,Male,36+,No,4
STU-05524,Male,21-25,No,1
STU-05525,Female,21-25,No,7
STU-05526,Female,21-25,No,2
STU-05527,Female,Under 21,No,1
STU-05528,Female,Under 21,No,3
STU-05529,Male,21-25,No,3
STU-05530,Female,26-35,No,7
STU-05531,Male,Under 21,No,8
STU-05532,Male,Under 21,Yes,7
STU-05533,Male,Under 21,Yes,2
STU-05534,Male,21-25,No,2
STU-05535,Female,21-25,No,7
STU-05536,Male,21-25,No,8
STU-05537,Female,21-25,No,5
STU-05538,Female,Under 21,No,8
STU-05539,Male,21-25,No,10
STU-05540,Non-binary,21-25,No,5
STU-05541,Female,21-25,No,9
STU-05542,Male,21-25,No,8
STU-05543,Prefer not to say,21-25,No,9
STU-05544,Male,Under 21,No,8
STU-05545,Female,36+,No,5
STU-05546,Female,Under 21,No,7
STU-05547,Female,26-35,No,4
STU-05548,Female,21-25,No,10
STU-05549,Female,21-25,Yes,3
STU-05550,Female,Under 21,No,1
STU-05551,Male,26-35,No,9
STU-05552,Female,26-35,No,2
STU-05553,Male,21-25,No,4
STU-05554,Male,Under 21,No,5
STU-05555,Female,21-25,No,4
STU-05556,Non-binary,21-25,No,3
STU-05557,Female,Under 21,No,2
STU-05558,Male,36+,No,9
STU-05559,Male,Under 21,No,3
STU-05560,Female,21-25,No,6
STU-05561,Male,26-35,No,7
STU-05562,Male,21-25,No,7
STU-05563,Male,21-25,No,4
STU-05564,Male,21-25,Yes,10
STU-05565,Female,Under 21,No,9
STU-05566,Male,26-35,No,8
STU-05567,Female,21-25,No,9
STU-05568,Male,26-35,No,10
STU-05569,Male,26-35,No,4
STU-05570,Male,Under 21,No,8
STU-05571,Male,Under 21,No,4
STU-05572,Female,Under 21,No,7
STU-05573,Female,Under 21,No,10
STU-05574,Male,26-35,No,4
STU-05575,Female,21-25,No,8
STU-05576,Female,36+,Yes,8
STU-05577,Female,Under 21,No,4
STU-05578,Female,21-25,No,5
STU-05579,Non-binary,Under 21,No,7
STU-05580,Male,21-25,No,10
STU-05581,Female,Under 21,No,5
STU-05582,Non-binary,Under 21,Yes,9
STU-05583,Male,Under 21,Yes,2
STU-05584,Male,21-25,No,1
STU-05585,Male,21-25,Yes,9
STU-05586,Female,21-25,No,10
STU-05587,Male,26-35,No,6
STU-05588,Female,Under 21,No,5
STU-05589,Male,21-25,No,7
STU-05590,Male,Under 21,No,4
STU-05591,Female,21-25,No,1
STU-05592,Female,Under 21,No,4
STU-05593,Male,21-25,No,9
STU-05594,Female,21-25,No,3
STU-05595,Female,26-35,Yes,4
STU-05596,Male,Under 21,No,4
STU-05597,Male,Under 21,No,2
STU-05598,Female,21-25,Yes,10
STU-05599,Non-binary,36+,No,8
STU-05600,Female,26-35,No,4
STU-05601,Female,21-25,No,5
STU-05602,Female,21-25,No,10
STU-05603,Female,Under 21,Yes,5
STU-05604,Male,36+,No,8
STU-05605,Female,Under 21,No,1
STU-05606,Female,Under 21,Yes,7
STU-05607,Female,Under 21,Yes,10
STU-05608,Female,Under 21,No,3
STU-05609,Female,Under 21,No,4
STU-05610,Female,26-35,No,3
STU-05611,Male,21-25,No,2
STU-05612,Female,21-25,No,5
STU-05613,Female,Under 21,No,10
STU-05614,Female,Under 21,No,6
STU-05615,Female,Under 21,No,9
STU-05616,Female,21-25,No,3
STU-05617,Male,21-25,No,10
STU-05618,Male,21-25,No,8
STU-05619,Female,26-35,No,7
STU-05620,Female,36+,No,6
STU-05621,Male,26-35,Yes,8
STU-05622,Male,21-25,Yes,4
STU-05623,Female,Under 21,No,5
STU-05624,Female,21-25,No,3
STU-05625,Male,21-25,No,9
STU-05626,Male,Under 21,No,5
STU-05627,Male,21-25,No,6
STU-05628,Male,Under 21,No,10
STU-05629,Male,Under 21,No,3
STU-05630,Male,36+,No,6
STU-05631,Male,26-35,No,6
STU-05632,Prefer not to say,26-35,No,5
STU-05633,Female,26-35,No,10
STU-05634,Male,21-25,No,8
STU-05635,Male,21-25,No,4
STU-05636,Female,21-25,Yes,10
STU-05637,Male,21-25,No,2
STU-05638,Female,Under 21,No,5
STU-05639,Male,Under 21,No,7
STU-05640,Male,21-25,No,9
STU-05641,Male,26-35,No,10
STU-05642,Male,21-25,No,2
STU-05643,Female,21-25,No,5
STU-05644,Female,21-25,No,5
STU-05645,Male,21-25,No,7
STU-05646,Male,36+,No,10
STU-05647,Non-binary,Under 21,No,9
STU-05648,Male,21-25,No,9
STU-05649,Male,36+,No,7
STU-05650,Female,21-25,No,9
STU-05651,Female,21-25,No,4
STU-05652,Male,21-25,No,1
STU-05653,Female,26-35,No,7
STU-05654,Female,21-25,No,4
STU-05655,Male,26-35,No,3
STU-05656,Male,Under 21,No,1
STU-05657,Male,Under 21,No,2
STU-05658,Female,21-25,No,9
STU-05659,Male,21-25,No,8
STU-05660,Male,21-25,No,5
STU-05661,Male,Under 21,No,5
STU-05662,Male,21-25,No,1
STU-05663,Male,21-25,Yes,10
STU-05664,Male,26-35,No,2
STU-05665,Female,21-25,No,9
STU-05666,Female,26-35,Yes,10
STU-05667,Female,21-25,No,10
STU-05668,Female,Under 21,No,4
STU-05669,Female,26-35,No,8
STU-05670,Female,Under 21,No,3
STU-05671,Female,21-25,No,4
STU-05672,Male,Under 21,No,3
STU-05673,Male,21-25,No,8
STU-05674,Male,21-25,Yes,5
STU-05675,Female,21-25,No,9
STU-05676,Male,21-25,No,4
STU-05677,Female,21-25,No,8
STU-05678,Female,26-35,No,1
STU-05679,Female,26-35,No,10
STU-05680,Male,21-25,No,4
STU-05681,Female,26-35,No,1
STU-05682,Male,21-25,No,8
STU-05683,Female,21-25,Yes,4
STU-05684,Female,Under 21,No,9
STU-05685,Male,26-35,No,8
STU-05686,Male,Under 21,No,5
STU-05687,Female,21-25,No,8
STU-05688,Male,36+,Yes,2
STU-05689,Female,21-25,No,4
STU-05690,Female,Under 21,No,5
STU-05691,Female,21-25,No,9
STU-05692,Male,26-35,No,3
STU-05693,Female,26-35,No,6
STU-05694,Female,Under 21,No,3
STU-05695,Female,36+,No,1
STU-05696,Male,21-25,No,1
STU-05697,Female,21-25,No,8
STU-05698,Female,Under 21,No,10
STU-05699,Female,21-25,No,6
STU-05700,Female,Under 21,No,1
STU-05701,Female,21-25,No,10
STU-05702,Female,21-25,Yes,2
STU-05703,Female,21-25,Yes,1
STU-05704,Female,26-35,No,5
STU-05705,Female,21-25,No,8
STU-05706,Female,Under 21,No,5
STU-05707,Female,Under 21,No,1
STU-05708,Male,21-25,No,1
STU-05709,Male,21-25,No,8
STU-05710,Female,21-25,No,8
STU-05711,Male,Under 21,No,9
STU-05712,Female,Under 21,Yes,10
STU-05713,Female,21-25,No,9
STU-05714,Male,36+,Yes,1
STU-05715,Male,Under 21,No,4
STU-05716,Male,Under 21,No,9
STU-05717,Male,Under 21,No,7
STU-05718,Female,21-25,No,7
STU-05719,Female,Under 21,No,3
STU-05720,Male,Under 21,No,6
STU-05721,Male,26-35,No,6
STU-05722,Male,21-25,No,10
STU-05723,Male,36+,No,3
STU-05724,Male,26-35,Yes,6
STU-05725,Male,21-25,No,3
STU-05726,Male,21-25,No,8
STU-05727,Female,21-25,No,8
STU-05728,Male,Under 21,No,7
STU-05729,Male,21-25,No,1
STU-05730,Female,36+,No,7
STU-05731,Female,26-35,Yes,1
STU-05732,Male,Under 21,No,8
STU-05733,Male,21-25,No,3
STU-05734,Female,21-25,No,9
STU-05735,Female,21-25,No,6
STU-05736,Female,Under 21,No,2
STU-05737,Male,21-25,No,6
STU-05738,Male,21-25,No,4
STU-05739,Female,36+,Yes,9
STU-05740,Female,21-25,No,7
STU-05741,Female,Under 21,No,5
STU-05742,Female,21-25,No,6
STU-05743,Female,21-25,No,5
STU-05744,Female,21-25,No,5
STU-05745,Male,Under 21,No,3
STU-05746,Female,21-25,No,1
STU-05747,Male,Under 21,No,4
STU-05748,Male,Under 21,No,7
STU-05749,Female,26-35,No,9
STU-05750,Female,Under 21,No,3
STU-05751,Female,21-25,No,5
STU-05752,Male,21-25,No,1
STU-05753,Female,21-25,No,5
STU-05754,Male,36+,No,9
STU-05755,Male,21-25,No,1
STU-05756,Male,21-25,No,2
STU-05757,Male,21-25,No,7
STU-05758,Female,21-25,No,9
STU-05759,Female,36+,Yes,4
STU-05760,Male,26-35,No,9
STU-05761,Male,26-35,No,7
STU-05762,Male,26-35,Yes,9
STU-05763,Male,21-25,No,1
STU-05764,Female,21-25,No,1
STU-05765,Female,21-25,No,2
STU-05766,Male,Under 21,No,2
STU-05767,Female,26-35,No,8
STU-05768,Male,21-25,No,3
STU-05769,Female,21-25,No,10
STU-05770,Female,21-25,No,5
STU-05771,Male,21-25,No,7
STU-05772,Female,Under 21,No,7
STU-05773,Non-binary,26-35,No,3
STU-05774,Male,Under 21,No,7
STU-05775,Male,21-25,No,6
STU-05776,Female,21-25,No,1
STU-05777,Female,Under 21,No,9
STU-05778,Female,26-35,No,1
STU-05779,Male,21-25,No,3
STU-05780,Female,26-35,Yes,10
STU-05781,Female,21-25,No,4
STU-05782,Female,26-35,No,6
STU-05783,Male,Under 21,No,7
STU-05784,Female,26-35,No,8
STU-05785,Female,36+,No,1
STU-05786,Female,26-35,No,3
STU-05787,Female,21-25,No,2
STU-05788,Female,36+,No,9
STU-05789,Male,21-25,No,10
STU-05790,Female,21-25,No,10
STU-05791,Female,21-25,Yes,7
STU-05792,Male,Under 21,No,6
STU-05793,Male,21-25,Yes,9
STU-05794,Male,21-25,No,9
STU-05795,Female,Under 21,No,10
STU-05796,Male,21-25,No,2
STU-05797,Female,Under 21,No,9
STU-05798,Female,36+,No,9
STU-05799,Female,Under 21,Yes,7
STU-05800,Female,21-25,No,3
STU-05801,Female,Under 21,No,6
STU-05802,Male,21-25,No,8
STU-05803,Male,21-25,No,3
STU-05804,Female,21-25,No,8
STU-05805,Female,21-25,Yes,9
STU-05806,Female,Under 21,No,7
STU-05807,Female,21-25,No,6
STU-05808,Female,Under 21,No,1
STU-05809,Female,21-25,No,10
STU-05810,Male,21-25,Yes,1
STU-05811,Female,21-25,No,5
STU-05812,Female,Under 21,No,3
STU-05813,Female,Under 21,No,7
STU-05814,Non-binary,21-25,No,7
STU-05815,Non-binary,Under 21,No,1
STU-05816,Male,21-25,No,2
STU-05817,Female,26-35,No,10
STU-05818,Female,Under 21,No,1
STU-05819,Female,21-25,No,6
STU-05820,Male,21-25,No,1
STU-05821,Female,36+,No,1
STU-05822,Male,36+,No,8
STU-05823,Female,26-35,No,6
STU-05824,Female,26-35,No,8
STU-05825,Male,21-25,No,8
STU-05826,Male,21-25,No,4
STU-05827,Female,21-25,No,1
STU-05828,Female,Under 21,No,9
STU-05829,Female,21-25,No,6
STU-05830,Prefer not to say,21-25,Yes,6
STU-05831,Male,Under 21,No,6
STU-05832,Female,21-25,No,2
STU-05833,Female,Under 21,No,1
STU-05834,Male,Under 21,No,6
STU-05835,Female,21-25,No,4
STU-05836,Prefer not to say,26-35,No,1
STU-05837,Female,Under 21,No,5
STU-05838,Female,Under 21,No,9
STU-05839,Male,36+,No,9
STU-05840,Male,21-25,No,5
STU-05841,Female,21-25,No,10
STU-05842,Female,21-25,No,9
STU-05843,Male,26-35,No,2
STU-05844,Male,26-35,No,9
STU-05845,Prefer not to say,Under 21,No,5
STU-05846,Male,21-25,No,3
STU-05847,Male,21-25,No,7
STU-05848,Male,21-25,No,10
STU-05849,Female,Under 21,No,6
STU-05850,Male,26-35,No,3
STU-05851,Female,26-35,No,10
STU-05852,Male,21-25,No,6
STU-05853,Female,Under 21,No,1
STU-05854,Female,26-35,No,8
STU-05855,Female,21-25,No,5
STU-05856,Female,21-25,No,5
STU-05857,Female,21-25,Yes,2
STU-05858,Female,21-25,No,6
STU-05859,Female,21-25,No,7
STU-05860,Male,21-25,No,1
STU-05861,Male,Under 21,No,2
STU-05862,Non-binary,21-25,No,9
STU-05863,Female,21-25,No,6
STU-05864,Female,21-25,No,3
STU-05865,Male,21-25,No,3
STU-05866,Female,Under 21,No,8
STU-05867,Female,26-35,Yes,2
STU-05868,Male,21-25,No,2
STU-05869,Male,21-25,No,10
STU-05870,Male,21-25,Yes,1
STU-05871,Female,26-35,Yes,6
STU-05872,Female,26-35,No,7
STU-05873,Male,26-35,No,4
STU-05874,Male,21-25,No,8
STU-05875,Female,21-25,No,3
STU-05876,Male,21-25,No,5
STU-05877,Female,21-25,No,10
STU-05878,Male,Under 21,No,2
STU-05879,Male,21-25,No,2
STU-05880,Male,26-35,Yes,3
STU-05881,Male,21-25,No,3
STU-05882,Male,21-25,No,1
STU-05883,Male,26-35,No,7
STU-05884,Female,21-25,No,6
STU-05885,Male,21-25,No,10
STU-05886,Male,Under 21,No,10
STU-05887,Female,36+,Yes,2
STU-05888,Male,Under 21,No,1
STU-05889,Female,21-25,No,2
STU-05890,Female,Under 21,No,10
STU-05891,Male,26-35,No,7
STU-05892,Female,21-25,No,10
STU-05893,Female,21-25,Yes,7
STU-05894,Female,Under 21,No,4
STU-05895,Male,26-35,No,8
STU-05896,Male,21-25,No,1
STU-05897,Female,Under 21,No,10
STU-05898,Male,Under 21,No,10
STU-05899,Male,21-25,No,5
STU-05900,Male,26-35,No,2
STU-05901,Female,Under 21,No,6
STU-05902,Female,21-25,No,9
STU-05903,Female,26-35,No,1
STU-05904,Female,21-25,No,10
STU-05905,Prefer not to say,Under 21,No,1
STU-05906,Female,21-25,No,1
STU-05907,Female,Under 21,No,9
STU-05908,Female,Under 21,No,10
STU-05909,Female,21-25,No,7
STU-05910,Female,Under 21,No,10
STU-05911,Male,21-25,No,5
STU-05912,Male,26-35,Yes,6
STU-05913,Female,Under 21,No,4
STU-05914,Male,Under 21,No,4
STU-05915,Male,Under 21,No,4
STU-05916,Prefer not to say,21-25,Yes,5
STU-05917,Male,Under 21,No,9
STU-05918,Male,21-25,No,10
STU-05919,Female,26-35,No,4
STU-05920,Male,21-25,No,7
STU-05921,Female,Under 21,No,6
STU-05922,Female,Under 21,No,9
STU-05923,Male,21-25,No,5
STU-05924,Male,Under 21,No,8
STU-05925,Male,21-25,No,3
STU-05926,Male,Under 21,Yes,4
STU-05927,Male,Under 21,No,5
STU-05928,Female,26-35,No,7
STU-05929,Male,26-35,No,4
STU-05930,Male,Under 21,No,1
STU-05931,Female,21-25,No,10
STU-05932,Female,21-25,Yes,8
STU-05933,Female,21-25,No,6
STU-05934,Male,26-35,No,4
STU-05935,Male,21-25,No,6
STU-05936,Female,21-25,No,4
STU-05937,Female,21-25,No,8
STU-05938,Female,21-25,No,9
STU-05939,Female,26-35,No,3
STU-05940,Male,Under 21,No,4
STU-05941,Non-binary,21-25,No,10
STU-05942,Male,Under 21,No,3
STU-05943,Male,Under 21,No,4
STU-05944,Male,26-35,No,1
STU-05945,Male,21-25,No,3
STU-05946,Female,21-25,No,2
STU-05947,Female,21-25,No,7
STU-05948,Female,36+,No,9
STU-05949,Male,21-25,No,2
STU-05950,Male,Under 21,No,6
STU-05951,Female,21-25,No,5
STU-05952,Female,Under 21,No,10
STU-05953,Male,36+,No,6
STU-05954,Male,26-35,No,10
STU-05955,Female,26-35,No,2
STU-05956,Male,21-25,No,3
STU-05957,Female,Under 21,No,6
STU-05958,Female,21-25,Yes,9
STU-05959,Female,Under 21,No,8
STU-05960,Male,Under 21,No,5
STU-05961,Male,26-35,No,7
STU-05962,Male,36+,No,7
STU-05963,Female,21-25,No,9
STU-05964,Female,Under 21,No,7
STU-05965,Male,26-35,Yes,7
STU-05966,Female,21-25,No,4
STU-05967,Female,Under 21,No,6
STU-05968,Female,21-25,No,2
STU-05969,Male,Under 21,No,7
STU-05970,Male,21-25,No,5
STU-05971,Male,Under 21,No,8
STU-05972,Female,26-35,No,2
STU-05973,Female,21-25,No,1
STU-05974,Female,21-25,No,2
STU-05975,Female,26-35,No,8
STU-05976,Female,26-35,No,4
STU-05977,Female,21-25,No,4
STU-05978,Female,Under 21,No,1
STU-05979,Female,36+,No,1
STU-05980,Male,26-35,No,2
STU-05981,Male,21-25,No,2
STU-05982,Female,26-35,No,2
STU-05983,Male,21-25,Yes,7
STU-05984,Male,Under 21,No,7
STU-05985,Male,21-25,No,10
STU-05986,Male,26-35,No,1
STU-05987,Female,Under 21,Yes,7
STU-05988,Female,26-35,No,3
STU-05989,Male,26-35,No,10
STU-05990,Female,Under 21,No,10
STU-05991,Non-binary,21-25,No,4
STU-05992,Male,26-35,Yes,4
STU-05993,Female,36+,Yes,10
STU-05994,Female,26-35,No,10
STU-05995,Female,Under 21,No,7
STU-05996,Male,21-25,No,3
STU-05997,Female,21-25,No,9
STU-05998,Female,Under 21,Yes,5
STU-05999,Female,21-25,No,8
STU-06000,Male,21-25,No,7
STU-06001,Female,21-25,No,4
STU-06002,Female,Under 21,No,5
STU-06003,Female,Under 21,No,9
STU-06004,Female,21-25,No,2
STU-06005,Male,36+,No,10
STU-06006,Female,21-25,No,1
STU-06007,Female,26-35,Yes,3
STU-06008,Male,Under 21,No,6
STU-06009,Female,Under 21,Yes,2
STU-06010,Female,26-35,No,3
STU-06011,Female,26-35,No,6
STU-06012,Male,21-25,No,10
STU-06013,Female,36+,No,5
STU-06014,Female,26-35,Yes,3
STU-06015,Male,21-25,No,4
STU-06016,Male,Under 21,No,2
STU-06017,Male,21-25,No,7
STU-06018,Female,21-25,No,2
STU-06019,Female,Under 21,No,9
STU-06020,Female,Under 21,No,7
STU-06021,Female,21-25,No,10
STU-06022,Female,Under 21,No,5
STU-06023,Male,21-25,Yes,7
STU-06024,Female,26-35,No,2
STU-06025,Female,21-25,No,9
STU-06026,Female,21-25,No,1
STU-06027,Male,26-35,No,6
STU-06028,Female,21-25,No,8
STU-06029,Male,21-25,No,8
STU-06030,Female,Under 21,No,5
STU-06031,Female,36+,No,5
STU-06032,Non-binary,21-25,No,5
STU-06033,Male,21-25,Yes,3
STU-06034,Female,21-25,No,3
STU-06035,Female,Under 21,No,4
STU-06036,Female,21-25,No,2
STU-06037,Female,21-25,No,2
STU-06038,Female,21-25,Yes,1
STU-06039,Female,Under 21,No,8
STU-06040,Female,26-35,No,1
STU-06041,Male,26-35,No,7
STU-06042,Female,26-35,No,7
STU-06043,Female,26-35,No,3
STU-06044,Male,Under 21,No,2
STU-06045,Male,Under 21,No,8
STU-06046,Female,21-25,No,8
STU-06047,Male,21-25,No,1
STU-06048,Female,21-25,No,1
STU-06049,Female,21-25,No,8
STU-06050,Female,21-25,No,2
STU-06051,Male,21-25,No,5
STU-06052,Male,26-35,No,7
STU-06053,Male,26-35,No,6
STU-06054,Female,Under 21,No,8
STU-06055,Male,21-25,No,3
STU-06056,Male,21-25,No,3
STU-06057,Female,21-25,No,4
STU-06058,Male,Under 21,No,2
STU-06059,Female,Under 21,No,6
STU-06060,Female,21-25,No,10
STU-06061,Male,21-25,No,5
STU-06062,Male,21-25,Yes,6
STU-06063,Female,21-25,Yes,6
STU-06064,Female,Under 21,No,2
STU-06065,Male,21-25,No,3
STU-06066,Female,Under 21,No,4
STU-06067,Female,26-35,No,1
STU-06068,Male,21-25,No,9
STU-06069,Female,21-25,Yes,2
STU-06070,Female,21-25,No,4
STU-06071,Female,Under 21,No,8
STU-06072,Male,21-25,No,2
STU-06073,Male,26-35,No,5
STU-06074,Female,21-25,No,4
STU-06075,Female,21-25,No,10
STU-06076,Female,26-35,No,10
STU-06077,Female,21-25,No,3
STU-06078,Female,Under 21,No,8
STU-06079,Female,21-25,No,6
STU-06080,Male,Under 21,No,6
STU-06081,Female,21-25,No,9
STU-06082,Male,21-25,No,10
STU-06083,Female,Under 21,No,3
STU-06084,Female,21-25,No,4
STU-06085,Male,21-25,Yes,9
STU-06086,Female,21-25,No,6
STU-06087,Female,21-25,No,3
STU-06088,Male,36+,No,5
STU-06089,Male,Under 21,No,4
STU-06090,Male,26-35,No,7
STU-06091,Male,21-25,No,9
STU-06092,Female,36+,No,1
STU-06093,Male,26-35,No,6
STU-06094,Female,21-25,No,9
STU-06095,Female,21-25,No,7
STU-06096,Female,21-25,No,1
STU-06097,Female,21-25,No,9
STU-06098,Male,26-35,No,5
STU-06099,Female,21-25,No,8
STU-06100,Female,36+,Yes,1
STU-06101,Female,Under 21,No,1
STU-06102,Male,26-35,Yes,3
STU-06103,Male,26-35,No,2
STU-06104,Female,21-25,Yes,7
STU-06105,Female,26-35,No,8
STU-06106,Female,Under 21,No,8
STU-06107,Male,21-25,No,2
STU-06108,Female,Under 21,No,4
STU-06109,Male,Under 21,Yes,8
STU-06110,Male,26-35,No,10
STU-06111,Female,21-25,No,3
STU-06112,Female,21-25,No,9
STU-06113,Female,21-25,No,9
STU-06114,Female,21-25,Yes,6
STU-06115,Male,21-25,No,3
STU-06116,Female,26-35,No,9
STU-06117,Male,21-25,No,2
STU-06118,Male,26-35,No,7
STU-06119,Male,26-35,No,4
STU-06120,Male,Under 21,No,8
STU-06121,Female,Under 21,No,7
STU-06122,Male,Under 21,Yes,10
STU-06123,Male,26-35,No,9
STU-06124,Female,21-25,No,10
STU-06125,Female,26-35,No,3
STU-06126,Male,21-25,No,10
STU-06127,Male,26-35,No,3
STU-06128,Female,21-25,No,9
STU-06129,Female,26-35,No,8
STU-06130,Male,26-35,No,10
STU-06131,Female,26-35,Yes,6
STU-06132,Male,Under 21,No,6
STU-06133,Prefer not to say,Under 21,No,2
STU-06134,Male,21-25,No,7
STU-06135,Female,21-25,No,1
STU-06136,Female,21-25,No,4
STU-06137,Male,Under 21,No,9
STU-06138,Male,21-25,No,4
STU-06139,Female,26-35,No,10
STU-06140,Female,21-25,No,1
STU-06141,Female,21-25,No,1
STU-06142,Male,26-35,No,8
STU-06143,Female,26-35,No,7
STU-06144,Female,Under 21,No,8
STU-06145,Female,21-25,No,9
STU-06146,Male,Under 21,No,7
STU-06147,Female,36+,No,8
STU-06148,Female,Under 21,No,1
STU-06149,Male,Under 21,No,10
STU-06150,Female,21-25,Yes,8
STU-06151,Female,21-25,No,6
STU-06152,Male,Under 21,No,9
STU-06153,Female,21-25,No,8
STU-06154,Male,Under 21,No,9
STU-06155,Male,Under 21,No,2
STU-06156,Male,Under 21,No,3
STU-06157,Male,21-25,No,1
STU-06158,Male,36+,No,3
STU-06159,Male,Under 21,No,9
STU-06160,Female,Under 21,No,10
STU-06161,Male,21-25,No,1
STU-06162,Female,21-25,No,2
STU-06163,Female,Under 21,No,7
STU-06164,Female,21-25,No,7
STU-06165,Male,26-35,No,4
STU-06166,Female,Under 21,Yes,6
STU-06167,Female,21-25,Yes,6
STU-06168,Female,36+,No,3
STU-06169,Male,26-35,No,5
STU-06170,Male,Under 21,No,8
STU-06171,Female,21-25,No,7
STU-06172,Male,Under 21,No,4
STU-06173,Female,26-35,No,6
STU-06174,Female,21-25,No,9
STU-06175,Female,21-25,No,7
STU-06176,Male,21-25,No,10
STU-06177,Male,26-35,No,5
STU-06178,Female,Under 21,No,9
STU-06179,Male,21-25,No,3
STU-06180,Male,21-25,No,2
STU-06181,Male,Under 21,No,8
STU-06182,Male,21-25,No,10
STU-06183,Female,26-35,No,3
STU-06184,Female,26-35,No,4
STU-06185,Female,26-35,No,9
STU-06186,Male,36+,No,6
STU-06187,Female,26-35,No,8
STU-06188,Male,21-25,No,9
STU-06189,Male,Under 21,No,2
STU-06190,Female,Under 21,No,6
STU-06191,Male,21-25,No,1
STU-06192,Male,Under 21,Yes,3
STU-06193,Male,Under 21,No,3
STU-06194,Female,21-25,No,3
STU-06195,Male,21-25,No,6
STU-06196,Male,21-25,No,5
STU-06197,Male,21-25,Yes,4
STU-06198,Female,26-35,No,7
STU-06199,Female,21-25,No,7
STU-06200,Non-binary,21-25,No,7
STU-06201,Male,21-25,No,8
STU-06202,Male,21-25,No,1
STU-06203,Male,Under 21,No,2
STU-06204,Female,Under 21,No,8
STU-06205,Female,21-25,No,8
STU-06206,Female,21-25,No,4
STU-06207,Female,21-25,No,6
STU-06208,Male,Under 21,No,10
STU-06209,Female,21-25,No,5
STU-06210,Male,21-25,No,3
STU-06211,Male,Under 21,No,2
STU-06212,Female,21-25,No,9
STU-06213,Male,21-25,No,10
STU-06214,Female,21-25,No,4
STU-06215,Male,Under 21,No,3
STU-06216,Female,26-35,No,5
STU-06217,Female,26-35,Yes,1
STU-06218,Female,Under 21,Yes,8
STU-06219,Female,26-35,No,5
STU-06220,Female,21-25,Yes,8
STU-06221,Male,Under 21,No,2
STU-06222,Female,21-25,No,6
STU-06223,Non-binary,Under 21,No,1
STU-06224,Female,36+,No,3
STU-06225,Non-binary,21-25,No,1
STU-06226,Male,26-35,No,9
STU-06227,Female,21-25,No,1
STU-06228,Male,26-35,No,8
STU-06229,Female,Under 21,No,2
STU-06230,Female,21-25,Yes,10
STU-06231,Non-binary,Under 21,No,6
STU-06232,Male,26-35,No,6
STU-06233,Female,Under 21,No,8
STU-06234,Female,21-25,No,4
STU-06235,Male,21-25,No,1
STU-06236,Female,Under 21,No,9
STU-06237,Male,21-25,No,3
STU-06238,Female,21-25,No,1
STU-06239,Female,Under 21,No,5
STU-06240,Female,21-25,No,6
STU-06241,Female,21-25,No,1
STU-06242,Female,Under 21,No,7
STU-06243,Male,Under 21,No,6
STU-06244,Female,21-25,No,10
STU-06245,Male,21-25,No,1
STU-06246,Female,36+,No,6
STU-06247,Female,36+,No,9
STU-06248,Male,Under 21,No,6
STU-06249,Female,Under 21,No,2
STU-06250,Male,21-25,No,7
STU-06251,Female,Under 21,No,7
STU-06252,Female,21-25,No,6
STU-06253,Male,Under 21,No,5
STU-06254,Female,21-25,No,4
STU-06255,Female,Under 21,No,9
STU-06256,Female,36+,No,5
STU-06257,Female,Under 21,No,7
STU-06258,Male,Under 21,No,1
STU-06259,Female,Under 21,No,5
STU-06260,Male,21-25,No,5
STU-06261,Male,Under 21,Yes,1
STU-06262,Male,21-25,Yes,2
STU-06263,Male,21-25,No,6
STU-06264,Male,26-35,No,7
STU-06265,Female,21-25,No,1
STU-06266,Male,26-35,No,5
STU-06267,Female,36+,No,9
STU-06268,Male,Under 21,No,2
STU-06269,Male,Under 21,No,6
STU-06270,Male,26-35,No,3
STU-06271,Male,21-25,No,2
STU-06272,Male,26-35,No,2
STU-06273,Male,36+,No,7
STU-06274,Male,21-25,No,4
STU-06275,Non-binary,26-35,Yes,7
STU-06276,Female,21-25,No,9
STU-06277,Male,21-25,No,1
STU-06278,Male,26-35,No,10
STU-06279,Male,26-35,Yes,2
STU-06280,Female,Under 21,No,8
STU-06281,Female,Under 21,No,10
STU-06282,Female,21-25,No,9
STU-06283,Male,21-25,No,9
STU-06284,Male,21-25,No,10
STU-06285,Female,21-25,No,8
STU-06286,Female,26-35,No,7
STU-06287,Male,21-25,No,4
STU-06288,Male,21-25,No,1
STU-06289,Male,26-35,No,4
STU-06290,Female,Under 21,Yes,3
STU-06291,Female,21-25,No,5
STU-06292,Male,Under 21,No,4
STU-06293,Male,Under 21,Yes,2
STU-06294,Male,21-25,No,3
STU-06295,Male,26-35,No,9
STU-06296,Female,21-25,Yes,3
STU-06297,Female,Under 21,No,3
STU-06298,Male,21-25,Yes,6
STU-06299,Female,21-25,No,7
STU-06300,Male,21-25,Yes,1
STU-06301,Male,21-25,No,6
STU-06302,Male,21-25,No,3
STU-06303,Non-binary,26-35,No,7
STU-06304,Male,21-25,No,4
STU-06305,Female,21-25,No,7
STU-06306,Female,Under 21,Yes,7
STU-06307,Male,21-25,No,3
STU-06308,Female,Under 21,No,1
STU-06309,Female,21-25,No,3
STU-06310,Male,Under 21,No,3
STU-06311,Male,36+,No,3
STU-06312,Male,Under 21,No,10
STU-06313,Male,21-25,No,3
STU-06314,Female,Under 21,No,3
STU-06315,Male,Under 21,No,10
STU-06316,Male,Under 21,No,8
STU-06317,Female,26-35,No,4
STU-06318,Male,21-25,No,9
STU-06319,Female,21-25,No,2
STU-06320,Non-binary,21-25,Yes,8
STU-06321,Female,Under 21,No,8
STU-06322,Female,36+,No,3
STU-06323,Female,26-35,Yes,3
STU-06324,Male,Under 21,No,2
STU-06325,Female,36+,No,3
STU-06326,Female,36+,No,10
STU-06327,Female,21-25,No,5
STU-06328,Female,Under 21,No,2
STU-06329,Female,Under 21,No,5
STU-06330,Female,21-25,No,1
STU-06331,Female,21-25,No,2
STU-06332,Male,26-35,No,1
STU-06333,Female,21-25,No,1
STU-06334,Female,21-25,No,10
STU-06335,Female,21-25,No,3
STU-06336,Male,21-25,No,9
STU-06337,Male,21-25,No,2
STU-06338,Female,21-25,No,2
STU-06339,Female,21-25,No,2
STU-06340,Female,Under 21,No,10
STU-06341,Male,Under 21,No,10
STU-06342,Female,21-25,No,3
STU-06343,Male,26-35,No,8
STU-06344,Male,21-25,No,6
STU-06345,Male,Under 21,No,9
STU-06346,Female,Under 21,No,8
STU-06347,Male,36+,No,9
STU-06348,Female,21-25,No,6
STU-06349,Female,21-25,No,1
STU-06350,Female,Under 21,No,6
STU-06351,Female,21-25,No,10
STU-06352,Male,Under 21,No,9
STU-06353,Female,36+,No,2
STU-06354,Male,21-25,No,6
STU-06355,Male,Under 21,No,3
STU-06356,Male,21-25,No,3
STU-06357,Male,21-25,No,6
STU-06358,Male,26-35,No,9
STU-06359,Male,Under 21,No,6
STU-06360,Female,21-25,No,9
STU-06361,Female,Under 21,No,9
STU-06362,Male,Under 21,No,2
STU-06363,Female,21-25,Yes,1
STU-06364,Male,Under 21,No,1
STU-06365,Male,21-25,No,8
STU-06366,Female,36+,No,10
STU-06367,Female,26-35,No,6
STU-06368,Male,21-25,No,3
STU-06369,Male,21-25,No,5
STU-06370,Female,26-35,No,8
STU-06371,Female,21-25,No,1
STU-06372,Male,26-35,Yes,9
STU-06373,Female,21-25,No,3
STU-06374,Female,Under 21,No,7
STU-06375,Female,21-25,No,5
STU-06376,Female,36+,No,1
STU-06377,Female,21-25,No,3
STU-06378,Female,21-25,No,1
STU-06379,Male,Under 21,Yes,9
STU-06380,Male,21-25,No,4
STU-06381,Male,21-25,No,5
STU-06382,Male,21-25,No,3
STU-06383,Male,21-25,No,3
STU-06384,Female,21-25,No,1
STU-06385,Male,26-35,Yes,1
STU-06386,Male,21-25,No,1
STU-06387,Female,26-35,No,10
STU-06388,Female,36+,Yes,7
STU-06389,Male,Under 21,No,6
STU-06390,Male,Under 21,No,7
STU-06391,Female,26-35,No,1
STU-06392,Female,Under 21,No,7
STU-06393,Female,Under 21,No,10
STU-06394,Female,Under 21,No,10
STU-06395,Female,21-25,No,6
STU-06396,Male,21-25,No,1
STU-06397,Male,Under 21,No,7
STU-06398,Male,21-25,No,5
STU-06399,Female,Under 21,No,2
STU-06400,Female,26-35,No,6
STU-06401,Male,Under 21,No,8
STU-06402,Male,Under 21,No,4
STU-06403,Male,21-25,No,10
STU-06404,Male,21-25,No,9
STU-06405,Female,21-25,No,6
STU-06406,Female,Under 21,No,1
STU-06407,Male,21-25,No,5
STU-06408,Female,21-25,No,10
STU-06409,Female,36+,No,6
STU-06410,Female,26-35,No,8
STU-06411,Male,36+,No,9
STU-06412,Female,21-25,No,3
STU-06413,Female,21-25,No,5
STU-06414,Male,Under 21,No,3
STU-06415,Male,Under 21,No,6
STU-06416,Male,21-25,No,1
STU-06417,Female,21-25,No,1
STU-06418,Female,21-25,No,10
STU-06419,Male,26-35,No,8
STU-06420,Female,21-25,No,4
STU-06421,Male,Under 21,No,5
STU-06422,Male,Under 21,No,3
STU-06423,Female,Under 21,No,1
STU-06424,Male,21-25,No,9
STU-06425,Female,21-25,No,3
STU-06426,Female,21-25,No,4
STU-06427,Female,21-25,No,3
STU-06428,Non-binary,21-25,No,5
STU-06429,Male,21-25,No,3
STU-06430,Male,26-35,No,2
STU-06431,Female,21-25,No,8
STU-06432,Female,36+,Yes,9
STU-06433,Female,21-25,No,1
STU-06434,Male,Under 21,No,3
STU-06435,Male,26-35,No,8
STU-06436,Male,21-25,No,5
STU-06437,Female,21-25,No,7
STU-06438,Male,Under 21,No,9
STU-06439,Female,26-35,No,9
STU-06440,Male,21-25,No,8
STU-06441,Male,21-25,No,1
STU-06442,Male,21-25,No,8
STU-06443,Female,Under 21,No,10
STU-06444,Male,21-25,No,6
STU-06445,Female,21-25,No,6
STU-06446,Male,26-35,Yes,5
STU-06447,Male,21-25,No,6
STU-06448,Female,26-35,No,9
STU-06449,Male,Under 21,Yes,3
STU-06450,Female,21-25,No,4
STU-06451,Male,Under 21,No,9
STU-06452,Male,36+,No,4
STU-06453,Female,21-25,No,7
STU-06454,Female,26-35,No,7
STU-06455,Female,21-25,No,6
STU-06456,Female,21-25,No,3
STU-06457,Male,26-35,No,4
STU-06458,Female,21-25,No,6
STU-06459,Female,Under 21,No,9
STU-06460,Female,21-25,No,6
STU-06461,Female,36+,Yes,5
STU-06462,Male,Under 21,No,6
STU-06463,Female,Under 21,No,6
STU-06464,Male,Under 21,No,6
STU-06465,Female,21-25,No,9
STU-06466,Female,26-35,No,8
STU-06467,Male,Under 21,No,5
STU-06468,Female,26-35,No,6
STU-06469,Female,Under 21,No,1
STU-06470,Female,21-25,No,5
STU-06471,Male,21-25,No,8
STU-06472,Male,36+,No,10
STU-06473,Male,36+,No,9
STU-06474,Male,Under 21,Yes,3
STU-06475,Male,36+,No,5
STU-06476,Female,26-35,No,1
STU-06477,Male,21-25,No,10
STU-06478,Female,21-25,No,3
STU-06479,Female,21-25,No,6
STU-06480,Male,26-35,No,9
STU-06481,Female,21-25,No,4
STU-06482,Male,26-35,No,3
STU-06483,Female,26-35,No,4
STU-06484,Female,Under 21,Yes,3
STU-06485,Female,21-25,No,8
STU-06486,Female,26-35,No,4
STU-06487,Male,36+,No,7
STU-06488,Non-binary,Under 21,No,8
STU-06489,Male,36+,No,8
STU-06490,Female,26-35,No,2
STU-06491,Male,21-25,No,5
STU-06492,Female,21-25,No,7
STU-06493,Female,26-35,No,10
STU-06494,Female,Under 21,No,2
STU-06495,Male,Under 21,No,10
STU-06496,Female,Under 21,No,1
STU-06497,Female,21-25,No,10
STU-06498,Female,21-25,No,4
STU-06499,Male,Under 21,No,5
STU-06500,Female,Under 21,No,10
STU-06501,Male,Under 21,No,7
STU-06502,Male,21-25,No,2
STU-06503,Male,21-25,No,7
STU-06504,Female,21-25,No,2
STU-06505,Male,21-25,No,6
STU-06506,Male,Under 21,Yes,6
STU-06507,Male,Under 21,No,6
STU-06508,Female,Under 21,No,8
STU-06509,Female,21-25,No,9
STU-06510,Female,Under 21,No,1
STU-06511,Male,36+,No,4
STU-06512,Male,21-25,No,3
STU-06513,Female,26-35,No,2
STU-06514,Male,Under 21,No,9
STU-06515,Non-binary,Under 21,No,2
STU-06516,Female,21-25,Yes,6
STU-06517,Female,26-35,No,8
STU-06518,Female,21-25,No,1
STU-06519,Male,Under 21,No,3
STU-06520,Female,21-25,No,8
STU-06521,Female,21-25,No,5
STU-06522,Male,21-25,No,1
STU-06523,Female,Under 21,No,3
STU-06524,Female,21-25,No,7
STU-06525,Non-binary,21-25,No,7
STU-06526,Male,Under 21,No,6
STU-06527,Male,21-25,No,10
STU-06528,Male,Under 21,No,7
STU-06529,Male,21-25,No,10
STU-06530,Female,26-35,No,7
STU-06531,Female,Under 21,Yes,9
STU-06532,Male,26-35,No,5
STU-06533,Male,Under 21,No,8
STU-06534,Female,36+,No,7
STU-06535,Male,36+,Yes,10
STU-06536,Female,21-25,No,8
STU-06537,Male,21-25,No,7
STU-06538,Male,26-35,No,7
STU-06539,Male,Under 21,No,5
STU-06540,Male,21-25,No,2
STU-06541,Male,21-25,No,1
STU-06542,Male,21-25,No,9
STU-06543,Female,Under 21,No,1
STU-06544,Male,21-25,No,8
STU-06545,Male,21-25,Yes,10
STU-06546,Female,Under 21,No,2
STU-06547,Male,21-25,No,5
STU-06548,Female,26-35,No,1
STU-06549,Female,Under 21,No,10
STU-06550,Male,21-25,No,1
STU-06551,Female,21-25,No,5
STU-06552,Female,21-25,No,2
STU-06553,Female,21-25,No,4
STU-06554,Female,21-25,No,7
STU-06555,Male,26-35,No,10
STU-06556,Female,21-25,No,1
STU-06557,Female,21-25,No,3
STU-06558,Female,21-25,Yes,7
STU-06559,Female,Under 21,No,6
STU-06560,Male,Under 21,No,7
STU-06561,Female,Under 21,No,3
STU-06562,Female,21-25,Yes,1
STU-06563,Male,21-25,No,8
STU-06564,Female,21-25,No,3
STU-06565,Male,21-25,No,8
STU-06566,Female,21-25,No,8
STU-06567,Prefer not to say,Under 21,No,6
STU-06568,Non-binary,26-35,No,4
STU-06569,Male,21-25,Yes,10
STU-06570,Male,21-25,No,4
STU-06571,Female,21-25,No,1
STU-06572,Male,21-25,No,7
STU-06573,Female,Under 21,No,8
STU-06574,Female,21-25,No,2
STU-06575,Female,26-35,No,9
STU-06576,Male,36+,No,4
STU-06577,Male,26-35,No,1
STU-06578,Male,Under 21,No,2
STU-06579,Male,Under 21,No,10
STU-06580,Male,26-35,No,8
STU-06581,Male,21-25,No,8
STU-06582,Male,21-25,No,1
STU-06583,Male,Under 21,Yes,8
STU-06584,Female,Under 21,No,5
STU-06585,Female,21-25,No,5
STU-06586,Male,21-25,Yes,10
STU-06587,Prefer not to say,21-25,No,3
STU-06588,Female,36+,No,7
STU-06589,Male,21-25,No,3
STU-06590,Female,26-35,No,6
STU-06591,Male,26-35,No,8
STU-06592,Female,21-25,No,3
STU-06593,Female,36+,No,8
STU-06594,Male,21-25,No,6
STU-06595,Female,21-25,No,1
STU-06596,Female,Under 21,No,3
STU-06597,Female,21-25,No,9
STU-06598,Male,Under 21,No,9
STU-06599,Female,21-25,No,10
STU-06600,Female,26-35,No,9
STU-06601,Non-binary,26-35,No,8
STU-06602,Male,Under 21,No,8
STU-06603,Male,26-35,No,6
STU-06604,Male,21-25,No,1
STU-06605,Female,21-25,No,6
STU-06606,Male,Under 21,No,10
STU-06607,Female,21-25,Yes,1
STU-06608,Male,Under 21,No,6
STU-06609,Male,21-25,No,1
STU-06610,Male,Under 21,No,10
STU-06611,Female,Under 21,No,6
STU-06612,Male,Under 21,No,7
STU-06613,Female,21-25,No,6
STU-06614,Female,21-25,Yes,2
STU-06615,Female,21-25,No,7
STU-06616,Male,21-25,No,3
STU-06617,Female,21-25,No,5
STU-06618,Female,21-25,No,2
STU-06619,Female,21-25,Yes,4
STU-06620,Female,26-35,No,6
STU-06621,Female,Under 21,Yes,10
STU-06622,Female,21-25,No,3
STU-06623,Male,Under 21,No,5
STU-06624,Female,26-35,No,1
STU-06625,Female,Under 21,No,10
STU-06626,Female,26-35,Yes,10
STU-06627,Male,Under 21,No,6
STU-06628,Female,Under 21,Yes,7
STU-06629,Female,21-25,No,10
STU-06630,Female,Under 21,No,6
STU-06631,Prefer not to say,26-35,No,7
STU-06632,Male,21-25,No,2
STU-06633,Female,21-25,No,7
STU-06634,Male,21-25,No,9
STU-06635,Male,26-35,No,9
STU-06636,Male,Under 21,Yes,7
STU-06637,Male,21-25,Yes,2
STU-06638,Non-binary,Under 21,No,10
STU-06639,Male,26-35,No,2
STU-06640,Female,36+,No,4
STU-06641,Female,21-25,No,7
STU-06642,Male,21-25,Yes,8
STU-06643,Prefer not to say,21-25,No,8
STU-06644,Female,21-25,No,1
STU-06645,Male,26-35,No,6
STU-06646,Female,21-25,No,7
STU-06647,Female,26-35,No,10
STU-06648,Female,21-25,No,1
STU-06649,Male,21-25,No,7
STU-06650,Male,21-25,No,10
STU-06651,Female,21-25,No,9
STU-06652,Male,36+,No,4
STU-06653,Male,21-25,No,3
STU-06654,Non-binary,21-25,No,10
STU-06655,Female,21-25,No,1
STU-06656,Male,26-35,No,5
STU-06657,Male,26-35,No,7
STU-06658,Female,21-25,No,8
STU-06659,Female,21-25,No,3
STU-06660,Female,21-25,No,5
STU-06661,Male,21-25,No,10
STU-06662,Female,21-25,No,6
STU-06663,Female,Under 21,No,10
STU-06664,Male,21-25,No,7
STU-06665,Male,26-35,No,3
STU-06666,Female,21-25,No,10
STU-06667,Male,21-25,No,9
STU-06668,Male,21-25,No,3
STU-06669,Female,21-25,No,9
STU-06670,Male,Under 21,No,7
STU-06671,Male,Under 21,No,3
STU-06672,Male,Under 21,Yes,7
STU-06673,Non-binary,Under 21,No,1
STU-06674,Female,Under 21,No,4
STU-06675,Male,26-35,No,10
STU-06676,Male,Under 21,No,4
STU-06677,Female,26-35,No,7
STU-06678,Male,21-25,No,2
STU-06679,Female,21-25,No,4
STU-06680,Male,Under 21,No,4
STU-06681,Male,21-25,No,1
STU-06682,Female,Under 21,Yes,5
STU-06683,Male,Under 21,No,4
STU-06684,Female,21-25,No,5
STU-06685,Male,21-25,No,8
STU-06686,Female,26-35,Yes,7
STU-06687,Female,26-35,No,9
STU-06688,Male,26-35,No,1
STU-06689,Female,21-25,No,9
STU-06690,Female,21-25,No,1
STU-06691,Female,26-35,No,9
STU-06692,Female,Under 21,No,2
STU-06693,Male,Under 21,No,6
STU-06694,Female,26-35,No,10
STU-06695,Non-binary,26-35,Yes,4
STU-06696,Male,Under 21,No,10
STU-06697,Male,21-25,No,8
STU-06698,Male,Under 21,No,8
STU-06699,Female,21-25,No,2
STU-06700,Male,21-25,No,5
STU-06701,Prefer not to say,26-35,No,10
STU-06702,Female,Under 21,No,10
STU-06703,Non-binary,21-25,No,9
STU-06704,Male,Under 21,No,8
STU-06705,Female,36+,No,7
STU-06706,Female,21-25,No,10
STU-06707,Female,21-25,No,2
STU-06708,Female,21-25,No,6
STU-06709,Female,26-35,No,5
STU-06710,Male,Under 21,Yes,10
STU-06711,Female,21-25,No,4
STU-06712,Female,21-25,No,9
STU-06713,Female,26-35,No,1
STU-06714,Female,21-25,Yes,8
STU-06715,Male,21-25,No,4
STU-06716,Male,21-25,No,9
STU-06717,Female,Under 21,No,8
STU-06718,Male,26-35,No,1
STU-06719,Female,21-25,No,1
STU-06720,Male,21-25,No,6
STU-06721,Male,26-35,No,5
STU-06722,Male,Under 21,No,2
STU-06723,Male,21-25,No,1
STU-06724,Male,Under 21,No,8
STU-06725,Female,26-35,No,7
STU-06726,Female,21-25,No,3
STU-06727,Non-binary,21-25,No,5
STU-06728,Female,21-25,No,4
STU-06729,Female,26-35,No,10
STU-06730,Male,21-25,No,2
STU-06731,Male,Under 21,Yes,1
STU-06732,Male,21-25,No,6
STU-06733,Male,Under 21,No,3
STU-06734,Female,21-25,No,1
STU-06735,Male,Under 21,No,4
STU-06736,Male,36+,No,9
STU-06737,Female,26-35,No,10
STU-06738,Female,Under 21,No,6
STU-06739,Male,26-35,No,6
STU-06740,Male,Under 21,No,2
STU-06741,Male,21-25,Yes,3
STU-06742,Female,21-25,No,6
STU-06743,Female,21-25,No,1
STU-06744,Female,26-35,No,8
STU-06745,Female,21-25,No,3
STU-06746,Female,Under 21,Yes,7
STU-06747,Male,21-25,No,3
STU-06748,Male,21-25,No,7
STU-06749,Male,Under 21,No,8
STU-06750,Female,Under 21,No,7
STU-06751,Female,21-25,No,5
STU-06752,Male,21-25,No,6
STU-06753,Male,21-25,No,9
STU-06754,Female,21-25,No,4
STU-06755,Female,Under 21,No,3
STU-06756,Male,Under 21,No,5
STU-06757,Male,36+,Yes,3
STU-06758,Male,21-25,No,9
STU-06759,Female,Under 21,No,6
STU-06760,Male,Under 21,No,9
STU-06761,Female,Under 21,No,4
STU-06762,Female,21-25,No,9
STU-06763,Male,21-25,No,3
STU-06764,Female,21-25,No,3
STU-06765,Female,21-25,No,2
STU-06766,Male,26-35,No,9
STU-06767,Female,21-25,No,5
STU-06768,Male,26-35,No,5
STU-06769,Female,21-25,No,4
STU-06770,Female,Under 21,No,4
STU-06771,Female,36+,Yes,8
STU-06772,Prefer not to say,26-35,No,10
STU-06773,Male,Under 21,No,5
STU-06774,Female,21-25,No,7
STU-06775,Male,21-25,No,8
STU-06776,Male,26-35,No,10
STU-06777,Female,21-25,No,3
STU-06778,Male,21-25,No,1
STU-06779,Female,Under 21,No,8
STU-06780,Male,Under 21,No,4
STU-06781,Female,21-25,No,7
STU-06782,Female,21-25,No,6
STU-06783,Non-binary,36+,No,4
STU-06784,Male,36+,Yes,6
STU-06785,Female,21-25,No,4
STU-06786,Female,21-25,No,8
STU-06787,Male,21-25,No,1
STU-06788,Female,21-25,No,7
STU-06789,Female,21-25,No,9
STU-06790,Male,21-25,No,3
STU-06791,Female,36+,No,7
STU-06792,Male,21-25,No,8
STU-06793,Male,21-25,No,1
STU-06794,Female,26-35,No,8
STU-06795,Male,26-35,No,7
STU-06796,Male,21-25,Yes,3
STU-06797,Male,21-25,No,4
STU-06798,Female,21-25,No,2
STU-06799,Female,21-25,No,10
STU-06800,Female,Under 21,Yes,1
STU-06801,Female,21-25,No,4
STU-06802,Female,21-25,No,7
STU-06803,Male,Under 21,No,3
STU-06804,Male,21-25,No,9
STU-06805,Non-binary,Under 21,No,7
STU-06806,Male,21-25,No,7
STU-06807,Female,Under 21,No,10
STU-06808,Male,Under 21,No,2
STU-06809,Male,Under 21,No,8
STU-06810,Non-binary,21-25,No,10
STU-06811,Male,26-35,No,2
STU-06812,Female,Under 21,No,9
STU-06813,Male,21-25,No,5
STU-06814,Female,Under 21,No,8
STU-06815,Female,21-25,No,1
STU-06816,Male,21-25,No,9
STU-06817,Male,21-25,No,6
STU-06818,Female,Under 21,No,4
STU-06819,Male,Under 21,No,2
STU-06820,Female,21-25,No,2
STU-06821,Male,26-35,No,9
STU-06822,Female,Under 21,No,7
STU-06823,Female,21-25,No,8
STU-06824,Male,36+,No,10
STU-06825,Male,26-35,No,3
STU-06826,Female,21-25,No,3
STU-06827,Male,21-25,No,6
STU-06828,Female,36+,No,6
STU-06829,Female,21-25,No,4
STU-06830,Male,21-25,No,9
STU-06831,Female,21-25,No,6
STU-06832,Female,Under 21,No,2
STU-06833,Prefer not to say,Under 21,No,5
STU-06834,Female,21-25,No,4
STU-06835,Female,21-25,No,7
STU-06836,Male,21-25,No,9
STU-06837,Male,26-35,Yes,4
STU-06838,Female,26-35,Yes,7
STU-06839,Female,Under 21,Yes,7
STU-06840,Female,26-35,No,2
STU-06841,Male,Under 21,No,9
STU-06842,Female,21-25,No,6
STU-06843,Female,Under 21,No,8
STU-06844,Female,Under 21,No,4
STU-06845,Female,21-25,No,8
STU-06846,Female,Under 21,Yes,10
STU-06847,Female,26-35,No,2
STU-06848,Male,Under 21,No,4
STU-06849,Female,36+,No,5
STU-06850,Female,21-25,No,7
STU-06851,Male,21-25,No,5
STU-06852,Female,Under 21,No,5
STU-06853,Male,26-35,No,2
STU-06854,Female,21-25,No,2
STU-06855,Female,Under 21,Yes,7
STU-06856,Female,Under 21,No,4
STU-06857,Female,36+,No,5
STU-06858,Prefer not to say,21-25,No,10
STU-06859,Female,21-25,No,2
STU-06860,Male,21-25,No,2
STU-06861,Female,Under 21,No,5
STU-06862,Male,21-25,No,4
STU-06863,Male,Under 21,No,2
STU-06864,Female,21-25,No,5
STU-06865,Female,26-35,No,2
STU-06866,Male,21-25,No,2
STU-06867,Male,36+,No,8
STU-06868,Male,21-25,No,6
STU-06869,Male,Under 21,No,10
STU-06870,Female,21-25,No,1
STU-06871,Male,21-25,No,3
STU-06872,Female,26-35,No,7
STU-06873,Female,36+,Yes,9
STU-06874,Non-binary,Under 21,No,9
STU-06875,Female,21-25,No,8
STU-06876,Female,Under 21,No,9
STU-06877,Male,Under 21,No,4
STU-06878,Non-binary,21-25,No,3
STU-06879,Female,Under 21,No,10
STU-06880,Female,21-25,No,7
STU-06881,Male,26-35,No,6
STU-06882,Male,Under 21,Yes,1
STU-06883,Male,21-25,No,3
STU-06884,Male,21-25,No,7
STU-06885,Female,Under 21,No,5
STU-06886,Female,21-25,No,8
STU-06887,Female,21-25,No,4
STU-06888,Female,21-25,No,5
STU-06889,Female,Under 21,No,3
STU-06890,Male,21-25,No,8
STU-06891,Male,21-25,No,3
STU-06892,Male,26-35,No,3
STU-06893,Male,Under 21,No,9
STU-06894,Male,26-35,No,3
STU-06895,Female,Under 21,No,6
STU-06896,Female,Under 21,No,9
STU-06897,Female,21-25,No,1
STU-06898,Female,21-25,No,1
STU-06899,Female,Under 21,No,6
STU-06900,Male,21-25,No,7
STU-06901,Male,26-35,No,10
STU-06902,Male,26-35,No,8
STU-06903,Female,26-35,No,3
STU-06904,Male,21-25,No,4
STU-06905,Male,21-25,Yes,6
STU-06906,Female,21-25,No,6
STU-06907,Female,21-25,No,9
STU-06908,Female,26-35,No,7
STU-06909,Male,21-25,No,5
STU-06910,Male,Under 21,No,2
STU-06911,Male,21-25,No,3
STU-06912,Male,21-25,No,8
STU-06913,Female,21-25,Yes,3
STU-06914,Female,36+,No,5
STU-06915,Male,26-35,No,4
STU-06916,Female,Under 21,No,9
STU-06917,Female,21-25,No,1
STU-06918,Female,36+,No,4
STU-06919,Male,Under 21,No,4
STU-06920,Non-binary,Under 21,Yes,3
STU-06921,Female,Under 21,No,6
STU-06922,Male,26-35,No,8
STU-06923,Male,21-25,No,5
STU-06924,Male,Under 21,No,7
STU-06925,Female,21-25,No,9
STU-06926,Male,26-35,No,8
STU-06927,Female,21-25,No,10
STU-06928,Non-binary,Under 21,No,4
STU-06929,Female,Under 21,No,4
STU-06930,Male,Under 21,No,10
STU-06931,Male,21-25,No,6
STU-06932,Male,Under 21,Yes,4
STU-06933,Male,21-25,Yes,5
STU-06934,Male,Under 21,No,3
STU-06935,Female,21-25,No,9
STU-06936,Male,Under 21,No,4
STU-06937,Male,Under 21,No,6
STU-06938,Female,Under 21,No,1
STU-06939,Female,21-25,Yes,2
STU-06940,Male,21-25,No,5
STU-06941,Female,21-25,No,8
STU-06942,Male,Under 21,No,1
STU-06943,Female,26-35,No,8
STU-06944,Female,26-35,No,3
STU-06945,Male,26-35,No,6
STU-06946,Male,21-25,No,3
STU-06947,Female,21-25,No,6
STU-06948,Female,Under 21,No,2
STU-06949,Female,21-25,No,5
STU-06950,Female,26-35,No,7
STU-06951,Male,21-25,No,3
STU-06952,Female,26-35,No,7
STU-06953,Male,21-25,No,6
STU-06954,Female,36+,No,4
STU-06955,Male,21-25,No,10
STU-06956,Male,26-35,No,2
STU-06957,Male,Under 21,No,4
STU-06958,Male,Under 21,No,9
STU-06959,Female,26-35,No,8
STU-06960,Male,21-25,No,9
STU-06961,Male,Under 21,No,5
STU-06962,Non-binary,Under 21,No,10
STU-06963,Female,21-25,No,5
STU-06964,Male,26-35,Yes,9
STU-06965,Female,Under 21,No,8
STU-06966,Female,21-25,No,6
STU-06967,Male,Under 21,No,7
STU-06968,Non-binary,21-25,No,4
STU-06969,Male,36+,No,6
STU-06970,Female,21-25,No,9
STU-06971,Female,21-25,No,9
STU-06972,Male,26-35,No,6
STU-06973,Female,21-25,No,10
STU-06974,Male,26-35,No,10
STU-06975,Female,Under 21,No,5
STU-06976,Female,21-25,Yes,8
STU-06977,Female,36+,No,9
STU-06978,Female,21-25,No,3
STU-06979,Male,21-25,No,1
STU-06980,Male,Under 21,No,4
STU-06981,Female,21-25,No,1
STU-06982,Female,21-25,No,9
STU-06983,Male,26-35,No,2
STU-06984,Female,21-25,No,10
STU-06985,Male,21-25,No,9
STU-06986,Female,21-25,No,5
STU-06987,Male,21-25,No,1
STU-06988,Male,36+,No,5
STU-06989,Male,Under 21,No,6
STU-06990,Male,21-25,No,2
STU-06991,Female,21-25,No,3
STU-06992,Male,21-25,No,7
STU-06993,Female,21-25,No,4
STU-06994,Female,Under 21,No,1
STU-06995,Female,21-25,No,3
STU-06996,Female,36+,Yes,5
STU-06997,Male,21-25,No,7
STU-06998,Male,26-35,No,6
STU-06999,Female,Under 21,No,1
STU-07000,Non-binary,21-25,No,3
STU-07001,Male,Under 21,Yes,4
STU-07002,Female,21-25,No,5
STU-07003,Male,Under 21,No,8
STU-07004,Male,26-35,No,8
STU-07005,Female,Under 21,No,5
STU-07006,Male,26-35,No,7
STU-07007,Female,Under 21,No,6
STU-07008,Female,26-35,No,3
STU-07009,Female,26-35,No,4
STU-07010,Female,21-25,No,2
STU-07011,Male,21-25,No,7
STU-07012,Female,21-25,No,8
STU-07013,Female,36+,No,10
STU-07014,Female,Under 21,No,6
STU-07015,Male,Under 21,No,7
STU-07016,Male,21-25,No,3
STU-07017,Male,21-25,No,4
STU-07018,Male,Under 21,Yes,4
STU-07019,Female,21-25,No,1
STU-07020,Male,21-25,No,8
STU-07021,Female,21-25,No,5
STU-07022,Male,Under 21,No,3
STU-07023,Male,Under 21,No,7
STU-07024,Non-binary,21-25,No,7
STU-07025,Female,21-25,No,10
STU-07026,Male,21-25,No,4
STU-07027,Female,36+,No,3
STU-07028,Female,Under 21,No,2
STU-07029,Female,Under 21,No,8
STU-07030,Male,21-25,No,1
STU-07031,Female,21-25,No,7
STU-07032,Male,Under 21,No,7
STU-07033,Male,21-25,No,1
STU-07034,Female,Under 21,No,6
STU-07035,Male,21-25,Yes,5
STU-07036,Female,21-25,No,8
STU-07037,Female,21-25,Yes,2
STU-07038,Male,Under 21,No,3
STU-07039,Female,Under 21,No,8
STU-07040,Female,36+,No,6
STU-07041,Female,Under 21,No,7
STU-07042,Male,21-25,No,1
STU-07043,Female,Under 21,No,1
STU-07044,Male,21-25,No,9
STU-07045,Female,Under 21,No,2
STU-07046,Male,21-25,No,7
STU-07047,Non-binary,Under 21,No,3
STU-07048,Male,21-25,No,7
STU-07049,Male,26-35,No,4
STU-07050,Female,Under 21,No,4
STU-07051,Female,Under 21,No,10
STU-07052,Male,Under 21,No,8
STU-07053,Female,Under 21,Yes,6
STU-07054,Male,26-35,No,2
STU-07055,Female,Under 21,Yes,8
STU-07056,Male,36+,No,3
STU-07057,Female,Under 21,No,6
STU-07058,Male,Under 21,No,2
STU-07059,Female,26-35,No,8
STU-07060,Male,21-25,No,7
STU-07061,Male,21-25,No,2
STU-07062,Male,Under 21,No,3
STU-07063,Female,21-25,Yes,2
STU-07064,Male,21-25,No,4
STU-07065,Male,36+,No,8
STU-07066,Male,36+,No,6
STU-07067,Male,21-25,No,4
STU-07068,Female,Under 21,No,9
STU-07069,Non-binary,26-35,No,9
STU-07070,Male,Under 21,No,10
STU-07071,Female,21-25,No,4
STU-07072,Male,Under 21,No,9
STU-07073,Male,21-25,No,10
STU-07074,Female,Under 21,No,6
STU-07075,Female,36+,No,2
STU-07076,Female,Under 21,No,10
STU-07077,Male,21-25,No,1
STU-07078,Female,Under 21,No,5
STU-07079,Non-binary,26-35,No,2
STU-07080,Female,26-35,No,4
STU-07081,Male,26-35,No,8
STU-07082,Male,21-25,No,3
STU-07083,Non-binary,21-25,Yes,10
STU-07084,Female,21-25,No,3
STU-07085,Female,Under 21,No,8
STU-07086,Male,Under 21,No,10
STU-07087,Female,21-25,No,10
STU-07088,Female,21-25,No,9
STU-07089,Female,26-35,No,7
STU-07090,Male,21-25,No,2
STU-07091,Male,26-35,No,8
STU-07092,Male,Under 21,No,7
STU-07093,Female,21-25,Yes,6
STU-07094,Female,21-25,No,3
STU-07095,Male,Under 21,No,2
STU-07096,Female,Under 21,No,2
STU-07097,Female,36+,No,9
STU-07098,Female,Under 21,No,6
STU-07099,Male,Under 21,No,5
STU-07100,Non-binary,21-25,No,3
STU-07101,Non-binary,Under 21,No,6
STU-07102,Male,21-25,No,9
STU-07103,Female,21-25,No,8
STU-07104,Prefer not to say,26-35,Yes,1
STU-07105,Male,21-25,No,6
STU-07106,Prefer not to say,26-35,No,5
STU-07107,Non-binary,21-25,No,2
STU-07108,Female,21-25,No,8
STU-07109,Female,26-35,No,2
STU-07110,Male,21-25,No,6
STU-07111,Male,21-25,No,10
STU-07112,Female,21-25,No,9
STU-07113,Male,Under 21,No,2
STU-07114,Female,21-25,No,2
STU-07115,Female,Under 21,No,7
STU-07116,Male,21-25,No,3
STU-07117,Female,21-25,No,6
STU-07118,Non-binary,Under 21,No,1
STU-07119,Female,21-25,No,9
STU-07120,Female,26-35,No,9
STU-07121,Female,Under 21,No,1
STU-07122,Female,36+,No,4
STU-07123,Female,26-35,No,9
STU-07124,Female,21-25,No,9
STU-07125,Male,21-25,No,2
STU-07126,Female,36+,No,2
STU-07127,Male,21-25,No,6
STU-07128,Female,Under 21,No,5
STU-07129,Male,Under 21,No,3
STU-07130,Male,26-35,No,4
STU-07131,Female,26-35,No,1
STU-07132,Male,21-25,No,7
STU-07133,Female,26-35,No,3
STU-07134,Female,36+,No,9
STU-07135,Female,21-25,Yes,7
STU-07136,Male,Under 21,No,7
STU-07137,Female,21-25,Yes,3
STU-07138,Female,Under 21,No,10
STU-07139,Male,21-25,No,9
STU-07140,Male,21-25,No,3
STU-07141,Female,36+,No,1
STU-07142,Non-binary,36+,No,6
STU-07143,Male,Under 21,No,1
STU-07144,Female,26-35,No,3
STU-07145,Female,21-25,No,2
STU-07146,Male,26-35,No,2
STU-07147,Male,Under 21,No,6
STU-07148,Female,21-25,No,5
STU-07149,Female,21-25,No,3
STU-07150,Female,21-25,No,2
STU-07151,Male,21-25,Yes,9
STU-07152,Female,21-25,No,5
STU-07153,Female,Under 21,No,2
STU-07154,Male,Under 21,No,3
STU-07155,Female,21-25,No,4
STU-07156,Male,26-35,No,5
STU-07157,Male,36+,Yes,1
STU-07158,Male,Under 21,No,5
STU-07159,Male,Under 21,No,5
STU-07160,Female,26-35,No,3
STU-07161,Female,21-25,No,3
STU-07162,Female,Under 21,No,5
STU-07163,Male,Under 21,No,2
STU-07164,Male,21-25,No,10
STU-07165,Male,36+,No,9
STU-07166,Female,21-25,No,6
STU-07167,Female,21-25,No,8
STU-07168,Male,21-25,Yes,3
STU-07169,Male,21-25,No,2
STU-07170,Male,21-25,No,2
STU-07171,Female,Under 21,No,2
STU-07172,Female,21-25,No,9
STU-07173,Male,26-35,No,1
STU-07174,Female,21-25,No,1
STU-07175,Male,36+,No,5
STU-07176,Female,21-25,No,2
STU-07177,Female,21-25,Yes,4
STU-07178,Prefer not to say,21-25,No,1
STU-07179,Female,Under 21,No,5
STU-07180,Male,36+,No,4
STU-07181,Male,26-35,No,1
STU-07182,Male,Under 21,No,8
STU-07183,Female,36+,Yes,1
STU-07184,Male,Under 21,No,8
STU-07185,Female,Under 21,No,10
STU-07186,Male,21-25,Yes,9
STU-07187,Female,Under 21,No,7
STU-07188,Female,Under 21,No,7
STU-07189,Prefer not to say,Under 21,No,7
STU-07190,Female,21-25,No,1
STU-07191,Female,21-25,No,7
STU-07192,Female,26-35,No,3
STU-07193,Female,21-25,No,9
STU-07194,Female,36+,No,1
STU-07195,Male,21-25,No,9
STU-07196,Female,26-35,No,3
STU-07197,Female,21-25,No,7
STU-07198,Male,21-25,No,10
STU-07199,Female,36+,No,4
STU-07200,Female,21-25,No,5
STU-07201,Female,36+,Yes,8
STU-07202,Male,21-25,No,2
STU-07203,Male,Under 21,No,2
STU-07204,Female,21-25,No,6
STU-07205,Female,36+,No,10
STU-07206,Male,21-25,No,5
STU-07207,Female,21-25,No,7
STU-07208,Female,Under 21,No,10
STU-07209,Male,26-35,No,2
STU-07210,Female,Under 21,No,9
STU-07211,Female,26-35,No,2
STU-07212,Female,Under 21,No,7
STU-07213,Male,Under 21,No,4
STU-07214,Female,26-35,No,10
STU-07215,Male,21-25,No,4
STU-07216,Female,21-25,No,3
STU-07217,Female,21-25,No,10
STU-07218,Female,21-25,No,4
STU-07219,Female,26-35,No,8
STU-07220,Male,26-35,No,6
STU-07221,Male,21-25,No,9
STU-07222,Male,26-35,No,10
STU-07223,Female,Under 21,No,2
STU-07224,Female,36+,No,1
STU-07225,Male,21-25,No,5
STU-07226,Female,Under 21,No,10
STU-07227,Female,26-35,No,2
STU-07228,Male,Under 21,No,7
STU-07229,Male,Under 21,No,1
STU-07230,Male,36+,No,6
STU-07231,Female,Under 21,No,8
STU-07232,Prefer not to say,21-25,No,2
STU-07233,Male,21-25,No,9
STU-07234,Male,26-35,Yes,5
STU-07235,Female,Under 21,No,10
STU-07236,Male,21-25,No,3
STU-07237,Male,Under 21,No,7
STU-07238,Male,Under 21,No,6
STU-07239,Female,21-25,No,5
STU-07240,Male,21-25,No,8
STU-07241,Female,21-25,No,1
STU-07242,Male,21-25,No,9
STU-07243,Female,Under 21,No,10
STU-07244,Female,26-35,No,5
STU-07245,Male,21-25,No,4
STU-07246,Male,Under 21,No,1
STU-07247,Female,26-35,No,4
STU-07248,Female,Under 21,No,7
STU-07249,Female,21-25,No,6
STU-07250,Male,Under 21,No,4
STU-07251,Female,21-25,No,8
STU-07252,Female,21-25,No,9
STU-07253,Male,26-35,No,10
STU-07254,Male,21-25,No,6
STU-07255,Male,21-25,No,2
STU-07256,Male,36+,No,6
STU-07257,Female,Under 21,No,8
STU-07258,Male,Under 21,No,2
STU-07259,Female,21-25,No,6
STU-07260,Male,Under 21,No,7
STU-07261,Male,Under 21,No,8
STU-07262,Female,36+,Yes,1
STU-07263,Male,Under 21,Yes,5
STU-07264,Female,36+,No,8
STU-07265,Female,Under 21,No,10
STU-07266,Female,26-35,Yes,6
STU-07267,Male,Under 21,Yes,6
STU-07268,Female,21-25,No,8
STU-07269,Female,21-25,No,4
STU-07270,Female,21-25,No,2
STU-07271,Female,26-35,No,5
STU-07272,Female,26-35,No,9
STU-07273,Male,21-25,No,9
STU-07274,Female,21-25,No,7
STU-07275,Female,21-25,No,7
STU-07276,Female,26-35,No,4
STU-07277,Female,Under 21,No,10
STU-07278,Male,Under 21,No,2
STU-07279,Male,36+,No,3
STU-07280,Male,Under 21,No,5
STU-07281,Female,Under 21,No,4
STU-07282,Male,Under 21,No,2
STU-07283,Female,21-25,No,1
STU-07284,Non-binary,21-25,No,7
STU-07285,Male,36+,No,8
STU-07286,Male,21-25,No,4
STU-07287,Male,21-25,No,7
STU-07288,Female,21-25,No,10
STU-07289,Male,21-25,No,2
STU-07290,Female,Under 21,No,10
STU-07291,Female,21-25,Yes,5
STU-07292,Female,26-35,No,2
STU-07293,Female,26-35,Yes,4
STU-07294,Female,21-25,No,3
STU-07295,Female,26-35,No,6
STU-07296,Male,Under 21,No,3
STU-07297,Female,21-25,No,6
STU-07298,Female,Under 21,No,9
STU-07299,Male,21-25,No,1
STU-07300,Female,Under 21,Yes,4
STU-07301,Male,21-25,No,7
STU-07302,Female,Under 21,No,4
STU-07303,Male,26-35,No,5
STU-07304,Male,26-35,No,10
STU-07305,Male,21-25,No,9
STU-07306,Female,Under 21,No,2
STU-07307,Male,21-25,No,5
STU-07308,Female,26-35,No,8
STU-07309,Female,21-25,Yes,10
STU-07310,Female,Under 21,No,9
STU-07311,Female,Under 21,No,5
STU-07312,Male,21-25,Yes,5
STU-07313,Female,21-25,Yes,4
STU-07314,Female,Under 21,No,1
STU-07315,Male,Under 21,Yes,8
STU-07316,Male,Under 21,No,9
STU-07317,Male,21-25,No,2
STU-07318,Male,Under 21,Yes,2
STU-07319,Male,21-25,No,5
STU-07320,Female,26-35,No,5
STU-07321,Male,26-35,No,7
STU-07322,Male,Under 21,No,4
STU-07323,Male,26-35,No,10
STU-07324,Female,21-25,No,10
STU-07325,Female,21-25,No,10
STU-07326,Female,26-35,No,7
STU-07327,Male,26-35,No,9
STU-07328,Male,21-25,No,9
STU-07329,Female,21-25,No,8
STU-07330,Female,Under 21,No,7
STU-07331,Female,Under 21,No,5
STU-07332,Female,Under 21,No,7
STU-07333,Male,Under 21,No,7
STU-07334,Male,Under 21,No,5
STU-07335,Female,26-35,No,10
STU-07336,Male,Under 21,Yes,6
STU-07337,Male,Under 21,No,2
STU-07338,Male,21-25,No,6
STU-07339,Female,21-25,Yes,7
STU-07340,Prefer not to say,26-35,Yes,9
STU-07341,Female,21-25,No,5
STU-07342,Male,Under 21,No,9
STU-07343,Female,21-25,No,3
STU-07344,Female,36+,No,9
STU-07345,Male,36+,No,1
STU-07346,Female,21-25,No,7
STU-07347,Male,21-25,Yes,7
STU-07348,Male,Under 21,No,2
STU-07349,Male,21-25,No,7
STU-07350,Male,21-25,No,10
STU-07351,Male,21-25,No,7
STU-07352,Male,21-25,No,4
STU-07353,Male,Under 21,No,4
STU-07354,Male,26-35,No,10
STU-07355,Male,21-25,No,6
STU-07356,Female,21-25,No,2
STU-07357,Male,Under 21,No,6
STU-07358,Male,Under 21,No,9
STU-07359,Female,21-25,No,8
STU-07360,Male,21-25,No,10
STU-07361,Male,21-25,No,2
STU-07362,Male,Under 21,No,7
STU-07363,Male,Under 21,Yes,4
STU-07364,Male,21-25,No,1
STU-07365,Female,26-35,No,8
STU-07366,Male,Under 21,No,4
STU-07367,Female,21-25,No,3
STU-07368,Female,Under 21,No,9
STU-07369,Male,21-25,No,2
STU-07370,Female,Under 21,No,2
STU-07371,Male,Under 21,Yes,4
STU-07372,Female,21-25,Yes,10
STU-07373,Male,Under 21,No,3
STU-07374,Female,21-25,No,5
STU-07375,Female,21-25,No,4
STU-07376,Male,26-35,No,7
STU-07377,Male,21-25,No,3
STU-07378,Male,21-25,Yes,4
STU-07379,Female,21-25,No,4
STU-07380,Female,21-25,No,1
STU-07381,Male,Under 21,No,3
STU-07382,Female,Under 21,No,2
STU-07383,Female,21-25,No,3
STU-07384,Male,21-25,No,10
STU-07385,Female,26-35,No,6
STU-07386,Male,21-25,No,10
STU-07387,Female,Under 21,No,8
STU-07388,Female,21-25,No,10
STU-07389,Female,Under 21,Yes,2
STU-07390,Male,36+,No,9
STU-07391,Male,21-25,No,3
STU-07392,Non-binary,21-25,Yes,10
STU-07393,Male,21-25,No,7
STU-07394,Female,21-25,No,4
STU-07395,Male,21-25,No,7
STU-07396,Male,21-25,Yes,10
STU-07397,Female,Under 21,No,1
STU-07398,Female,21-25,No,9
STU-07399,Male,Under 21,No,3
STU-07400,Female,21-25,No,1
STU-07401,Female,21-25,Yes,4
STU-07402,Male,Under 21,No,7
STU-07403,Female,21-25,No,2
STU-07404,Female,36+,No,9
STU-07405,Male,21-25,No,6
STU-07406,Male,21-25,No,8
STU-07407,Female,26-35,Yes,7
STU-07408,Female,21-25,No,6
STU-07409,Female,21-25,No,5
STU-07410,Male,26-35,No,6
STU-07411,Female,Under 21,No,8
STU-07412,Female,26-35,No,2
STU-07413,Female,26-35,No,4
STU-07414,Female,Under 21,No,7
STU-07415,Female,26-35,No,2
STU-07416,Female,Under 21,No,10
STU-07417,Female,Under 21,No,1
STU-07418,Female,26-35,Yes,8
STU-07419,Male,Under 21,No,10
STU-07420,Female,Under 21,No,9
STU-07421,Female,26-35,No,9
STU-07422,Female,36+,No,6
STU-07423,Female,36+,No,10
STU-07424,Female,Under 21,No,6
STU-07425,Male,21-25,No,8
STU-07426,Male,Under 21,No,7
STU-07427,Male,21-25,No,5
STU-07428,Female,26-35,Yes,4
STU-07429,Female,Under 21,No,5
STU-07430,Male,21-25,No,9
STU-07431,Male,Under 21,No,2
STU-07432,Male,Under 21,No,8
STU-07433,Male,26-35,No,2
STU-07434,Male,Under 21,No,6
STU-07435,Female,21-25,No,8
STU-07436,Male,Under 21,No,4
STU-07437,Female,21-25,No,6
STU-07438,Male,26-35,No,3
STU-07439,Male,Under 21,No,3
STU-07440,Male,21-25,No,3
STU-07441,Male,Under 21,No,10
STU-07442,Female,21-25,No,8
STU-07443,Female,36+,No,3
STU-07444,Male,Under 21,No,1
STU-07445,Male,Under 21,No,4
STU-07446,Male,Under 21,No,8
STU-07447,Male,Under 21,No,4
STU-07448,Female,Under 21,No,2
STU-07449,Male,21-25,No,1
STU-07450,Male,Under 21,No,4
STU-07451,Female,Under 21,No,7
STU-07452,Female,21-25,No,7
STU-07453,Male,Under 21,No,1
STU-07454,Male,26-35,No,7
STU-07455,Male,21-25,No,4
STU-07456,Female,21-25,No,2
STU-07457,Female,26-35,No,5
STU-07458,Male,Under 21,No,7
STU-07459,Male,21-25,Yes,2
STU-07460,Female,21-25,Yes,9
STU-07461,Female,Under 21,No,5
STU-07462,Female,21-25,No,10
STU-07463,Female,21-25,No,5
STU-07464,Female,36+,Yes,7
STU-07465,Female,21-25,No,6
STU-07466,Female,Under 21,No,10
STU-07467,Female,21-25,No,10
STU-07468,Male,Under 21,No,7
STU-07469,Female,21-25,No,5
STU-07470,Female,36+,No,2
STU-07471,Male,26-35,No,2
STU-07472,Female,21-25,No,9
STU-07473,Male,26-35,No,10
STU-07474,Female,Under 21,No,9
STU-07475,Male,26-35,No,10
STU-07476,Female,21-25,No,6
STU-07477,Male,26-35,No,1
STU-07478,Male,21-25,No,6
STU-07479,Female,21-25,No,8
STU-07480,Male,26-35,No,7
STU-07481,Male,21-25,No,6
STU-07482,Male,Under 21,No,8
STU-07483,Female,21-25,Yes,8
STU-07484,Female,Under 21,No,2
STU-07485,Female,Under 21,No,5
STU-07486,Male,Under 21,No,10
STU-07487,Female,Under 21,No,8
STU-07488,Male,21-25,No,6
STU-07489,Male,21-25,No,2
STU-07490,Female,21-25,No,2
STU-07491,Male,21-25,Yes,3
STU-07492,Female,26-35,No,5
STU-07493,Female,Under 21,No,7
STU-07494,Female,Under 21,No,10
STU-07495,Male,26-35,No,4
STU-07496,Male,21-25,No,8
STU-07497,Female,21-25,No,10
STU-07498,Female,26-35,No,1
STU-07499,Male,26-35,No,8
STU-07500,Female,Under 21,Yes,4
STU-07501,Male,21-25,Yes,1
STU-07502,Female,Under 21,No,5
STU-07503,Prefer not to say,Under 21,No,3
STU-07504,Male,26-35,No,1
STU-07505,Male,21-25,No,8
STU-07506,Female,Under 21,No,6
STU-07507,Male,Under 21,No,10
STU-07508,Male,21-25,No,10
STU-07509,Male,21-25,No,7
STU-07510,Female,36+,No,10
STU-07511,Female,26-35,No,6
STU-07512,Male,36+,Yes,4
STU-07513,Female,36+,No,1
STU-07514,Male,26-35,No,5
STU-07515,Male,21-25,No,8
STU-07516,Male,21-25,No,8
STU-07517,Female,26-35,No,2
STU-07518,Male,Under 21,No,1
STU-07519,Male,26-35,No,8
STU-07520,Male,21-25,Yes,2
STU-07521,Female,26-35,No,3
STU-07522,Female,21-25,No,8
STU-07523,Female,21-25,No,2
STU-07524,Male,26-35,No,5
STU-07525,Male,Under 21,No,7
STU-07526,Male,Under 21,No,2
STU-07527,Male,21-25,No,6
STU-07528,Female,Under 21,No,4
STU-07529,Non-binary,21-25,No,2
STU-07530,Female,Under 21,No,8
STU-07531,Female,21-25,No,1
STU-07532,Male,21-25,No,5
STU-07533,Female,Under 21,No,7
STU-07534,Female,21-25,No,1
STU-07535,Female,21-25,Yes,6
STU-07536,Female,26-35,No,8
STU-07537,Male,21-25,No,3
STU-07538,Female,Under 21,No,3
STU-07539,Female,Under 21,No,3
STU-07540,Male,26-35,Yes,7
STU-07541,Male,Under 21,No,7
STU-07542,Male,26-35,No,2
STU-07543,Male,21-25,Yes,10
STU-07544,Female,21-25,No,8
STU-07545,Female,21-25,No,9
STU-07546,Male,Under 21,No,4
STU-07547,Female,21-25,No,6
STU-07548,Male,21-25,No,2
STU-07549,Female,26-35,No,6
STU-07550,Female,21-25,No,7
STU-07551,Female,Under 21,No,2
STU-07552,Female,26-35,No,8
STU-07553,Male,26-35,No,2
STU-07554,Male,26-35,No,2
STU-07555,Female,21-25,No,1
STU-07556,Female,21-25,No,10
STU-07557,Male,21-25,No,2
STU-07558,Female,Under 21,Yes,7
STU-07559,Female,21-25,No,5
STU-07560,Female,21-25,No,4
STU-07561,Male,Under 21,No,9
STU-07562,Female,Under 21,No,3
STU-07563,Male,21-25,No,2
STU-07564,Female,21-25,No,2
STU-07565,Female,Under 21,Yes,7
STU-07566,Female,26-35,Yes,2
STU-07567,Female,Under 21,No,6
STU-07568,Female,21-25,No,8
STU-07569,Female,36+,No,5
STU-07570,Male,Under 21,No,2
STU-07571,Male,Under 21,No,6
STU-07572,Female,26-35,No,1
STU-07573,Female,26-35,No,9
STU-07574,Female,21-25,No,3
STU-07575,Female,26-35,No,3
STU-07576,Female,26-35,No,7
STU-07577,Female,Under 21,No,7
STU-07578,Non-binary,21-25,No,7
STU-07579,Non-binary,26-35,Yes,8
STU-07580,Female,26-35,Yes,6
STU-07581,Female,26-35,No,6
STU-07582,Male,Under 21,No,6
STU-07583,Male,Under 21,Yes,1
STU-07584,Male,Under 21,No,2
STU-07585,Male,21-25,No,9
STU-07586,Female,26-35,No,9
STU-07587,Female,21-25,No,8
STU-07588,Male,21-25,No,5
STU-07589,Male,36+,Yes,5
STU-07590,Female,26-35,No,6
STU-07591,Female,Under 21,No,6
STU-07592,Female,21-25,No,1
STU-07593,Non-binary,21-25,No,9
STU-07594,Female,Under 21,No,5
STU-07595,Male,21-25,No,5
STU-07596,Male,Under 21,No,9
STU-07597,Female,36+,Yes,8
STU-07598,Male,26-35,No,8
STU-07599,Male,21-25,No,7
STU-07600,Male,21-25,No,3
STU-07601,Male,Under 21,No,9
STU-07602,Female,36+,No,2
STU-07603,Female,26-35,No,8
STU-07604,Female,21-25,No,10
STU-07605,Female,Under 21,No,9
STU-07606,Male,26-35,No,9
STU-07607,Female,21-25,No,5
STU-07608,Female,Under 21,Yes,3
STU-07609,Male,21-25,No,10
STU-07610,Male,Under 21,No,9
STU-07611,Female,Under 21,Yes,2
STU-07612,Male,21-25,No,10
STU-07613,Female,26-35,No,4
STU-07614,Female,21-25,No,9
STU-07615,Female,Under 21,No,6
STU-07616,Male,Under 21,No,8
STU-07617,Male,21-25,No,9
STU-07618,Male,21-25,No,3
STU-07619,Male,26-35,No,5
STU-07620,Female,26-35,Yes,3
STU-07621,Female,21-25,No,2
STU-07622,Male,26-35,No,6
STU-07623,Female,26-35,No,6
STU-07624,Female,21-25,No,6
STU-07625,Male,26-35,No,3
STU-07626,Female,21-25,No,4
STU-07627,Male,Under 21,No,9
STU-07628,Female,26-35,No,3
STU-07629,Female,26-35,No,8
STU-07630,Non-binary,Under 21,No,1
STU-07631,Male,21-25,No,10
STU-07632,Male,21-25,No,1
STU-07633,Female,21-25,No,5
STU-07634,Male,Under 21,Yes,7
STU-07635,Female,26-35,No,5
STU-07636,Female,21-25,No,6
STU-07637,Female,Under 21,No,7
STU-07638,Female,Under 21,No,10
STU-07639,Male,36+,No,2
STU-07640,Female,21-25,Yes,4
STU-07641,Male,Under 21,No,5
STU-07642,Female,21-25,No,7
STU-07643,Female,26-35,No,6
STU-07644,Male,21-25,No,1
STU-07645,Male,21-25,No,5
STU-07646,Male,Under 21,No,9
STU-07647,Female,26-35,No,9
STU-07648,Prefer not to say,21-25,No,3
STU-07649,Female,26-35,No,7
STU-07650,Female,Under 21,Yes,10
STU-07651,Female,Under 21,No,2
STU-07652,Female,21-25,No,1
STU-07653,Male,Under 21,No,4
STU-07654,Male,21-25,No,1
STU-07655,Male,Under 21,No,4
STU-07656,Female,Under 21,No,10
STU-07657,Female,21-25,No,5
STU-07658,Female,Under 21,No,10
STU-07659,Male,Under 21,No,6
STU-07660,Female,21-25,No,2
STU-07661,Male,21-25,No,5
STU-07662,Male,Under 21,No,1
STU-07663,Female,26-35,No,4
STU-07664,Male,21-25,No,10
STU-07665,Female,21-25,No,6
STU-07666,Female,Under 21,No,6
STU-07667,Female,21-25,No,8
STU-07668,Male,36+,No,7
STU-07669,Male,36+,No,3
STU-07670,Female,Under 21,No,7
STU-07671,Female,Under 21,No,6
STU-07672,Male,26-35,No,2
STU-07673,Female,21-25,No,10
STU-07674,Non-binary,Under 21,No,4
STU-07675,Male,26-35,No,4
STU-07676,Male,26-35,No,2
STU-07677,Female,21-25,No,6
STU-07678,Male,26-35,No,8
STU-07679,Male,Under 21,No,10
STU-07680,Female,21-25,No,3
STU-07681,Male,21-25,No,3
STU-07682,Male,26-35,Yes,8
STU-07683,Female,26-35,No,5
STU-07684,Male,26-35,No,7
STU-07685,Male,Under 21,No,2
STU-07686,Female,Under 21,Yes,3
STU-07687,Male,36+,No,6
STU-07688,Male,21-25,No,10
STU-07689,Female,Under 21,Yes,4
STU-07690,Male,26-35,No,3
STU-07691,Female,26-35,Yes,6
STU-07692,Male,21-25,No,6
STU-07693,Female,26-35,No,9
STU-07694,Male,26-35,No,4
STU-07695,Non-binary,21-25,No,8
STU-07696,Female,Under 21,No,9
STU-07697,Male,21-25,Yes,9
STU-07698,Female,36+,No,2
STU-07699,Male,21-25,No,9
STU-07700,Non-binary,21-25,No,2
STU-07701,Female,Under 21,No,5
STU-07702,Female,21-25,No,10
STU-07703,Male,21-25,No,6
STU-07704,Male,26-35,No,9
STU-07705,Male,Under 21,Yes,7
STU-07706,Female,26-35,No,8
STU-07707,Female,26-35,No,9
STU-07708,Female,Under 21,No,10
STU-07709,Female,21-25,No,6
STU-07710,Female,36+,No,2
STU-07711,Male,36+,No,2
STU-07712,Female,21-25,No,2
STU-07713,Male,36+,No,2
STU-07714,Male,21-25,Yes,1
STU-07715,Female,21-25,No,2
STU-07716,Female,21-25,No,5
STU-07717,Non-binary,26-35,No,7
STU-07718,Male,21-25,No,7
STU-07719,Male,Under 21,No,7
STU-07720,Female,21-25,No,6
STU-07721,Female,21-25,No,2
STU-07722,Male,26-35,No,1
STU-07723,Female,21-25,No,6
STU-07724,Female,Under 21,No,9
STU-07725,Male,21-25,Yes,3
STU-07726,Female,Under 21,No,6
STU-07727,Female,21-25,No,4
STU-07728,Female,Under 21,No,2
STU-07729,Female,21-25,No,4
STU-07730,Male,36+,No,3
STU-07731,Female,21-25,No,2
STU-07732,Female,Under 21,No,5
STU-07733,Female,21-25,No,1
STU-07734,Non-binary,21-25,No,5
STU-07735,Female,36+,Yes,6
STU-07736,Male,Under 21,No,7
STU-07737,Non-binary,21-25,No,8
STU-07738,Female,21-25,Yes,5
STU-07739,Female,26-35,No,4
STU-07740,Female,21-25,No,9
STU-07741,Male,21-25,No,7
STU-07742,Male,21-25,No,8
STU-07743,Male,26-35,No,10
STU-07744,Male,26-35,Yes,7
STU-07745,Male,21-25,No,4
STU-07746,Female,Under 21,No,9
STU-07747,Non-binary,26-35,No,2
STU-07748,Female,Under 21,No,10
STU-07749,Male,26-35,Yes,10
STU-07750,Female,21-25,No,8
STU-07751,Female,Under 21,No,5
STU-07752,Female,Under 21,No,3
STU-07753,Male,36+,No,9
STU-07754,Female,21-25,No,3
STU-07755,Male,21-25,No,9
STU-07756,Male,Under 21,No,2
STU-07757,Female,Under 21,Yes,4
STU-07758,Female,Under 21,No,3
STU-07759,Male,Under 21,No,7
STU-07760,Female,21-25,No,10
STU-07761,Female,21-25,No,2
STU-07762,Male,21-25,No,7
STU-07763,Male,21-25,No,2
STU-07764,Female,21-25,No,4
STU-07765,Male,36+,No,1
STU-07766,Female,Under 21,No,6
STU-07767,Female,21-25,No,7
STU-07768,Female,26-35,No,5
STU-07769,Female,21-25,No,10
STU-07770,Female,21-25,No,6
STU-07771,Male,21-25,No,6
STU-07772,Male,26-35,No,5
STU-07773,Male,Under 21,No,3
STU-07774,Female,21-25,No,7
STU-07775,Male,Under 21,No,4
STU-07776,Male,26-35,No,9
STU-07777,Female,Under 21,No,2
STU-07778,Female,21-25,No,9
STU-07779,Female,Under 21,Yes,5
STU-07780,Female,21-25,No,9
STU-07781,Female,26-35,No,6
STU-07782,Female,Under 21,No,4
STU-07783,Male,26-35,No,7
STU-07784,Female,21-25,Yes,10
STU-07785,Female,Under 21,No,9
STU-07786,Male,26-35,Yes,8
STU-07787,Female,26-35,No,6
STU-07788,Female,21-25,No,9
STU-07789,Female,26-35,No,10
STU-07790,Male,Under 21,No,6
STU-07791,Female,Under 21,No,4
STU-07792,Non-binary,26-35,No,6
STU-07793,Male,Under 21,No,2
STU-07794,Female,Under 21,No,9
STU-07795,Male,21-25,No,10
STU-07796,Female,26-35,No,2
STU-07797,Male,Under 21,No,10
STU-07798,Female,Under 21,No,5
STU-07799,Female,Under 21,No,2
STU-07800,Male,21-25,No,7
STU-07801,Male,Under 21,No,9
STU-07802,Female,26-35,No,4
STU-07803,Male,Under 21,No,10
STU-07804,Female,26-35,No,9
STU-07805,Male,21-25,No,6
STU-07806,Male,Under 21,No,7
STU-07807,Female,Under 21,Yes,10
STU-07808,Female,36+,No,9
STU-07809,Male,21-25,No,3
STU-07810,Female,21-25,No,9
STU-07811,Male,Under 21,Yes,7
STU-07812,Female,21-25,No,6
STU-07813,Female,Under 21,No,9
STU-07814,Female,Under 21,Yes,8
STU-07815,Male,Under 21,No,4
STU-07816,Male,21-25,Yes,9
STU-07817,Female,26-35,No,8
STU-07818,Male,21-25,No,10
STU-07819,Female,Under 21,No,2
STU-07820,Non-binary,Under 21,No,8
STU-07821,Female,Under 21,No,6
STU-07822,Male,21-25,No,6
STU-07823,Male,Under 21,No,1
STU-07824,Male,Under 21,No,7
STU-07825,Female,26-35,No,9
STU-07826,Female,26-35,No,6
STU-07827,Male,21-25,Yes,5
STU-07828,Male,21-25,No,3
STU-07829,Male,Under 21,No,4
STU-07830,Male,Under 21,No,1
STU-07831,Female,Under 21,No,6
STU-07832,Female,Under 21,No,10
STU-07833,Male,26-35,No,1
STU-07834,Female,21-25,No,10
STU-07835,Female,21-25,No,4
STU-07836,Male,Under 21,No,4
STU-07837,Male,21-25,No,5
STU-07838,Female,21-25,No,7
STU-07839,Female,21-25,No,9
STU-07840,Female,21-25,No,5
STU-07841,Male,21-25,No,5
STU-07842,Male,Under 21,No,2
STU-07843,Female,26-35,No,3
STU-07844,Female,21-25,No,9
STU-07845,Male,Under 21,No,9
STU-07846,Female,Under 21,No,4
STU-07847,Male,21-25,No,7
STU-07848,Female,36+,No,8
STU-07849,Female,21-25,No,5
STU-07850,Male,21-25,No,10
STU-07851,Male,Under 21,No,5
STU-07852,Female,26-35,Yes,8
STU-07853,Male,21-25,No,3
STU-07854,Female,Under 21,No,3
STU-07855,Female,Under 21,No,10
STU-07856,Male,21-25,No,3
STU-07857,Female,Under 21,No,9
STU-07858,Male,21-25,No,8
STU-07859,Male,21-25,No,8
STU-07860,Female,26-35,No,4
STU-07861,Male,21-25,No,2
STU-07862,Male,21-25,No,9
STU-07863,Female,Under 21,No,8
STU-07864,Male,36+,No,10
STU-07865,Female,26-35,No,5
STU-07866,Female,Under 21,No,8
STU-07867,Male,21-25,No,2
STU-07868,Female,Under 21,No,9
STU-07869,Male,21-25,No,3
STU-07870,Female,26-35,Yes,10
STU-07871,Male,Under 21,No,2
STU-07872,Female,36+,No,9
STU-07873,Male,26-35,No,10
STU-07874,Male,21-25,No,6
STU-07875,Female,Under 21,No,6
STU-07876,Male,21-25,No,2
STU-07877,Female,21-25,No,6
STU-07878,Female,26-35,No,4
STU-07879,Male,21-25,No,7
STU-07880,Prefer not to say,Under 21,No,4
STU-07881,Female,21-25,No,9
STU-07882,Female,21-25,No,4
STU-07883,Male,21-25,No,7
STU-07884,Female,Under 21,No,8
STU-07885,Male,Under 21,No,7
STU-07886,Non-binary,21-25,No,2
STU-07887,Male,21-25,No,9
STU-07888,Female,Under 21,No,10
STU-07889,Female,21-25,No,6
STU-07890,Male,21-25,No,7
STU-07891,Male,21-25,No,7
STU-07892,Female,Under 21,No,2
STU-07893,Male,Under 21,No,7
STU-07894,Female,21-25,No,5
STU-07895,Male,Under 21,No,10
STU-07896,Male,26-35,No,3
STU-07897,Female,21-25,No,7
STU-07898,Female,Under 21,No,2
STU-07899,Female,21-25,Yes,2
STU-07900,Non-binary,21-25,No,5
STU-07901,Female,Under 21,No,9
STU-07902,Female,26-35,No,5
STU-07903,Female,Under 21,No,3
STU-07904,Female,36+,No,8
STU-07905,Male,21-25,No,7
STU-07906,Male,21-25,No,3
STU-07907,Male,21-25,No,10
STU-07908,Female,26-35,No,7
STU-07909,Female,21-25,No,8
STU-07910,Female,Under 21,No,6
STU-07911,Male,26-35,No,3
STU-07912,Female,Under 21,No,5
STU-07913,Male,Under 21,No,8
STU-07914,Male,21-25,No,10
STU-07915,Female,26-35,No,6
STU-07916,Female,Under 21,Yes,10
STU-07917,Male,Under 21,Yes,2
STU-07918,Male,21-25,No,6
STU-07919,Male,Under 21,No,5
STU-07920,Non-binary,Under 21,No,1
STU-07921,Female,21-25,No,6
STU-07922,Female,Under 21,No,10
STU-07923,Female,21-25,Yes,10
STU-07924,Female,21-25,No,4
STU-07925,Female,21-25,Yes,5
STU-07926,Female,21-25,No,9
STU-07927,Male,26-35,No,5
STU-07928,Female,21-25,No,8
STU-07929,Male,21-25,No,6
STU-07930,Female,Under 21,Yes,2
STU-07931,Prefer not to say,21-25,No,6
STU-07932,Female,26-35,No,9
STU-07933,Female,21-25,No,4
STU-07934,Male,36+,No,4
STU-07935,Female,Under 21,No,4
STU-07936,Male,21-25,No,9
STU-07937,Male,26-35,No,10
STU-07938,Male,21-25,No,8
STU-07939,Male,21-25,No,8
STU-07940,Female,21-25,No,6
STU-07941,Male,Under 21,No,7
STU-07942,Female,Under 21,No,1
STU-07943,Female,36+,No,5
STU-07944,Male,26-35,No,10
STU-07945,Female,21-25,No,2
STU-07946,Female,26-35,No,10
STU-07947,Non-binary,21-25,No,9
STU-07948,Female,36+,No,10
STU-07949,Male,Under 21,No,1
STU-07950,Female,21-25,No,10
STU-07951,Female,Under 21,No,7
STU-07952,Male,21-25,No,5
STU-07953,Male,26-35,No,8
STU-07954,Female,26-35,No,9
STU-07955,Female,26-35,Yes,2
STU-07956,Female,26-35,No,6
STU-07957,Male,26-35,No,3
STU-07958,Male,Under 21,No,8
STU-07959,Male,21-25,No,6
STU-07960,Male,36+,No,2
STU-07961,Female,21-25,No,10
STU-07962,Male,Under 21,No,8
STU-07963,Female,26-35,No,5
STU-07964,Non-binary,36+,No,2
STU-07965,Male,Under 21,No,4
STU-07966,Female,21-25,No,3
STU-07967,Male,Under 21,No,7
STU-07968,Female,21-25,No,3
STU-07969,Male,Under 21,No,6
STU-07970,Male,21-25,No,3
STU-07971,Male,Under 21,No,1
STU-07972,Male,26-35,No,1
STU-07973,Female,26-35,No,4
STU-07974,Male,36+,No,5
STU-07975,Female,21-25,No,4
STU-07976,Male,Under 21,No,8
STU-07977,Male,21-25,No,7
STU-07978,Female,26-35,No,8
STU-07979,Male,21-25,No,3
STU-07980,Male,26-35,No,3
STU-07981,Female,26-35,No,5
STU-07982,Male,21-25,No,4
STU-07983,Male,Under 21,No,3
STU-07984,Female,21-25,No,7
STU-07985,Male,21-25,No,10
STU-07986,Male,Under 21,No,6
STU-07987,Male,21-25,No,6
STU-07988,Female,Under 21,Yes,1
STU-07989,Non-binary,21-25,No,10
STU-07990,Female,Under 21,No,2
STU-07991,Male,Under 21,No,3
STU-07992,Female,21-25,No,6
STU-07993,Male,26-35,No,9
STU-07994,Female,21-25,No,1
STU-07995,Male,26-35,No,9
STU-07996,Male,Under 21,No,10
STU-07997,Male,21-25,No,4
STU-07998,Male,21-25,No,3
STU-07999,Female,Under 21,No,10
STU-08000,Male,21-25,No,4
STU-08001,Female,21-25,No,1
STU-08002,Male,36+,No,8
STU-08003,Male,26-35,No,3
STU-08004,Female,Under 21,Yes,4
STU-08005,Male,21-25,No,6
STU-08006,Female,21-25,Yes,4
STU-08007,Female,26-35,No,3
STU-08008,Male,26-35,No,1
STU-08009,Male,Under 21,Yes,3
STU-08010,Male,36+,Yes,1
STU-08011,Female,21-25,No,5
STU-08012,Male,Under 21,No,2
STU-08013,Male,26-35,No,5
STU-08014,Female,Under 21,No,1
STU-08015,Female,21-25,No,2
STU-08016,Female,36+,No,10
STU-08017,Male,36+,No,5
STU-08018,Female,Under 21,No,9
STU-08019,Female,21-25,No,3
STU-08020,Male,Under 21,No,10
STU-08021,Female,26-35,No,5
STU-08022,Female,26-35,No,10
STU-08023,Male,21-25,No,3
STU-08024,Female,Under 21,No,9
STU-08025,Female,26-35,No,5
STU-08026,Male,21-25,No,7
STU-08027,Female,26-35,No,4
STU-08028,Female,Under 21,No,8
STU-08029,Male,21-25,No,1
STU-08030,Male,26-35,No,4
STU-08031,Male,Under 21,No,5
STU-08032,Female,26-35,No,1
STU-08033,Female,26-35,No,5
STU-08034,Female,Under 21,Yes,4
STU-08035,Female,21-25,No,7
STU-08036,Female,Under 21,No,8
STU-08037,Male,26-35,No,10
STU-08038,Male,36+,No,6
STU-08039,Non-binary,Under 21,No,1
STU-08040,Male,26-35,No,6
STU-08041,Female,26-35,Yes,3
STU-08042,Female,21-25,No,9
STU-08043,Male,26-35,Yes,3
STU-08044,Female,21-25,No,3
STU-08045,Female,21-25,No,10
STU-08046,Female,Under 21,No,2
STU-08047,Male,Under 21,No,9
STU-08048,Male,36+,No,8
STU-08049,Female,Under 21,No,2
STU-08050,Female,21-25,No,5
STU-08051,Male,Under 21,No,3
STU-08052,Male,Under 21,No,10
STU-08053,Female,Under 21,No,4
STU-08054,Female,26-35,No,5
STU-08055,Female,21-25,No,3
STU-08056,Female,26-35,No,4
STU-08057,Male,21-25,No,5
STU-08058,Male,26-35,No,8
STU-08059,Female,21-25,No,2
STU-08060,Male,Under 21,No,3
STU-08061,Female,21-25,No,4
STU-08062,Female,21-25,No,7
STU-08063,Male,21-25,Yes,2
STU-08064,Male,26-35,No,6
STU-08065,Female,21-25,No,8
STU-08066,Female,21-25,No,8
STU-08067,Male,26-35,No,1
STU-08068,Male,Under 21,Yes,9
STU-08069,Female,Under 21,Yes,6
STU-08070,Female,21-25,No,3
STU-08071,Male,21-25,No,6
STU-08072,Female,26-35,No,8
STU-08073,Female,21-25,No,4
STU-08074,Female,36+,No,8
STU-08075,Male,21-25,No,4
STU-08076,Male,Under 21,No,8
STU-08077,Male,21-25,No,5
STU-08078,Female,26-35,No,5
STU-08079,Male,Under 21,No,3
STU-08080,Male,21-25,No,2
STU-08081,Male,21-25,Yes,3
STU-08082,Female,36+,No,10
STU-08083,Female,Under 21,No,2
STU-08084,Female,Under 21,Yes,6
STU-08085,Male,21-25,Yes,4
STU-08086,Female,26-35,No,2
STU-08087,Male,21-25,No,6
STU-08088,Female,26-35,No,7
STU-08089,Male,Under 21,No,3
STU-08090,Female,Under 21,No,6
STU-08091,Female,26-35,Yes,5
STU-08092,Male,21-25,No,8
STU-08093,Male,26-35,No,10
STU-08094,Female,26-35,No,9
STU-08095,Female,21-25,No,4
STU-08096,Female,Under 21,No,6
STU-08097,Male,26-35,No,6
STU-08098,Female,21-25,No,2
STU-08099,Female,21-25,No,3
STU-08100,Non-binary,21-25,No,7
STU-08101,Female,21-25,No,2
STU-08102,Female,21-25,No,4
STU-08103,Male,21-25,No,1
STU-08104,Female,21-25,No,4
STU-08105,Female,21-25,No,2
STU-08106,Male,21-25,No,1
STU-08107,Female,26-35,No,10
STU-08108,Female,21-25,No,9
STU-08109,Male,26-35,No,3
STU-08110,Male,Under 21,No,2
STU-08111,Male,Under 21,No,7
STU-08112,Female,Under 21,No,7
STU-08113,Female,21-25,No,1
STU-08114,Male,36+,No,2
STU-08115,Female,36+,No,10
STU-08116,Female,21-25,No,1
STU-08117,Female,Under 21,No,8
STU-08118,Female,36+,No,1
STU-08119,Female,21-25,No,4
STU-08120,Male,21-25,No,7
STU-08121,Male,21-25,No,5
STU-08122,Female,21-25,Yes,10
STU-08123,Male,21-25,No,1
STU-08124,Female,Under 21,No,5
STU-08125,Male,21-25,Yes,7
STU-08126,Female,26-35,No,9
STU-08127,Male,Under 21,No,5
STU-08128,Male,Under 21,No,8
STU-08129,Male,Under 21,No,9
STU-08130,Female,21-25,No,4
STU-08131,Male,21-25,No,2
STU-08132,Female,Under 21,No,4
STU-08133,Female,21-25,No,8
STU-08134,Female,21-25,No,8
STU-08135,Male,21-25,Yes,5
STU-08136,Female,21-25,No,10
STU-08137,Male,Under 21,No,5
STU-08138,Male,21-25,No,8
STU-08139,Female,21-25,No,5
STU-08140,Female,26-35,No,10
STU-08141,Female,Under 21,Yes,10
STU-08142,Male,21-25,Yes,6
STU-08143,Female,Under 21,No,1
STU-08144,Female,21-25,No,8
STU-08145,Female,Under 21,No,8
STU-08146,Female,21-25,No,10
STU-08147,Female,Under 21,No,4
STU-08148,Female,Under 21,No,6
STU-08149,Male,Under 21,No,4
STU-08150,Female,21-25,No,3
STU-08151,Female,21-25,No,6
STU-08152,Male,21-25,No,8
STU-08153,Female,Under 21,No,9
STU-08154,Male,21-25,Yes,6
STU-08155,Female,21-25,No,6
STU-08156,Prefer not to say,26-35,No,2
STU-08157,Female,Under 21,No,5
STU-08158,Male,21-25,No,10
STU-08159,Female,21-25,No,2
STU-08160,Female,21-25,No,5
STU-08161,Male,21-25,No,1
STU-08162,Female,26-35,No,1
STU-08163,Male,Under 21,No,8
STU-08164,Male,21-25,No,6
STU-08165,Female,Under 21,Yes,8
STU-08166,Female,26-35,No,5
STU-08167,Female,21-25,Yes,7
STU-08168,Female,Under 21,No,9
STU-08169,Male,26-35,No,3
STU-08170,Female,26-35,No,5
STU-08171,Male,21-25,No,1
STU-08172,Female,26-35,No,1
STU-08173,Male,21-25,No,6
STU-08174,Female,21-25,No,6
STU-08175,Male,21-25,No,7
STU-08176,Female,21-25,No,2
STU-08177,Male,Under 21,No,5
STU-08178,Male,26-35,Yes,5
STU-08179,Male,Under 21,No,2
STU-08180,Male,Under 21,No,9
STU-08181,Female,21-25,No,5
STU-08182,Male,26-35,No,2
STU-08183,Male,26-35,No,6
STU-08184,Female,Under 21,Yes,2
STU-08185,Male,26-35,No,7
STU-08186,Female,21-25,No,7
STU-08187,Female,Under 21,No,6
STU-08188,Male,26-35,No,5
STU-08189,Female,Under 21,No,9
STU-08190,Female,21-25,No,1
STU-08191,Male,Under 21,No,1
STU-08192,Female,21-25,No,5
STU-08193,Male,Under 21,No,7
STU-08194,Male,Under 21,No,10
STU-08195,Female,26-35,No,4
STU-08196,Female,26-35,No,5
STU-08197,Male,21-25,Yes,3
STU-08198,Female,21-25,No,2
STU-08199,Prefer not to say,36+,No,1
STU-08200,Male,21-25,No,7
STU-08201,Male,21-25,No,3
STU-08202,Female,26-35,No,5
STU-08203,Male,21-25,No,8
STU-08204,Male,26-35,No,8
STU-08205,Female,26-35,No,9
STU-08206,Female,26-35,No,2
STU-08207,Female,21-25,No,8
STU-08208,Female,26-35,No,10
STU-08209,Female,26-35,No,8
STU-08210,Male,21-25,No,1
STU-08211,Female,21-25,No,4
STU-08212,Male,21-25,No,9
STU-08213,Male,Under 21,No,4
STU-08214,Male,26-35,No,1
STU-08215,Male,21-25,No,8
STU-08216,Female,Under 21,No,4
STU-08217,Female,26-35,No,3
STU-08218,Male,21-25,No,4
STU-08219,Female,26-35,No,3
STU-08220,Female,Under 21,No,9
STU-08221,Female,26-35,No,10
STU-08222,Female,Under 21,No,7
STU-08223,Female,Under 21,No,7
STU-08224,Male,21-25,No,1
STU-08225,Male,26-35,Yes,8
STU-08226,Female,21-25,No,1
STU-08227,Male,Under 21,No,4
STU-08228,Female,36+,No,2
STU-08229,Male,Under 21,No,6
STU-08230,Male,21-25,No,6
STU-08231,Male,Under 21,No,2
STU-08232,Male,26-35,No,4
STU-08233,Female,26-35,No,3
STU-08234,Male,21-25,No,10
STU-08235,Male,21-25,No,2
STU-08236,Male,26-35,No,8
STU-08237,Male,Under 21,No,3
STU-08238,Male,26-35,No,2
STU-08239,Prefer not to say,26-35,No,2
STU-08240,Female,21-25,No,1
STU-08241,Female,Under 21,No,3
STU-08242,Female,Under 21,No,4
STU-08243,Female,21-25,No,7
STU-08244,Female,26-35,No,7
STU-08245,Male,Under 21,No,10
STU-08246,Female,Under 21,No,5
STU-08247,Male,36+,No,1
STU-08248,Male,21-25,Yes,1
STU-08249,Female,21-25,Yes,9
STU-08250,Female,21-25,Yes,3
STU-08251,Male,26-35,No,2
STU-08252,Non-binary,Under 21,No,3
STU-08253,Male,26-35,No,5
STU-08254,Female,26-35,No,8
STU-08255,Female,Under 21,No,5
STU-08256,Male,21-25,No,2
STU-08257,Male,26-35,No,2
STU-08258,Female,21-25,Yes,4
STU-08259,Female,Under 21,No,5
STU-08260,Female,Under 21,No,6
STU-08261,Male,Under 21,No,9
STU-08262,Female,21-25,No,6
STU-08263,Female,21-25,No,9
STU-08264,Male,21-25,No,2
STU-08265,Male,21-25,No,4
STU-08266,Female,21-25,No,1
STU-08267,Male,Under 21,No,4
STU-08268,Female,26-35,No,8
STU-08269,Male,Under 21,Yes,10
STU-08270,Female,21-25,No,4
STU-08271,Female,26-35,No,5
STU-08272,Female,Under 21,No,1
STU-08273,Female,21-25,No,4
STU-08274,Male,Under 21,Yes,9
STU-08275,Male,21-25,No,8
STU-08276,Female,21-25,No,1
STU-08277,Female,21-25,No,5
STU-08278,Female,26-35,No,4
STU-08279,Male,36+,No,9
STU-08280,Female,21-25,No,10
STU-08281,Male,36+,No,6
STU-08282,Male,21-25,Yes,4
STU-08283,Non-binary,21-25,No,10
STU-08284,Female,Under 21,No,7
STU-08285,Female,21-25,No,7
STU-08286,Female,36+,No,10
STU-08287,Non-binary,21-25,No,5
STU-08288,Male,21-25,No,2
STU-08289,Female,Under 21,No,9
STU-08290,Male,26-35,No,4
STU-08291,Male,Under 21,Yes,3
STU-08292,Female,Under 21,No,4
STU-08293,Female,21-25,No,7
STU-08294,Male,21-25,Yes,1
STU-08295,Male,26-35,Yes,4
STU-08296,Female,21-25,No,4
STU-08297,Female,26-35,No,10
STU-08298,Female,21-25,No,4
STU-08299,Male,Under 21,No,2
STU-08300,Female,26-35,No,10
STU-08301,Female,21-25,No,5
STU-08302,Male,21-25,No,1
STU-08303,Non-binary,21-25,No,6
STU-08304,Female,21-25,No,9
STU-08305,Male,26-35,No,10
STU-08306,Male,Under 21,No,5
STU-08307,Female,21-25,No,8
STU-08308,Female,Under 21,No,1
STU-08309,Prefer not to say,26-35,No,8
STU-08310,Female,Under 21,No,4
STU-08311,Non-binary,36+,No,7
STU-08312,Male,26-35,Yes,2
STU-08313,Male,26-35,No,6
STU-08314,Female,Under 21,No,4
STU-08315,Female,21-25,No,2
STU-08316,Male,Under 21,No,8
STU-08317,Male,Under 21,No,9
STU-08318,Female,36+,No,9
STU-08319,Female,Under 21,No,4
STU-08320,Female,21-25,Yes,2
STU-08321,Male,21-25,No,3
STU-08322,Male,21-25,No,9
STU-08323,Male,26-35,No,9
STU-08324,Female,26-35,No,7
STU-08325,Female,26-35,No,4
STU-08326,Male,36+,No,1
STU-08327,Female,21-25,No,3
STU-08328,Male,21-25,Yes,5
STU-08329,Female,26-35,No,7
STU-08330,Female,21-25,No,8
STU-08331,Male,36+,Yes,3
STU-08332,Male,Under 21,No,7
STU-08333,Male,21-25,No,10
STU-08334,Male,Under 21,No,1
STU-08335,Non-binary,36+,No,4
STU-08336,Female,21-25,No,7
STU-08337,Male,26-35,No,5
STU-08338,Male,21-25,No,3
STU-08339,Female,26-35,No,2
STU-08340,Female,21-25,No,9
STU-08341,Female,21-25,No,1
STU-08342,Female,26-35,No,9
STU-08343,Female,Under 21,No,4
STU-08344,Male,Under 21,No,3
STU-08345,Female,Under 21,No,8
STU-08346,Female,21-25,No,10
STU-08347,Male,21-25,No,1
STU-08348,Female,26-35,No,8
STU-08349,Female,21-25,Yes,9
STU-08350,Male,26-35,No,7
STU-08351,Female,Under 21,No,2
STU-08352,Male,21-25,No,9
STU-08353,Female,21-25,No,9
STU-08354,Male,21-25,No,1
STU-08355,Male,21-25,No,3
STU-08356,Female,21-25,No,1
STU-08357,Male,21-25,No,9
STU-08358,Male,21-25,No,8
STU-08359,Male,26-35,Yes,2
STU-08360,Female,36+,Yes,2
STU-08361,Female,Under 21,No,8
STU-08362,Male,21-25,No,7
STU-08363,Female,26-35,No,2
STU-08364,Male,21-25,No,5
STU-08365,Male,Under 21,No,4
STU-08366,Female,21-25,No,2
STU-08367,Female,21-25,No,4
STU-08368,Female,26-35,No,1
STU-08369,Non-binary,21-25,Yes,6
STU-08370,Male,Under 21,No,4
STU-08371,Male,21-25,No,1
STU-08372,Male,21-25,No,1
STU-08373,Male,21-25,No,8
STU-08374,Male,Under 21,No,5
STU-08375,Female,21-25,No,6
STU-08376,Female,Under 21,No,6
STU-08377,Female,26-35,No,7
STU-08378,Female,21-25,No,10
STU-08379,Female,Under 21,No,1
STU-08380,Male,21-25,No,10
STU-08381,Female,21-25,No,6
STU-08382,Female,Under 21,No,2
STU-08383,Male,Under 21,No,9
STU-08384,Female,Under 21,No,1
STU-08385,Male,21-25,No,9
STU-08386,Female,26-35,Yes,2
STU-08387,Female,21-25,No,5
STU-08388,Male,21-25,No,10
STU-08389,Female,Under 21,No,10
STU-08390,Male,21-25,Yes,3
STU-08391,Female,21-25,No,8
STU-08392,Male,26-35,No,4
STU-08393,Female,21-25,No,5
STU-08394,Female,Under 21,No,3
STU-08395,Male,21-25,No,8
STU-08396,Non-binary,Under 21,No,6
STU-08397,Female,21-25,No,2
STU-08398,Female,Under 21,No,3
STU-08399,Male,21-25,No,2
STU-08400,Female,21-25,No,9
STU-08401,Female,26-35,No,7
STU-08402,Male,26-35,No,5
STU-08403,Female,Under 21,No,3
STU-08404,Male,36+,No,5
STU-08405,Female,26-35,No,1
STU-08406,Male,26-35,No,2
STU-08407,Male,21-25,No,4
STU-08408,Male,21-25,No,8
STU-08409,Male,21-25,No,9
STU-08410,Female,Under 21,No,9
STU-08411,Female,26-35,No,10
STU-08412,Female,36+,No,2
STU-08413,Female,Under 21,No,3
STU-08414,Male,21-25,No,9
STU-08415,Male,26-35,No,9
STU-08416,Female,26-35,Yes,2
STU-08417,Male,Under 21,No,10
STU-08418,Female,21-25,No,6
STU-08419,Female,21-25,No,5
STU-08420,Female,21-25,No,7
STU-08421,Female,21-25,No,5
STU-08422,Male,21-25,No,7
STU-08423,Male,21-25,No,6
STU-08424,Prefer not to say,26-35,No,2
STU-08425,Female,26-35,No,7
STU-08426,Male,21-25,No,7
STU-08427,Female,21-25,No,5
STU-08428,Female,Under 21,No,8
STU-08429,Male,Under 21,No,2
STU-08430,Male,21-25,No,9
STU-08431,Female,21-25,Yes,10
STU-08432,Male,Under 21,No,7
STU-08433,Male,Under 21,Yes,3
STU-08434,Male,21-25,No,2
STU-08435,Female,26-35,No,9
STU-08436,Male,Under 21,No,2
STU-08437,Female,26-35,No,2
STU-08438,Male,21-25,No,2
STU-08439,Male,21-25,No,2
STU-08440,Male,21-25,No,10
STU-08441,Female,Under 21,No,10
STU-08442,Female,21-25,No,4
STU-08443,Male,21-25,No,9
STU-08444,Female,36+,No,8
STU-08445,Male,21-25,No,8
STU-08446,Female,21-25,No,6
STU-08447,Female,21-25,No,9
STU-08448,Male,Under 21,No,4
STU-08449,Female,26-35,No,4
STU-08450,Female,21-25,No,1
STU-08451,Female,21-25,No,7
STU-08452,Male,Under 21,No,10
STU-08453,Female,21-25,No,8
STU-08454,Female,21-25,No,8
STU-08455,Male,21-25,No,2
STU-08456,Female,21-25,No,10
STU-08457,Female,Under 21,No,1
STU-08458,Male,Under 21,No,5
STU-08459,Female,26-35,No,3
STU-08460,Male,Under 21,No,7
STU-08461,Male,21-25,No,7
STU-08462,Male,21-25,No,8
STU-08463,Male,26-35,No,9
STU-08464,Male,21-25,No,8
STU-08465,Female,Under 21,Yes,3
STU-08466,Female,Under 21,No,6
STU-08467,Female,26-35,No,6
STU-08468,Male,26-35,No,1
STU-08469,Female,21-25,No,7
STU-08470,Male,Under 21,No,2
STU-08471,Male,Under 21,Yes,2
STU-08472,Female,26-35,Yes,10
STU-08473,Male,21-25,No,3
STU-08474,Female,21-25,No,1
STU-08475,Female,21-25,No,10
STU-08476,Female,21-25,No,1
STU-08477,Male,Under 21,No,9
STU-08478,Male,21-25,No,8
STU-08479,Female,21-25,No,4
STU-08480,Female,Under 21,No,1
STU-08481,Male,21-25,Yes,8
STU-08482,Female,26-35,No,2
STU-08483,Female,21-25,No,10
STU-08484,Male,26-35,No,3
STU-08485,Female,21-25,No,1
STU-08486,Male,Under 21,No,7
STU-08487,Male,21-25,No,7
STU-08488,Male,Under 21,No,1
STU-08489,Female,Under 21,No,6
STU-08490,Female,Under 21,No,2
STU-08491,Male,Under 21,No,6
STU-08492,Male,Under 21,No,2
STU-08493,Female,26-35,No,10
STU-08494,Male,21-25,No,7
STU-08495,Female,26-35,No,4
STU-08496,Female,Under 21,No,3
STU-08497,Male,Under 21,No,5
STU-08498,Female,Under 21,No,9
STU-08499,Female,21-25,No,3
STU-08500,Male,Under 21,No,4
STU-08501,Female,Under 21,No,7
STU-08502,Male,21-25,No,5
STU-08503,Male,36+,No,4
STU-08504,Female,21-25,No,4
STU-08505,Male,21-25,No,7
STU-08506,Female,Under 21,No,5
STU-08507,Female,21-25,No,3
STU-08508,Female,21-25,No,5
STU-08509,Female,21-25,No,3
STU-08510,Male,26-35,No,3
STU-08511,Male,21-25,No,10
STU-08512,Female,Under 21,No,5
STU-08513,Male,Under 21,No,9
STU-08514,Male,Under 21,No,4
STU-08515,Male,Under 21,No,10
STU-08516,Male,26-35,No,3
STU-08517,Female,36+,No,10
STU-08518,Female,Under 21,No,9
STU-08519,Female,21-25,No,5
STU-08520,Female,21-25,No,2
STU-08521,Male,Under 21,Yes,2
STU-08522,Female,21-25,No,1
STU-08523,Female,21-25,No,3
STU-08524,Male,Under 21,No,2
STU-08525,Male,Under 21,No,2
STU-08526,Male,21-25,No,5
STU-08527,Male,Under 21,No,6
STU-08528,Female,21-25,No,3
STU-08529,Female,Under 21,No,7
STU-08530,Female,Under 21,Yes,10
STU-08531,Male,Under 21,No,5
STU-08532,Female,Under 21,No,10
STU-08533,Male,21-25,No,6
STU-08534,Male,21-25,No,7
STU-08535,Male,26-35,No,4
STU-08536,Female,36+,Yes,7
STU-08537,Male,21-25,No,5
STU-08538,Female,21-25,No,9
STU-08539,Female,Under 21,No,4
STU-08540,Female,Under 21,No,2
STU-08541,Female,Under 21,No,8
STU-08542,Female,Under 21,No,10
STU-08543,Male,21-25,No,6
STU-08544,Female,21-25,No,7
STU-08545,Male,36+,Yes,1
STU-08546,Male,26-35,No,7
STU-08547,Female,Under 21,No,10
STU-08548,Male,26-35,No,8
STU-08549,Male,26-35,No,8
STU-08550,Female,21-25,No,2
STU-08551,Female,21-25,No,8
STU-08552,Male,36+,No,2
STU-08553,Female,Under 21,No,5
STU-08554,Non-binary,Under 21,No,8
STU-08555,Male,26-35,Yes,6
STU-08556,Female,21-25,No,2
STU-08557,Male,21-25,No,6
STU-08558,Female,21-25,No,8
STU-08559,Male,36+,Yes,1
STU-08560,Male,21-25,No,9
STU-08561,Female,Under 21,No,6
STU-08562,Female,21-25,No,3
STU-08563,Female,21-25,Yes,4
STU-08564,Female,Under 21,No,6
STU-08565,Female,21-25,No,4
STU-08566,Female,21-25,No,5
STU-08567,Female,21-25,No,4
STU-08568,Non-binary,21-25,No,8
STU-08569,Male,21-25,Yes,7
STU-08570,Female,26-35,No,7
STU-08571,Male,21-25,No,7
STU-08572,Female,36+,No,8
STU-08573,Male,21-25,Yes,9
STU-08574,Male,26-35,No,8
STU-08575,Male,21-25,No,9
STU-08576,Female,26-35,No,7
STU-08577,Male,21-25,No,4
STU-08578,Male,21-25,No,4
STU-08579,Male,21-25,No,9
STU-08580,Female,36+,No,6
STU-08581,Female,21-25,No,7
STU-08582,Male,21-25,No,9
STU-08583,Female,26-35,No,4
STU-08584,Male,Under 21,No,9
STU-08585,Male,36+,No,2
STU-08586,Female,Under 21,No,6
STU-08587,Male,36+,No,7
STU-08588,Male,21-25,No,2
STU-08589,Non-binary,36+,No,9
STU-08590,Female,Under 21,No,1
STU-08591,Male,26-35,Yes,7
STU-08592,Female,21-25,No,3
STU-08593,Female,36+,No,7
STU-08594,Male,Under 21,No,10
STU-08595,Female,21-25,Yes,5
STU-08596,Male,21-25,No,1
STU-08597,Male,21-25,No,4
STU-08598,Non-binary,36+,No,9
STU-08599,Female,Under 21,No,7
STU-08600,Female,21-25,No,10
STU-08601,Male,21-25,No,6
STU-08602,Male,21-25,No,2
STU-08603,Male,Under 21,No,9
STU-08604,Female,21-25,No,4
STU-08605,Female,21-25,No,2
STU-08606,Female,26-35,No,10
STU-08607,Female,21-25,No,1
STU-08608,Female,21-25,No,2
STU-08609,Prefer not to say,Under 21,No,8
STU-08610,Female,21-25,No,9
STU-08611,Female,21-25,No,10
STU-08612,Male,21-25,No,7
STU-08613,Male,Under 21,No,10
STU-08614,Female,21-25,No,9
STU-08615,Male,26-35,No,1
STU-08616,Female,Under 21,No,4
STU-08617,Female,Under 21,No,1
STU-08618,Female,21-25,No,2
STU-08619,Male,26-35,Yes,7
STU-08620,Male,26-35,No,7
STU-08621,Male,21-25,No,7
STU-08622,Male,21-25,No,8
STU-08623,Female,21-25,No,1
STU-08624,Female,21-25,No,2
STU-08625,Male,Under 21,No,6
STU-08626,Male,21-25,No,3
STU-08627,Female,26-35,No,3
STU-08628,Female,Under 21,No,5
STU-08629,Female,26-35,No,2
STU-08630,Female,26-35,No,6
STU-08631,Male,21-25,No,2
STU-08632,Female,21-25,No,4
STU-08633,Non-binary,21-25,No,8
STU-08634,Male,21-25,No,6
STU-08635,Male,21-25,No,1
STU-08636,Male,Under 21,Yes,6
STU-08637,Female,21-25,No,1
STU-08638,Male,21-25,No,1
STU-08639,Female,21-25,No,7
STU-08640,Female,26-35,No,4
STU-08641,Male,21-25,No,1
STU-08642,Female,Under 21,Yes,4
STU-08643,Male,21-25,No,4
STU-08644,Female,21-25,Yes,6
STU-08645,Female,21-25,No,4
STU-08646,Male,Under 21,Yes,9
STU-08647,Female,21-25,No,1
STU-08648,Female,21-25,No,8
STU-08649,Male,Under 21,No,6
STU-08650,Female,21-25,No,9
STU-08651,Male,Under 21,No,7
STU-08652,Female,21-25,No,6
STU-08653,Male,21-25,No,3
STU-08654,Male,36+,No,6
STU-08655,Female,Under 21,No,9
STU-08656,Male,21-25,No,9
STU-08657,Male,21-25,No,3
STU-08658,Female,21-25,No,2
STU-08659,Female,36+,No,1
STU-08660,Male,26-35,No,2
STU-08661,Male,26-35,No,5
STU-08662,Male,Under 21,No,1
STU-08663,Male,Under 21,No,6
STU-08664,Non-binary,21-25,No,10
STU-08665,Female,21-25,No,2
STU-08666,Male,26-35,No,9
STU-08667,Female,21-25,No,2
STU-08668,Female,26-35,Yes,7
STU-08669,Female,Under 21,No,10
STU-08670,Female,26-35,No,2
STU-08671,Male,21-25,No,6
STU-08672,Female,36+,No,1
STU-08673,Male,21-25,No,2
STU-08674,Female,Under 21,No,7
STU-08675,Male,Under 21,No,10
STU-08676,Male,21-25,No,8
STU-08677,Male,26-35,No,2
STU-08678,Male,26-35,No,8
STU-08679,Female,Under 21,No,6
STU-08680,Female,Under 21,No,6
STU-08681,Female,21-25,No,2
STU-08682,Female,Under 21,No,1
STU-08683,Female,26-35,No,4
STU-08684,Male,21-25,No,5
STU-08685,Male,21-25,Yes,4
STU-08686,Male,Under 21,No,2
STU-08687,Female,Under 21,No,1
STU-08688,Male,21-25,No,4
STU-08689,Prefer not to say,26-35,No,9
STU-08690,Female,21-25,No,10
STU-08691,Female,26-35,No,7
STU-08692,Male,Under 21,No,4
STU-08693,Male,26-35,No,7
STU-08694,Male,21-25,No,10
STU-08695,Female,21-25,No,2
STU-08696,Female,Under 21,No,3
STU-08697,Female,Under 21,No,3
STU-08698,Male,26-35,No,3
STU-08699,Female,36+,No,6
STU-08700,Female,Under 21,No,8
STU-08701,Male,Under 21,Yes,1
STU-08702,Male,21-25,Yes,3
STU-08703,Male,36+,No,9
STU-08704,Male,Under 21,No,3
STU-08705,Male,36+,No,5
STU-08706,Male,21-25,No,7
STU-08707,Female,21-25,Yes,9
STU-08708,Female,Under 21,No,3
STU-08709,Female,21-25,No,9
STU-08710,Male,Under 21,Yes,9
STU-08711,Female,26-35,No,2
STU-08712,Female,21-25,No,7
STU-08713,Female,Under 21,No,5
STU-08714,Female,Under 21,No,4
STU-08715,Prefer not to say,Under 21,No,6
STU-08716,Male,21-25,No,5
STU-08717,Non-binary,26-35,No,8
STU-08718,Male,Under 21,No,7
STU-08719,Male,26-35,No,9
STU-08720,Female,Under 21,No,8
STU-08721,Male,Under 21,Yes,8
STU-08722,Male,26-35,No,2
STU-08723,Male,21-25,No,8
STU-08724,Male,21-25,No,3
STU-08725,Male,21-25,No,9
STU-08726,Male,21-25,No,10
STU-08727,Male,Under 21,No,3
STU-08728,Male,21-25,No,3
STU-08729,Male,21-25,No,2
STU-08730,Male,21-25,No,2
STU-08731,Male,21-25,No,3
STU-08732,Female,Under 21,No,4
STU-08733,Male,Under 21,No,8
STU-08734,Prefer not to say,Under 21,No,8
STU-08735,Female,26-35,No,5
STU-08736,Male,Under 21,Yes,2
STU-08737,Female,26-35,No,10
STU-08738,Female,21-25,No,4
STU-08739,Male,21-25,No,2
STU-08740,Female,21-25,No,1
STU-08741,Male,21-25,No,8
STU-08742,Female,21-25,No,2
STU-08743,Male,26-35,No,9
STU-08744,Female,Under 21,No,10
STU-08745,Male,26-35,No,1
STU-08746,Female,21-25,Yes,6
STU-08747,Female,21-25,Yes,8
STU-08748,Female,36+,No,10
STU-08749,Male,Under 21,No,1
STU-08750,Male,21-25,No,9
STU-08751,Male,36+,No,4
STU-08752,Male,Under 21,No,10
STU-08753,Male,21-25,No,9
STU-08754,Female,Under 21,No,3
STU-08755,Male,21-25,No,7
STU-08756,Female,Under 21,No,6
STU-08757,Female,36+,Yes,10
STU-08758,Male,Under 21,No,6
STU-08759,Female,26-35,No,7
STU-08760,Male,36+,No,6
STU-08761,Male,21-25,No,9
STU-08762,Female,21-25,No,1
STU-08763,Male,26-35,No,10
STU-08764,Male,Under 21,No,7
STU-08765,Female,21-25,Yes,4
STU-08766,Male,26-35,No,8
STU-08767,Male,Under 21,No,5
STU-08768,Male,21-25,Yes,9
STU-08769,Male,26-35,No,3
STU-08770,Male,36+,No,8
STU-08771,Female,21-25,No,3
STU-08772,Male,21-25,No,4
STU-08773,Male,Under 21,No,3
STU-08774,Female,21-25,No,3
STU-08775,Male,21-25,No,1
STU-08776,Female,21-25,No,6
STU-08777,Female,26-35,No,2
STU-08778,Male,21-25,No,10
STU-08779,Female,21-25,No,9
STU-08780,Male,Under 21,No,1
STU-08781,Male,Under 21,No,2
STU-08782,Male,Under 21,No,4
STU-08783,Female,26-35,No,8
STU-08784,Female,36+,No,7
STU-08785,Male,36+,No,2
STU-08786,Male,26-35,Yes,2
STU-08787,Female,26-35,No,10
STU-08788,Female,21-25,No,8
STU-08789,Female,21-25,Yes,8
STU-08790,Female,26-35,No,8
STU-08791,Male,Under 21,No,9
STU-08792,Male,Under 21,No,6
STU-08793,Male,21-25,Yes,1
STU-08794,Female,21-25,No,2
STU-08795,Female,21-25,No,3
STU-08796,Female,21-25,No,9
STU-08797,Male,21-25,No,1
STU-08798,Female,21-25,Yes,1
STU-08799,Female,21-25,No,10
STU-08800,Female,Under 21,Yes,10
STU-08801,Male,21-25,No,9
STU-08802,Male,Under 21,No,6
STU-08803,Female,36+,No,7
STU-08804,Male,21-25,No,6
STU-08805,Female,21-25,No,6
STU-08806,Non-binary,21-25,No,4
STU-08807,Female,Under 21,No,8
STU-08808,Female,21-25,No,6
STU-08809,Male,36+,No,3
STU-08810,Male,Under 21,No,9
STU-08811,Male,36+,No,3
STU-08812,Female,21-25,No,4
STU-08813,Female,Under 21,No,2
STU-08814,Female,Under 21,No,4
STU-08815,Female,21-25,No,7
STU-08816,Male,Under 21,No,9
STU-08817,Male,21-25,No,1
STU-08818,Female,26-35,No,3
STU-08819,Female,Under 21,No,1
STU-08820,Female,36+,No,4
STU-08821,Male,Under 21,No,3
STU-08822,Male,26-35,No,1
STU-08823,Male,21-25,No,6
STU-08824,Female,Under 21,No,3
STU-08825,Female,Under 21,Yes,5
STU-08826,Male,Under 21,No,3
STU-08827,Male,26-35,No,8
STU-08828,Male,Under 21,No,9
STU-08829,Male,21-25,No,8
STU-08830,Female,Under 21,No,10
STU-08831,Male,Under 21,No,8
STU-08832,Male,21-25,No,1
STU-08833,Female,21-25,No,3
STU-08834,Male,21-25,No,4
STU-08835,Male,Under 21,No,7
STU-08836,Female,26-35,No,2
STU-08837,Female,21-25,No,2
STU-08838,Female,21-25,No,8
STU-08839,Female,Under 21,No,4
STU-08840,Female,21-25,No,5
STU-08841,Male,26-35,No,6
STU-08842,Male,21-25,No,4
STU-08843,Female,21-25,No,6
STU-08844,Prefer not to say,21-25,No,9
STU-08845,Male,21-25,No,3
STU-08846,Male,Under 21,No,7
STU-08847,Female,21-25,No,5
STU-08848,Female,21-25,No,5
STU-08849,Male,Under 21,No,6
STU-08850,Female,21-25,No,2
STU-08851,Male,Under 21,No,4
STU-08852,Female,26-35,No,4
STU-08853,Male,21-25,No,5
STU-08854,Male,26-35,No,1
STU-08855,Male,21-25,No,3
STU-08856,Male,21-25,No,3
STU-08857,Male,21-25,No,10
STU-08858,Male,21-25,Yes,10
STU-08859,Female,26-35,No,4
STU-08860,Female,21-25,No,4
STU-08861,Male,21-25,No,3
STU-08862,Female,26-35,No,7
STU-08863,Male,26-35,Yes,2
STU-08864,Female,21-25,No,8
STU-08865,Female,26-35,Yes,10
STU-08866,Male,21-25,No,4
STU-08867,Female,21-25,No,5
STU-08868,Male,36+,No,2
STU-08869,Female,21-25,No,2
STU-08870,Male,21-25,No,3
STU-08871,Female,21-25,No,9
STU-08872,Male,26-35,No,6
STU-08873,Male,21-25,No,4
STU-08874,Male,21-25,No,1
STU-08875,Female,Under 21,No,2
STU-08876,Female,21-25,No,2
STU-08877,Male,21-25,Yes,1
STU-08878,Male,21-25,No,10
STU-08879,Female,26-35,No,9
STU-08880,Female,Under 21,No,6
STU-08881,Male,26-35,No,10
STU-08882,Male,Under 21,No,3
STU-08883,Female,Under 21,No,8
STU-08884,Male,21-25,No,3
STU-08885,Male,21-25,No,4
STU-08886,Female,21-25,No,10
STU-08887,Male,36+,No,1
STU-08888,Female,Under 21,Yes,6
STU-08889,Male,21-25,No,3
STU-08890,Male,21-25,No,2
STU-08891,Female,Under 21,No,2
STU-08892,Female,21-25,No,3
STU-08893,Male,36+,No,9
STU-08894,Female,Under 21,No,8
STU-08895,Female,Under 21,No,10
STU-08896,Male,Under 21,No,7
STU-08897,Non-binary,21-25,No,3
STU-08898,Female,21-25,No,5
STU-08899,Female,26-35,Yes,9
STU-08900,Female,26-35,Yes,4
STU-08901,Female,21-25,No,3
STU-08902,Female,21-25,No,8
STU-08903,Female,Under 21,No,5
STU-08904,Female,Under 21,No,3
STU-08905,Female,26-35,No,10
STU-08906,Female,21-25,No,4
STU-08907,Female,Under 21,No,5
STU-08908,Female,21-25,No,9
STU-08909,Female,21-25,No,9
STU-08910,Male,26-35,No,3
STU-08911,Female,21-25,No,8
STU-08912,Female,21-25,No,5
STU-08913,Female,21-25,No,9
STU-08914,Male,21-25,No,2
STU-08915,Female,36+,No,3
STU-08916,Female,21-25,No,1
STU-08917,Female,26-35,No,5
STU-08918,Male,26-35,No,5
STU-08919,Female,26-35,No,6
STU-08920,Male,Under 21,No,2
STU-08921,Female,21-25,No,6
STU-08922,Female,21-25,Yes,8
STU-08923,Male,21-25,No,9
STU-08924,Female,21-25,No,2
STU-08925,Male,36+,No,8
STU-08926,Male,21-25,Yes,9
STU-08927,Male,26-35,No,3
STU-08928,Female,21-25,No,7
STU-08929,Female,Under 21,No,10
STU-08930,Male,21-25,No,1
STU-08931,Male,21-25,No,9
STU-08932,Female,21-25,No,4
STU-08933,Female,21-25,No,10
STU-08934,Male,21-25,No,3
STU-08935,Female,26-35,No,5
STU-08936,Female,26-35,No,10
STU-08937,Female,21-25,No,7
STU-08938,Female,21-25,No,4
STU-08939,Male,21-25,No,7
STU-08940,Female,21-25,No,2
STU-08941,Female,Under 21,No,2
STU-08942,Female,21-25,No,8
STU-08943,Female,26-35,No,2
STU-08944,Female,Under 21,No,3
STU-08945,Male,Under 21,No,2
STU-08946,Female,26-35,No,3
STU-08947,Female,36+,No,3
STU-08948,Female,21-25,No,2
STU-08949,Male,21-25,Yes,4
STU-08950,Female,21-25,No,9
STU-08951,Female,26-35,No,7
STU-08952,Female,Under 21,No,4
STU-08953,Female,21-25,No,5
STU-08954,Female,26-35,No,10
STU-08955,Female,21-25,No,5
STU-08956,Male,26-35,No,4
STU-08957,Male,Under 21,No,6
STU-08958,Male,36+,No,2
STU-08959,Female,21-25,No,5
STU-08960,Female,Under 21,No,3
STU-08961,Male,21-25,No,8
STU-08962,Male,26-35,No,2
STU-08963,Male,21-25,No,2
STU-08964,Male,21-25,No,4
STU-08965,Female,21-25,No,6
STU-08966,Female,36+,Yes,8
STU-08967,Female,21-25,No,8
STU-08968,Male,Under 21,No,9
STU-08969,Female,36+,Yes,5
STU-08970,Male,26-35,No,7
STU-08971,Female,21-25,No,4
STU-08972,Female,Under 21,No,8
STU-08973,Male,26-35,No,8
STU-08974,Non-binary,Under 21,No,5
STU-08975,Female,21-25,No,2
STU-08976,Female,36+,No,3
STU-08977,Female,Under 21,Yes,6
STU-08978,Female,21-25,No,4
STU-08979,Male,21-25,Yes,1
STU-08980,Female,21-25,No,7
STU-08981,Male,21-25,No,8
STU-08982,Male,26-35,No,10
STU-08983,Female,26-35,No,3
STU-08984,Female,Under 21,No,2
STU-08985,Female,36+,Yes,2
STU-08986,Male,21-25,No,7
STU-08987,Male,21-25,No,4
STU-08988,Female,Under 21,No,10
STU-08989,Male,21-25,No,8
STU-08990,Male,21-25,No,2
STU-08991,Female,26-35,No,2
STU-08992,Male,21-25,No,1
STU-08993,Male,21-25,No,2
STU-08994,Male,26-35,No,5
STU-08995,Female,Under 21,No,1
STU-08996,Female,21-25,No,1
STU-08997,Male,21-25,Yes,8
STU-08998,Female,21-25,No,6
STU-08999,Female,21-25,No,5
STU-09000,Female,21-25,No,6
STU-09001,Male,21-25,No,10
STU-09002,Female,21-25,No,9
STU-09003,Male,21-25,No,8
STU-09004,Male,Under 21,No,2
STU-09005,Male,26-35,No,7
STU-09006,Male,26-35,No,9
STU-09007,Male,Under 21,No,9
STU-09008,Male,36+,No,3
STU-09009,Female,26-35,No,3
STU-09010,Female,21-25,No,8
STU-09011,Male,26-35,No,8
STU-09012,Male,Under 21,No,4
STU-09013,Male,Under 21,No,5
STU-09014,Male,Under 21,No,10
STU-09015,Male,21-25,No,5
STU-09016,Male,21-25,No,7
STU-09017,Female,Under 21,No,8
STU-09018,Female,21-25,No,10
STU-09019,Female,21-25,No,9
STU-09020,Male,Under 21,No,9
STU-09021,Female,21-25,No,6
STU-09022,Male,Under 21,No,7
STU-09023,Female,Under 21,Yes,7
STU-09024,Female,Under 21,No,9
STU-09025,Male,36+,No,3
STU-09026,Male,21-25,No,6
STU-09027,Male,21-25,No,8
STU-09028,Male,Under 21,No,3
STU-09029,Female,21-25,No,1
STU-09030,Female,21-25,No,7
STU-09031,Female,Under 21,No,4
STU-09032,Female,21-25,No,2
STU-09033,Male,26-35,No,1
STU-09034,Non-binary,21-25,No,4
STU-09035,Female,21-25,Yes,6
STU-09036,Male,21-25,No,9
STU-09037,Male,21-25,Yes,10
STU-09038,Female,26-35,No,6
STU-09039,Male,Under 21,No,1
STU-09040,Non-binary,26-35,No,9
STU-09041,Female,Under 21,No,3
STU-09042,Female,26-35,No,10
STU-09043,Female,21-25,No,1
STU-09044,Male,36+,No,2
STU-09045,Male,21-25,No,5
STU-09046,Female,Under 21,Yes,5
STU-09047,Female,Under 21,No,6
STU-09048,Male,Under 21,No,4
STU-09049,Female,Under 21,Yes,1
STU-09050,Male,21-25,No,7
STU-09051,Female,Under 21,Yes,2
STU-09052,Male,21-25,No,4
STU-09053,Male,Under 21,No,9
STU-09054,Male,36+,No,6
STU-09055,Female,Under 21,No,3
STU-09056,Female,26-35,No,9
STU-09057,Male,21-25,No,3
STU-09058,Male,21-25,No,6
STU-09059,Female,Under 21,No,10
STU-09060,Female,21-25,No,5
STU-09061,Female,21-25,No,1
STU-09062,Male,21-25,No,2
STU-09063,Female,Under 21,No,10
STU-09064,Male,Under 21,No,7
STU-09065,Female,Under 21,Yes,9
STU-09066,Female,21-25,No,3
STU-09067,Female,Under 21,No,9
STU-09068,Male,Under 21,No,7
STU-09069,Male,21-25,No,7
STU-09070,Male,36+,No,5
STU-09071,Female,26-35,No,4
STU-09072,Female,36+,No,10
STU-09073,Female,21-25,No,1
STU-09074,Female,21-25,No,1
STU-09075,Female,21-25,No,8
STU-09076,Male,21-25,Yes,3
STU-09077,Female,21-25,No,3
STU-09078,Male,21-25,No,5
STU-09079,Male,26-35,No,6
STU-09080,Male,Under 21,No,6
STU-09081,Male,21-25,Yes,4
STU-09082,Male,21-25,No,2
STU-09083,Male,36+,No,7
STU-09084,Female,21-25,No,5
STU-09085,Female,Under 21,No,2
STU-09086,Male,Under 21,No,10
STU-09087,Female,21-25,No,7
STU-09088,Male,Under 21,No,9
STU-09089,Female,21-25,No,5
STU-09090,Male,21-25,Yes,3
STU-09091,Male,21-25,No,3
STU-09092,Male,Under 21,No,3
STU-09093,Male,21-25,No,1
STU-09094,Female,36+,No,1
STU-09095,Male,26-35,No,5
STU-09096,Male,26-35,No,1
STU-09097,Female,Under 21,No,6
STU-09098,Male,21-25,No,3
STU-09099,Male,36+,No,9
STU-09100,Male,26-35,No,2
STU-09101,Female,21-25,Yes,4
STU-09102,Male,21-25,No,8
STU-09103,Male,Under 21,Yes,3
STU-09104,Male,21-25,No,9
STU-09105,Female,21-25,No,3
STU-09106,Male,36+,No,8
STU-09107,Male,Under 21,No,5
STU-09108,Female,Under 21,No,5
STU-09109,Female,21-25,No,5
STU-09110,Male,21-25,Yes,6
STU-09111,Male,26-35,No,7
STU-09112,Female,Under 21,No,10
STU-09113,Male,21-25,No,1
STU-09114,Female,26-35,No,5
STU-09115,Male,Under 21,No,7
STU-09116,Male,21-25,No,3
STU-09117,Female,Under 21,No,5
STU-09118,Male,Under 21,No,1
STU-09119,Female,Under 21,No,7
STU-09120,Male,Under 21,No,4
STU-09121,Male,Under 21,No,9
STU-09122,Male,26-35,No,1
STU-09123,Female,26-35,No,7
STU-09124,Male,Under 21,No,3
STU-09125,Female,21-25,No,4
STU-09126,Female,26-35,No,10
STU-09127,Female,21-25,No,1
STU-09128,Female,Under 21,No,8
STU-09129,Male,21-25,No,10
STU-09130,Female,26-35,Yes,4
STU-09131,Female,Under 21,No,6
STU-09132,Female,21-25,No,2
STU-09133,Female,Under 21,No,1
STU-09134,Male,Under 21,No,4
STU-09135,Female,26-35,No,9
STU-09136,Female,Under 21,No,10
STU-09137,Male,21-25,No,1
STU-09138,Female,26-35,No,10
STU-09139,Female,21-25,No,6
STU-09140,Female,21-25,No,5
STU-09141,Female,21-25,No,3
STU-09142,Male,Under 21,No,8
STU-09143,Female,21-25,No,3
STU-09144,Non-binary,21-25,No,2
STU-09145,Male,21-25,No,9
STU-09146,Non-binary,21-25,No,6
STU-09147,Male,21-25,No,5
STU-09148,Male,21-25,No,3
STU-09149,Female,21-25,No,10
STU-09150,Female,21-25,No,1
STU-09151,Male,21-25,No,9
STU-09152,Female,21-25,No,7
STU-09153,Male,36+,No,1
STU-09154,Female,26-35,No,5
STU-09155,Female,21-25,No,5
STU-09156,Male,21-25,No,8
STU-09157,Male,36+,No,10
STU-09158,Female,Under 21,No,5
STU-09159,Male,Under 21,No,5
STU-09160,Male,26-35,No,1
STU-09161,Female,26-35,No,7
STU-09162,Female,26-35,Yes,4
STU-09163,Female,26-35,Yes,1
STU-09164,Female,Under 21,No,9
STU-09165,Male,Under 21,No,6
STU-09166,Female,Under 21,No,7
STU-09167,Female,21-25,No,2
STU-09168,Female,Under 21,Yes,4
STU-09169,Male,21-25,No,6
STU-09170,Female,21-25,No,3
STU-09171,Male,21-25,No,7
STU-09172,Male,26-35,No,7
STU-09173,Female,Under 21,No,3
STU-09174,Female,Under 21,No,3
STU-09175,Non-binary,26-35,No,4
STU-09176,Female,21-25,Yes,8
STU-09177,Male,Under 21,No,9
STU-09178,Male,Under 21,No,1
STU-09179,Female,21-25,No,3
STU-09180,Male,21-25,No,10
STU-09181,Female,21-25,No,6
STU-09182,Male,21-25,No,1
STU-09183,Female,Under 21,No,8
STU-09184,Male,21-25,No,5
STU-09185,Male,21-25,No,4
STU-09186,Female,21-25,No,8
STU-09187,Male,21-25,No,4
STU-09188,Female,21-25,Yes,7
STU-09189,Female,26-35,No,7
STU-09190,Male,21-25,No,4
STU-09191,Female,26-35,No,7
STU-09192,Non-binary,21-25,No,6
STU-09193,Male,36+,No,6
STU-09194,Female,Under 21,Yes,5
STU-09195,Male,Under 21,No,2
STU-09196,Male,36+,No,9
STU-09197,Female,26-35,No,3
STU-09198,Male,26-35,Yes,1
STU-09199,Female,21-25,No,2
STU-09200,Female,21-25,No,8
STU-09201,Male,Under 21,No,7
STU-09202,Female,21-25,No,4
STU-09203,Female,36+,No,7
STU-09204,Female,21-25,No,7
STU-09205,Female,26-35,No,10
STU-09206,Male,26-35,Yes,9
STU-09207,Male,21-25,No,3
STU-09208,Male,21-25,No,10
STU-09209,Male,Under 21,No,9
STU-09210,Male,Under 21,No,3
STU-09211,Male,21-25,No,7
STU-09212,Female,26-35,No,1
STU-09213,Male,Under 21,No,8
STU-09214,Male,Under 21,No,1
STU-09215,Male,26-35,No,8
STU-09216,Male,21-25,Yes,6
STU-09217,Male,Under 21,No,5
STU-09218,Male,21-25,No,5
STU-09219,Male,26-35,No,1
STU-09220,Female,21-25,No,8
STU-09221,Male,21-25,Yes,4
STU-09222,Female,21-25,No,9
STU-09223,Female,Under 21,No,10
STU-09224,Male,21-25,No,2
STU-09225,Male,Under 21,No,9
STU-09226,Male,Under 21,No,1
STU-09227,Female,21-25,Yes,4
STU-09228,Male,26-35,No,9
STU-09229,Male,Under 21,Yes,6
STU-09230,Female,21-25,No,9
STU-09231,Female,21-25,No,6
STU-09232,Female,21-25,Yes,4
STU-09233,Male,Under 21,No,10
STU-09234,Male,26-35,No,3
STU-09235,Male,21-25,No,2
STU-09236,Female,21-25,No,1
STU-09237,Female,Under 21,No,6
STU-09238,Female,21-25,No,6
STU-09239,Male,Under 21,Yes,9
STU-09240,Male,21-25,No,7
STU-09241,Male,21-25,No,9
STU-09242,Female,Under 21,No,6
STU-09243,Female,Under 21,No,2
STU-09244,Male,21-25,No,5
STU-09245,Male,21-25,No,9
STU-09246,Male,Under 21,No,1
STU-09247,Female,Under 21,No,6
STU-09248,Female,36+,No,6
STU-09249,Female,21-25,No,3
STU-09250,Female,21-25,No,4
STU-09251,Female,Under 21,No,6
STU-09252,Male,21-25,No,8
STU-09253,Female,21-25,No,3
STU-09254,Female,21-25,No,10
STU-09255,Male,Under 21,No,10
STU-09256,Male,21-25,No,7
STU-09257,Male,21-25,No,1
STU-09258,Female,Under 21,No,6
STU-09259,Male,21-25,No,4
STU-09260,Male,21-25,No,4
STU-09261,Male,21-25,No,6
STU-09262,Female,21-25,No,2
STU-09263,Male,Under 21,No,4
STU-09264,Female,26-35,No,2
STU-09265,Female,26-35,No,6
STU-09266,Female,26-35,No,2
STU-09267,Female,Under 21,Yes,3
STU-09268,Female,Under 21,No,7
STU-09269,Female,Under 21,No,1
STU-09270,Female,Under 21,No,9
STU-09271,Male,21-25,No,10
STU-09272,Male,26-35,No,3
STU-09273,Male,21-25,No,2
STU-09274,Male,21-25,No,4
STU-09275,Male,Under 21,No,4
STU-09276,Male,21-25,No,9
STU-09277,Female,26-35,No,9
STU-09278,Female,21-25,No,9
STU-09279,Male,21-25,No,6
STU-09280,Female,21-25,No,6
STU-09281,Male,Under 21,No,6
STU-09282,Male,Under 21,No,5
STU-09283,Female,21-25,No,2
STU-09284,Female,21-25,No,2
STU-09285,Male,21-25,No,2
STU-09286,Male,26-35,No,9
STU-09287,Prefer not to say,36+,Yes,10
STU-09288,Male,Under 21,No,3
STU-09289,Male,21-25,No,8
STU-09290,Female,Under 21,No,6
STU-09291,Male,21-25,Yes,6
STU-09292,Female,21-25,No,8
STU-09293,Male,36+,No,1
STU-09294,Female,Under 21,No,8
STU-09295,Male,Under 21,No,9
STU-09296,Female,Under 21,No,5
STU-09297,Male,26-35,No,7
STU-09298,Male,26-35,No,3
STU-09299,Male,21-25,No,1
STU-09300,Male,Under 21,No,3
STU-09301,Female,26-35,No,5
STU-09302,Male,21-25,No,2
STU-09303,Female,36+,No,2
STU-09304,Female,21-25,No,6
STU-09305,Male,26-35,No,6
STU-09306,Male,Under 21,No,5
STU-09307,Female,36+,No,6
STU-09308,Female,21-25,No,8
STU-09309,Male,Under 21,No,4
STU-09310,Non-binary,21-25,No,4
STU-09311,Male,21-25,No,9
STU-09312,Female,21-25,Yes,6
STU-09313,Male,Under 21,No,7
STU-09314,Male,Under 21,No,4
STU-09315,Female,21-25,No,7
STU-09316,Male,21-25,No,4
STU-09317,Female,Under 21,No,9
STU-09318,Female,Under 21,No,6
STU-09319,Male,Under 21,No,6
STU-09320,Male,21-25,No,8
STU-09321,Male,21-25,No,4
STU-09322,Female,21-25,No,7
STU-09323,Male,21-25,Yes,1
STU-09324,Non-binary,Under 21,No,7
STU-09325,Male,21-25,No,6
STU-09326,Male,21-25,No,9
STU-09327,Male,Under 21,No,9
STU-09328,Male,36+,No,1
STU-09329,Non-binary,Under 21,No,5
STU-09330,Male,26-35,No,1
STU-09331,Female,26-35,No,7
STU-09332,Male,21-25,No,7
STU-09333,Female,21-25,Yes,3
STU-09334,Female,21-25,No,3
STU-09335,Male,36+,No,1
STU-09336,Male,Under 21,No,9
STU-09337,Male,21-25,No,7
STU-09338,Male,21-25,No,7
STU-09339,Male,36+,No,1
STU-09340,Female,21-25,No,5
STU-09341,Male,Under 21,No,10
STU-09342,Female,21-25,No,5
STU-09343,Male,36+,No,3
STU-09344,Male,21-25,No,3
STU-09345,Male,Under 21,No,7
STU-09346,Female,Under 21,No,4
STU-09347,Male,36+,No,5
STU-09348,Male,21-25,Yes,3
STU-09349,Female,Under 21,No,6
STU-09350,Female,36+,No,4
STU-09351,Female,21-25,Yes,3
STU-09352,Female,21-25,No,3
STU-09353,Female,21-25,No,7
STU-09354,Female,21-25,No,10
STU-09355,Female,26-35,No,6
STU-09356,Male,26-35,No,7
STU-09357,Male,21-25,No,6
STU-09358,Female,21-25,No,7
STU-09359,Male,21-25,No,1
STU-09360,Female,21-25,No,1
STU-09361,Male,21-25,No,5
STU-09362,Male,Under 21,No,7
STU-09363,Female,36+,No,7
STU-09364,Female,26-35,No,7
STU-09365,Female,21-25,No,9
STU-09366,Female,Under 21,No,4
STU-09367,Male,Under 21,No,10
STU-09368,Male,Under 21,No,7
STU-09369,Male,21-25,No,1
STU-09370,Female,26-35,No,1
STU-09371,Female,21-25,No,1
STU-09372,Male,Under 21,No,9
STU-09373,Non-binary,21-25,No,1
STU-09374,Male,26-35,No,4
STU-09375,Female,Under 21,No,8
STU-09376,Female,26-35,No,4
STU-09377,Female,21-25,No,7
STU-09378,Male,21-25,No,7
STU-09379,Female,21-25,No,9
STU-09380,Female,Under 21,No,4
STU-09381,Female,Under 21,No,4
STU-09382,Male,26-35,No,5
STU-09383,Female,26-35,No,3
STU-09384,Female,Under 21,No,10
STU-09385,Male,21-25,No,3
STU-09386,Male,Under 21,No,4
STU-09387,Female,Under 21,No,8
STU-09388,Non-binary,21-25,No,5
STU-09389,Female,21-25,No,9
STU-09390,Male,Under 21,No,2
STU-09391,Female,26-35,No,5
STU-09392,Male,21-25,No,10
STU-09393,Female,21-25,No,2
STU-09394,Male,26-35,No,7
STU-09395,Female,Under 21,No,1
STU-09396,Female,21-25,No,5
STU-09397,Male,21-25,No,1
STU-09398,Male,21-25,No,6
STU-09399,Female,26-35,No,6
STU-09400,Male,21-25,No,8
STU-09401,Female,Under 21,No,9
STU-09402,Female,Under 21,No,4
STU-09403,Male,Under 21,No,2
STU-09404,Female,21-25,No,10
STU-09405,Male,26-35,No,2
STU-09406,Male,21-25,No,1
STU-09407,Male,21-25,No,9
STU-09408,Female,36+,No,9
STU-09409,Female,Under 21,No,10
STU-09410,Female,21-25,No,3
STU-09411,Male,Under 21,No,5
STU-09412,Female,Under 21,No,1
STU-09413,Male,21-25,No,10
STU-09414,Female,21-25,No,8
STU-09415,Female,Under 21,No,1
STU-09416,Female,Under 21,No,1
STU-09417,Male,21-25,No,6
STU-09418,Female,21-25,No,5
STU-09419,Female,21-25,No,8
STU-09420,Female,Under 21,No,10
STU-09421,Male,21-25,No,4
STU-09422,Female,21-25,No,8
STU-09423,Female,26-35,No,7
STU-09424,Male,Under 21,No,5
STU-09425,Female,21-25,No,4
STU-09426,Female,21-25,No,4
STU-09427,Male,Under 21,Yes,8
STU-09428,Male,26-35,No,3
STU-09429,Female,26-35,No,6
STU-09430,Female,26-35,No,1
STU-09431,Male,Under 21,No,10
STU-09432,Male,Under 21,No,4
STU-09433,Female,Under 21,No,1
STU-09434,Male,26-35,No,5
STU-09435,Female,21-25,No,7
STU-09436,Female,21-25,No,3
STU-09437,Male,21-25,No,6
STU-09438,Male,Under 21,No,4
STU-09439,Male,21-25,No,5
STU-09440,Male,26-35,No,7
STU-09441,Female,21-25,No,4
STU-09442,Female,21-25,Yes,5
STU-09443,Male,Under 21,No,2
STU-09444,Non-binary,21-25,No,10
STU-09445,Female,21-25,No,5
STU-09446,Female,21-25,No,1
STU-09447,Male,21-25,No,10
STU-09448,Female,26-35,No,6
STU-09449,Female,Under 21,No,1
STU-09450,Female,36+,No,5
STU-09451,Male,21-25,No,2
STU-09452,Male,21-25,No,8
STU-09453,Male,Under 21,No,6
STU-09454,Female,21-25,No,10
STU-09455,Male,21-25,No,4
STU-09456,Female,21-25,No,4
STU-09457,Female,21-25,No,4
STU-09458,Male,21-25,No,9
STU-09459,Male,21-25,No,1
STU-09460,Male,21-25,No,9
STU-09461,Male,21-25,No,4
STU-09462,Male,21-25,Yes,6
STU-09463,Male,21-25,No,6
STU-09464,Female,21-25,No,8
STU-09465,Female,21-25,No,3
STU-09466,Female,21-25,No,1
STU-09467,Female,21-25,No,6
STU-09468,Female,21-25,No,9
STU-09469,Female,26-35,No,3
STU-09470,Prefer not to say,36+,No,10
STU-09471,Male,21-25,No,3
STU-09472,Female,21-25,No,9
STU-09473,Female,Under 21,No,1
STU-09474,Male,21-25,No,2
STU-09475,Female,21-25,No,9
STU-09476,Male,21-25,No,1
STU-09477,Non-binary,21-25,No,4
STU-09478,Male,Under 21,No,4
STU-09479,Female,21-25,No,5
STU-09480,Male,21-25,No,3
STU-09481,Female,26-35,No,5
STU-09482,Male,21-25,No,6
STU-09483,Female,Under 21,No,5
STU-09484,Female,21-25,No,1
STU-09485,Female,36+,Yes,7
STU-09486,Male,Under 21,No,6
STU-09487,Male,26-35,No,7
STU-09488,Female,21-25,No,10
STU-09489,Male,26-35,No,2
STU-09490,Female,21-25,No,6
STU-09491,Female,26-35,No,7
STU-09492,Female,21-25,No,1
STU-09493,Male,Under 21,No,3
STU-09494,Female,21-25,No,5
STU-09495,Female,21-25,No,6
STU-09496,Male,26-35,No,7
STU-09497,Male,36+,No,9
STU-09498,Female,21-25,No,4
STU-09499,Male,21-25,No,2
STU-09500,Female,Under 21,No,10
STU-09501,Male,Under 21,No,1
STU-09502,Female,Under 21,No,10
STU-09503,Female,Under 21,No,7
STU-09504,Male,Under 21,No,8
STU-09505,Female,21-25,No,9
STU-09506,Female,36+,No,6
STU-09507,Female,21-25,No,1
STU-09508,Female,36+,No,4
STU-09509,Female,21-25,No,7
STU-09510,Male,21-25,No,5
STU-09511,Female,Under 21,No,8
STU-09512,Female,Under 21,No,4
STU-09513,Female,Under 21,No,7
STU-09514,Male,21-25,No,6
STU-09515,Female,36+,No,4
STU-09516,Female,21-25,No,3
STU-09517,Male,Under 21,Yes,6
STU-09518,Male,Under 21,No,2
STU-09519,Female,21-25,No,4
STU-09520,Male,21-25,No,10
STU-09521,Female,26-35,No,9
STU-09522,Male,26-35,No,3
STU-09523,Female,21-25,Yes,9
STU-09524,Female,21-25,No,6
STU-09525,Female,21-25,No,4
STU-09526,Male,21-25,No,8
STU-09527,Male,21-25,No,9
STU-09528,Female,Under 21,No,6
STU-09529,Male,21-25,No,7
STU-09530,Female,21-25,No,8
STU-09531,Female,21-25,No,7
STU-09532,Female,26-35,No,3
STU-09533,Male,36+,No,4
STU-09534,Male,Under 21,No,9
STU-09535,Male,Under 21,No,10
STU-09536,Female,26-35,No,4
STU-09537,Female,21-25,No,5
STU-09538,Male,21-25,No,6
STU-09539,Non-binary,21-25,No,1
STU-09540,Female,Under 21,No,2
STU-09541,Female,26-35,No,3
STU-09542,Female,26-35,No,5
STU-09543,Male,21-25,Yes,8
STU-09544,Female,21-25,No,7
STU-09545,Female,Under 21,No,10
STU-09546,Female,26-35,No,6
STU-09547,Female,21-25,No,7
STU-09548,Male,21-25,No,5
STU-09549,Female,21-25,No,8
STU-09550,Female,36+,No,2
STU-09551,Male,26-35,No,1
STU-09552,Female,Under 21,No,3
STU-09553,Female,21-25,No,5
STU-09554,Female,21-25,No,10
STU-09555,Female,26-35,No,4
STU-09556,Female,Under 21,Yes,8
STU-09557,Male,21-25,No,9
STU-09558,Male,21-25,No,5
STU-09559,Female,Under 21,No,5
STU-09560,Female,26-35,No,10
STU-09561,Female,Under 21,No,9
STU-09562,Male,Under 21,No,2
STU-09563,Female,21-25,No,4
STU-09564,Male,26-35,No,1
STU-09565,Female,Under 21,No,5
STU-09566,Female,21-25,No,10
STU-09567,Female,21-25,No,3
STU-09568,Male,21-25,No,6
STU-09569,Female,21-25,No,2
STU-09570,Female,21-25,No,10
STU-09571,Female,26-35,No,10
STU-09572,Female,26-35,No,6
STU-09573,Male,Under 21,No,8
STU-09574,Female,Under 21,No,5
STU-09575,Prefer not to say,21-25,No,5
STU-09576,Female,21-25,No,8
STU-09577,Male,21-25,No,8
STU-09578,Male,26-35,No,5
STU-09579,Male,26-35,No,1
STU-09580,Female,21-25,No,5
STU-09581,Female,26-35,No,9
STU-09582,Female,21-25,No,6
STU-09583,Female,36+,Yes,7
STU-09584,Female,21-25,No,3
STU-09585,Female,21-25,No,1
STU-09586,Male,26-35,No,5
STU-09587,Female,Under 21,No,3
STU-09588,Male,26-35,No,8
STU-09589,Male,26-35,No,7
STU-09590,Female,26-35,Yes,5
STU-09591,Male,21-25,No,7
STU-09592,Female,21-25,No,7
STU-09593,Female,36+,Yes,2
STU-09594,Female,Under 21,No,10
STU-09595,Female,21-25,No,5
STU-09596,Female,26-35,No,7
STU-09597,Female,21-25,No,9
STU-09598,Female,Under 21,No,5
STU-09599,Female,21-25,No,9
STU-09600,Male,Under 21,No,10
STU-09601,Male,26-35,Yes,4
STU-09602,Male,21-25,No,9
STU-09603,Female,21-25,No,4
STU-09604,Female,21-25,No,5
STU-09605,Female,21-25,No,2
STU-09606,Female,36+,No,8
STU-09607,Non-binary,Under 21,No,9
STU-09608,Female,21-25,No,6
STU-09609,Male,21-25,No,7
STU-09610,Non-binary,36+,No,7
STU-09611,Male,Under 21,No,4
STU-09612,Male,Under 21,No,7
STU-09613,Non-binary,36+,No,10
STU-09614,Male,21-25,No,6
STU-09615,Male,26-35,No,2
STU-09616,Female,26-35,No,5
STU-09617,Male,Under 21,No,7
STU-09618,Prefer not to say,26-35,Yes,4
STU-09619,Female,26-35,No,6
STU-09620,Female,Under 21,No,3
STU-09621,Male,21-25,No,8
STU-09622,Female,21-25,No,10
STU-09623,Male,Under 21,No,5
STU-09624,Male,21-25,No,4
STU-09625,Male,Under 21,No,1
STU-09626,Female,26-35,No,6
STU-09627,Female,Under 21,No,7
STU-09628,Male,26-35,No,1
STU-09629,Female,Under 21,No,7
STU-09630,Female,26-35,No,9
STU-09631,Male,26-35,No,7
STU-09632,Female,26-35,No,10
STU-09633,Female,21-25,No,2
STU-09634,Female,Under 21,No,4
STU-09635,Male,26-35,No,2
STU-09636,Male,21-25,No,8
STU-09637,Female,26-35,No,6
STU-09638,Female,Under 21,No,9
STU-09639,Male,21-25,No,5
STU-09640,Female,21-25,Yes,9
STU-09641,Male,21-25,No,8
STU-09642,Female,21-25,No,8
STU-09643,Male,21-25,No,4
STU-09644,Male,21-25,No,4
STU-09645,Male,26-35,No,4
STU-09646,Female,21-25,No,3
STU-09647,Non-binary,Under 21,No,9
STU-09648,Non-binary,36+,No,6
STU-09649,Female,Under 21,No,10
STU-09650,Female,36+,No,9
STU-09651,Male,Under 21,No,10
STU-09652,Female,21-25,Yes,6
STU-09653,Male,21-25,No,4
STU-09654,Female,21-25,No,10
STU-09655,Female,Under 21,No,5
STU-09656,Male,21-25,No,2
STU-09657,Female,21-25,No,5
STU-09658,Female,Under 21,No,3
STU-09659,Female,21-25,No,5
STU-09660,Male,21-25,No,9
STU-09661,Female,Under 21,No,9
STU-09662,Male,26-35,No,10
STU-09663,Female,26-35,No,4
STU-09664,Female,26-35,No,7
STU-09665,Male,Under 21,No,6
STU-09666,Male,26-35,No,6
STU-09667,Male,21-25,No,6
STU-09668,Female,21-25,No,5
STU-09669,Male,21-25,No,8
STU-09670,Female,21-25,No,1
STU-09671,Male,Under 21,No,9
STU-09672,Female,36+,No,8
STU-09673,Female,Under 21,No,8
STU-09674,Male,Under 21,No,1
STU-09675,Male,21-25,No,3
STU-09676,Female,Under 21,No,3
STU-09677,Female,21-25,No,1
STU-09678,Female,21-25,No,1
STU-09679,Female,21-25,No,1
STU-09680,Male,Under 21,No,10
STU-09681,Female,Under 21,No,3
STU-09682,Female,21-25,No,6
STU-09683,Male,21-25,No,3
STU-09684,Female,21-25,No,8
STU-09685,Female,21-25,No,5
STU-09686,Non-binary,21-25,No,4
STU-09687,Male,21-25,No,5
STU-09688,Male,36+,No,5
STU-09689,Female,21-25,Yes,6
STU-09690,Male,26-35,No,10
STU-09691,Female,36+,No,10
STU-09692,Female,Under 21,Yes,9
STU-09693,Male,21-25,No,2
STU-09694,Non-binary,21-25,No,2
STU-09695,Female,21-25,No,5
STU-09696,Male,Under 21,Yes,2
STU-09697,Female,21-25,No,8
STU-09698,Female,21-25,No,8
STU-09699,Male,26-35,No,7
STU-09700,Male,36+,No,1
STU-09701,Female,Under 21,No,3
STU-09702,Female,Under 21,No,4
STU-09703,Male,21-25,No,6
STU-09704,Female,26-35,No,8
STU-09705,Male,36+,No,7
STU-09706,Female,21-25,No,1
STU-09707,Male,26-35,No,10
STU-09708,Male,21-25,No,4
STU-09709,Male,Under 21,No,3
STU-09710,Male,Under 21,No,10
STU-09711,Male,Under 21,No,2
STU-09712,Male,21-25,No,2
STU-09713,Male,Under 21,No,4
STU-09714,Female,Under 21,No,3
STU-09715,Female,26-35,Yes,1
STU-09716,Male,21-25,No,2
STU-09717,Prefer not to say,Under 21,No,5
STU-09718,Female,Under 21,No,2
STU-09719,Male,21-25,No,1
STU-09720,Male,Under 21,Yes,2
STU-09721,Male,Under 21,No,8
STU-09722,Male,26-35,No,10
STU-09723,Male,36+,No,3
STU-09724,Male,21-25,No,7
STU-09725,Female,26-35,No,1
STU-09726,Non-binary,21-25,No,9
STU-09727,Male,36+,No,5
STU-09728,Female,26-35,No,1
STU-09729,Female,26-35,No,3
STU-09730,Female,Under 21,No,2
STU-09731,Female,21-25,No,3
STU-09732,Male,36+,No,9
STU-09733,Male,26-35,No,9
STU-09734,Female,36+,No,3
STU-09735,Female,36+,No,10
STU-09736,Female,21-25,No,1
STU-09737,Female,Under 21,No,1
STU-09738,Female,Under 21,No,4
STU-09739,Non-binary,21-25,No,4
STU-09740,Female,26-35,No,4
STU-09741,Male,21-25,No,7
STU-09742,Female,Under 21,No,7
STU-09743,Female,Under 21,No,5
STU-09744,Female,21-25,No,5
STU-09745,Male,Under 21,No,7
STU-09746,Male,36+,No,3
STU-09747,Female,26-35,No,2
STU-09748,Female,Under 21,No,5
STU-09749,Female,21-25,No,6
STU-09750,Female,Under 21,Yes,5
STU-09751,Non-binary,21-25,No,10
STU-09752,Male,21-25,No,4
STU-09753,Female,Under 21,No,9
STU-09754,Male,Under 21,No,8
STU-09755,Male,26-35,Yes,4
STU-09756,Male,Under 21,No,4
STU-09757,Female,26-35,No,7
STU-09758,Female,36+,No,5
STU-09759,Male,21-25,No,2
STU-09760,Female,21-25,No,3
STU-09761,Male,Under 21,No,8
STU-09762,Female,21-25,Yes,5
STU-09763,Male,21-25,No,2
STU-09764,Male,26-35,No,4
STU-09765,Male,21-25,No,4
STU-09766,Male,21-25,No,5
STU-09767,Female,36+,No,5
STU-09768,Female,21-25,No,4
STU-09769,Female,21-25,No,4
STU-09770,Female,21-25,No,6
STU-09771,Female,21-25,No,1
STU-09772,Female,21-25,No,9
STU-09773,Male,Under 21,No,4
STU-09774,Female,Under 21,No,8
STU-09775,Male,26-35,No,10
STU-09776,Female,21-25,No,7
STU-09777,Male,21-25,No,5
STU-09778,Male,36+,No,7
STU-09779,Female,Under 21,No,8
STU-09780,Female,36+,No,4
STU-09781,Female,Under 21,No,6
STU-09782,Female,Under 21,No,10
STU-09783,Male,Under 21,No,6
STU-09784,Male,21-25,Yes,4
STU-09785,Male,21-25,No,8
STU-09786,Female,36+,No,1
STU-09787,Male,Under 21,No,9
STU-09788,Female,21-25,No,9
STU-09789,Male,Under 21,No,5
STU-09790,Female,21-25,Yes,8
STU-09791,Female,21-25,No,8
STU-09792,Male,Under 21,Yes,1
STU-09793,Female,Under 21,No,5
STU-09794,Male,26-35,No,6
STU-09795,Female,Under 21,No,8
STU-09796,Male,21-25,No,1
STU-09797,Male,Under 21,No,7
STU-09798,Male,21-25,No,9
STU-09799,Male,Under 21,No,9
STU-09800,Male,21-25,No,2
STU-09801,Male,Under 21,No,5
STU-09802,Male,Under 21,No,3
STU-09803,Male,21-25,No,8
STU-09804,Female,Under 21,No,7
STU-09805,Female,Under 21,Yes,3
STU-09806,Female,21-25,No,8
STU-09807,Male,21-25,No,9
STU-09808,Female,21-25,No,4
STU-09809,Prefer not to say,Under 21,No,10
STU-09810,Female,Under 21,No,7
STU-09811,Male,21-25,Yes,4
STU-09812,Male,26-35,No,1
STU-09813,Male,21-25,No,2
STU-09814,Female,21-25,No,10
STU-09815,Male,21-25,No,2
STU-09816,Male,21-25,No,3
STU-09817,Female,Under 21,No,6
STU-09818,Male,26-35,Yes,9
STU-09819,Male,26-35,No,3
STU-09820,Female,Under 21,No,3
STU-09821,Male,26-35,No,2
STU-09822,Female,21-25,No,2
STU-09823,Female,21-25,No,2
STU-09824,Male,Under 21,Yes,2
STU-09825,Female,36+,No,7
STU-09826,Female,21-25,No,10
STU-09827,Male,26-35,No,10
STU-09828,Female,21-25,No,2
STU-09829,Female,21-25,No,4
STU-09830,Non-binary,26-35,No,6
STU-09831,Male,21-25,No,7
STU-09832,Male,36+,No,6
STU-09833,Female,21-25,No,10
STU-09834,Female,21-25,No,6
STU-09835,Male,26-35,No,1
STU-09836,Female,Under 21,No,6
STU-09837,Female,Under 21,No,2
STU-09838,Female,21-25,No,8
STU-09839,Male,Under 21,No,8
STU-09840,Female,Under 21,No,1
STU-09841,Female,Under 21,No,10
STU-09842,Male,26-35,No,6
STU-09843,Female,21-25,No,1
STU-09844,Male,21-25,Yes,5
STU-09845,Male,26-35,Yes,6
STU-09846,Non-binary,Under 21,No,2
STU-09847,Male,Under 21,Yes,9
STU-09848,Male,21-25,No,10
STU-09849,Female,Under 21,Yes,9
STU-09850,Male,26-35,No,2
STU-09851,Male,26-35,No,7
STU-09852,Female,Under 21,No,7
STU-09853,Male,26-35,No,3
STU-09854,Female,Under 21,No,4
STU-09855,Male,Under 21,No,7
STU-09856,Female,Under 21,No,8
STU-09857,Male,Under 21,No,3
STU-09858,Female,21-25,No,10
STU-09859,Male,Under 21,No,4
STU-09860,Female,21-25,No,2
STU-09861,Female,21-25,No,10
STU-09862,Male,21-25,No,9
STU-09863,Male,21-25,No,5
STU-09864,Female,21-25,No,4
STU-09865,Male,Under 21,No,6
STU-09866,Male,26-35,No,2
STU-09867,Male,Under 21,No,6
STU-09868,Male,21-25,No,6
STU-09869,Male,21-25,No,7
STU-09870,Female,26-35,Yes,9
STU-09871,Male,36+,No,8
STU-09872,Female,21-25,No,6
STU-09873,Male,21-25,No,7
STU-09874,Female,21-25,No,7
STU-09875,Female,21-25,No,1
STU-09876,Female,21-25,No,4
STU-09877,Female,Under 21,No,2
STU-09878,Male,26-35,No,1
STU-09879,Male,21-25,No,10
STU-09880,Male,21-25,No,1
STU-09881,Female,26-35,No,8
STU-09882,Female,Under 21,Yes,7
STU-09883,Female,26-35,No,7
STU-09884,Female,Under 21,No,9
STU-09885,Female,21-25,No,8
STU-09886,Non-binary,26-35,No,10
STU-09887,Male,26-35,No,8
STU-09888,Female,21-25,No,6
STU-09889,Male,Under 21,No,6
STU-09890,Male,21-25,No,1
STU-09891,Male,21-25,No,2
STU-09892,Female,26-35,No,1
STU-09893,Male,Under 21,No,6
STU-09894,Male,Under 21,No,5
STU-09895,Prefer not to say,26-35,No,7
STU-09896,Male,26-35,No,6
STU-09897,Female,21-25,No,4
STU-09898,Female,Under 21,No,3
STU-09899,Male,21-25,No,9
STU-09900,Female,26-35,No,5
STU-09901,Male,Under 21,No,9
STU-09902,Male,Under 21,No,9
STU-09903,Male,26-35,No,8
STU-09904,Male,Under 21,No,8
STU-09905,Female,Under 21,No,3
STU-09906,Male,21-25,No,10
STU-09907,Female,26-35,Yes,3
STU-09908,Female,21-25,No,8
STU-09909,Male,21-25,No,9
STU-09910,Male,21-25,No,1
STU-09911,Female,Under 21,No,3
STU-09912,Female,21-25,No,4
STU-09913,Female,21-25,No,3
STU-09914,Male,26-35,No,5
STU-09915,Male,Under 21,Yes,8
STU-09916,Female,Under 21,Yes,5
STU-09917,Male,26-35,No,2
STU-09918,Male,36+,Yes,3
STU-09919,Female,Under 21,No,7
STU-09920,Female,36+,No,6
STU-09921,Female,21-25,Yes,3
STU-09922,Male,26-35,No,2
STU-09923,Male,Under 21,No,9
STU-09924,Male,36+,No,8
STU-09925,Female,Under 21,No,8
STU-09926,Female,Under 21,No,3
STU-09927,Male,26-35,No,2
STU-09928,Male,26-35,Yes,2
STU-09929,Female,21-25,No,4
STU-09930,Male,26-35,No,5
STU-09931,Male,26-35,Yes,2
STU-09932,Female,Under 21,No,1
STU-09933,Male,Under 21,No,6
STU-09934,Female,21-25,No,7
STU-09935,Female,Under 21,No,6
STU-09936,Male,21-25,No,7
STU-09937,Female,21-25,No,4
STU-09938,Female,21-25,No,3
STU-09939,Female,26-35,No,5
STU-09940,Male,21-25,No,1
STU-09941,Male,21-25,No,1
STU-09942,Female,26-35,No,3
STU-09943,Male,21-25,Yes,4
STU-09944,Female,21-25,Yes,7
STU-09945,Male,36+,No,9
STU-09946,Male,Under 21,No,2
STU-09947,Male,21-25,No,10
STU-09948,Female,36+,Yes,1
STU-09949,Female,36+,Yes,2
STU-09950,Female,Under 21,No,8
STU-09951,Male,26-35,No,5
STU-09952,Female,21-25,No,4
STU-09953,Female,26-35,No,9
STU-09954,Female,Under 21,No,7
STU-09955,Male,Under 21,No,3
STU-09956,Male,Under 21,No,9
STU-09957,Male,21-25,No,5
STU-09958,Male,36+,No,4
STU-09959,Female,26-35,No,2
STU-09960,Female,Under 21,No,5
STU-09961,Female,Under 21,Yes,5
STU-09962,Female,26-35,No,10
STU-09963,Female,21-25,No,3
STU-09964,Male,21-25,No,7
STU-09965,Female,Under 21,No,9
STU-09966,Male,Under 21,No,2
STU-09967,Male,21-25,No,6
STU-09968,Female,26-35,No,7
STU-09969,Male,21-25,No,7
STU-09970,Female,21-25,No,2
STU-09971,Female,26-35,No,7
STU-09972,Male,Under 21,No,4
STU-09973,Female,Under 21,No,8
STU-09974,Male,Under 21,No,3
STU-09975,Male,Under 21,No,8
STU-09976,Female,21-25,No,9
STU-09977,Female,21-25,No,1
STU-09978,Female,Under 21,No,7
STU-09979,Female,Under 21,No,7
STU-09980,Male,Under 21,No,8
STU-09981,Male,21-25,No,8
STU-09982,Male,21-25,No,2
STU-09983,Female,Under 21,No,3
STU-09984,Male,21-25,Yes,7
STU-09985,Male,Under 21,No,5
STU-09986,Male,21-25,No,4
STU-09987,Male,21-25,No,2
STU-09988,Male,Under 21,No,9
STU-09989,Female,21-25,No,10
STU-09990,Male,21-25,No,3
STU-09991,Male,21-25,Yes,3
STU-09992,Female,21-25,No,10
STU-09993,Male,Under 21,No,4
STU-09994,Male,21-25,No,4
STU-09995,Male,21-25,No,4
STU-09996,Female,Under 21,No,3
STU-09997,Female,36+,No,1
STU-09998,Female,Under 21,No,4
STU-09999,Male,36+,Yes,9
STU-10000,Female,36+,Yes,10
STU-10001,Female,36+,Yes,2
STU-10002,Male,26-35,No,10
STU-10003,Male,21-25,Yes,7
STU-10004,Male,Under 21,No,8
STU-10005,Female,21-25,No,2
STU-10006,Male,26-35,No,9
STU-10007,Female,Under 21,No,6
STU-10008,Female,Under 21,No,1
STU-10009,Male,Under 21,No,1
STU-10010,Male,26-35,No,8
STU-10011,Male,21-25,No,2
STU-10012,Male,36+,Yes,3
STU-10013,Male,21-25,No,9
STU-10014,Female,21-25,No,2
STU-10015,Female,Under 21,No,10
STU-10016,Female,21-25,No,4
STU-10017,Female,21-25,No,4
STU-10018,Female,Under 21,No,7
STU-10019,Male,Under 21,No,8
STU-10020,Male,Under 21,No,4
STU-10021,Female,21-25,No,3
STU-10022,Female,21-25,No,9
STU-10023,Male,Under 21,No,10
STU-10024,Female,21-25,No,4
STU-10025,Female,Under 21,No,5
STU-10026,Male,21-25,No,8
STU-10027,Female,21-25,Yes,4
STU-10028,Female,21-25,Yes,10
STU-10029,Female,21-25,No,1
STU-10030,Female,21-25,No,9
STU-10031,Male,36+,No,2
STU-10032,Male,Under 21,No,6
STU-10033,Male,21-25,No,6
STU-10034,Female,21-25,No,10
STU-10035,Female,21-25,No,4
STU-10036,Female,21-25,No,8
STU-10037,Male,Under 21,No,9
STU-10038,Male,36+,Yes,1
STU-10039,Male,21-25,No,1
STU-10040,Male,21-25,Yes,10
STU-10041,Female,21-25,No,10
STU-10042,Female,Under 21,No,1
STU-10043,Male,Under 21,No,7
STU-10044,Female,Under 21,No,1
STU-10045,Male,Under 21,No,9
STU-10046,Male,21-25,No,8
STU-10047,Male,26-35,No,2
STU-10048,Male,21-25,No,7
STU-10049,Female,26-35,No,2
STU-10050,Female,21-25,No,10
STU-10051,Female,Under 21,No,6
STU-10052,Female,Under 21,No,4
STU-10053,Male,21-25,No,6
STU-10054,Female,Under 21,No,8
STU-10055,Female,Under 21,No,2
STU-10056,Male,26-35,No,2
STU-10057,Female,26-35,Yes,1
STU-10058,Male,21-25,No,3
STU-10059,Female,Under 21,No,4
STU-10060,Female,21-25,No,3
STU-10061,Female,Under 21,No,8
STU-10062,Female,21-25,No,10
STU-10063,Female,21-25,No,10
STU-10064,Female,26-35,No,8
STU-10065,Female,26-35,No,9
STU-10066,Female,Under 21,No,9
STU-10067,Female,Under 21,Yes,4
STU-10068,Female,21-25,No,4
STU-10069,Male,21-25,No,4
STU-10070,Female,21-25,No,8
STU-10071,Female,36+,No,9
STU-10072,Female,21-25,No,10
STU-10073,Male,36+,No,4
STU-10074,Female,26-35,No,4
STU-10075,Male,21-25,No,7
STU-10076,Female,26-35,No,2
STU-10077,Female,21-25,Yes,2
STU-10078,Female,26-35,No,10
STU-10079,Male,21-25,No,7
STU-10080,Male,26-35,No,6
STU-10081,Male,21-25,No,7
STU-10082,Female,21-25,No,7
STU-10083,Female,21-25,No,8
STU-10084,Male,26-35,No,3
STU-10085,Female,36+,No,5
STU-10086,Female,21-25,No,9
STU-10087,Male,26-35,No,5
STU-10088,Female,21-25,No,10
STU-10089,Male,26-35,No,10
STU-10090,Male,36+,No,7
STU-10091,Female,26-35,No,8
STU-10092,Male,Under 21,No,9
STU-10093,Female,21-25,No,1
STU-10094,Female,36+,No,8
STU-10095,Female,21-25,Yes,8
STU-10096,Female,Under 21,Yes,10
STU-10097,Male,21-25,No,1
STU-10098,Female,26-35,No,1
STU-10099,Male,21-25,No,10
STU-10100,Female,26-35,No,2
STU-10101,Female,Under 21,No,10
STU-10102,Female,21-25,No,5
STU-10103,Male,36+,Yes,2
STU-10104,Male,Under 21,Yes,8
STU-10105,Female,21-25,No,1
STU-10106,Male,Under 21,No,3
STU-10107,Male,21-25,No,4
STU-10108,Female,21-25,No,8
STU-10109,Male,26-35,No,7
STU-10110,Female,26-35,No,1
STU-10111,Female,26-35,No,3
STU-10112,Male,26-35,No,3
STU-10113,Female,21-25,No,6
STU-10114,Female,26-35,No,8
STU-10115,Female,26-35,No,1
STU-10116,Female,21-25,No,6
STU-10117,Female,Under 21,No,3
STU-10118,Male,Under 21,Yes,5
STU-10119,Non-binary,21-25,No,7
STU-10120,Female,21-25,No,6
STU-10121,Female,Under 21,No,5
STU-10122,Female,21-25,No,5
STU-10123,Male,21-25,No,1
STU-10124,Male,Under 21,No,2
STU-10125,Female,21-25,No,2
STU-10126,Female,21-25,Yes,3
STU-10127,Male,36+,Yes,9
STU-10128,Male,26-35,Yes,5
STU-10129,Male,26-35,No,10
STU-10130,Female,21-25,No,8
STU-10131,Female,26-35,No,4
STU-10132,Male,21-25,No,2
STU-10133,Female,21-25,No,4
STU-10134,Male,21-25,No,1
STU-10135,Male,26-35,No,6
STU-10136,Male,Under 21,No,9
STU-10137,Female,21-25,No,10
STU-10138,Female,21-25,No,5
STU-10139,Male,Under 21,No,9
STU-10140,Female,21-25,Yes,6
STU-10141,Prefer not to say,21-25,No,10
STU-10142,Female,21-25,No,10
STU-10143,Male,Under 21,No,4
STU-10144,Female,26-35,No,1
STU-10145,Female,21-25,No,9
STU-10146,Female,Under 21,No,5
STU-10147,Male,21-25,No,5
STU-10148,Female,21-25,No,4
STU-10149,Male,Under 21,No,2
STU-10150,Male,21-25,No,9
STU-10151,Female,Under 21,No,6
STU-10152,Female,21-25,No,2
STU-10153,Male,26-35,Yes,10
STU-10154,Female,Under 21,No,10
STU-10155,Female,36+,No,9
STU-10156,Male,Under 21,No,10
STU-10157,Female,21-25,No,2
STU-10158,Female,21-25,Yes,4
STU-10159,Female,Under 21,No,8
STU-10160,Female,21-25,No,1
STU-10161,Male,21-25,No,1
STU-10162,Male,36+,No,9
STU-10163,Male,21-25,No,3
STU-10164,Male,Under 21,Yes,2
STU-10165,Non-binary,Under 21,No,6
STU-10166,Female,21-25,No,9
STU-10167,Male,36+,Yes,7
STU-10168,Female,Under 21,No,10
STU-10169,Male,36+,No,2
STU-10170,Female,Under 21,No,5
STU-10171,Female,21-25,No,8
STU-10172,Female,26-35,No,2
STU-10173,Female,36+,No,5
STU-10174,Female,Under 21,No,6
STU-10175,Female,26-35,No,2
STU-10176,Female,21-25,No,5
STU-10177,Female,26-35,No,2
STU-10178,Male,36+,No,6
STU-10179,Male,21-25,Yes,5
STU-10180,Female,36+,No,6
STU-10181,Male,21-25,No,5
STU-10182,Female,21-25,No,8
STU-10183,Male,21-25,No,3
STU-10184,Female,Under 21,No,3
STU-10185,Female,21-25,No,1
STU-10186,Male,21-25,No,9
STU-10187,Female,21-25,No,5
STU-10188,Male,36+,No,3
STU-10189,Female,21-25,No,10
STU-10190,Female,21-25,Yes,10
STU-10191,Male,21-25,No,8
STU-10192,Female,21-25,Yes,6
STU-10193,Female,21-25,No,6
STU-10194,Female,21-25,No,7
STU-10195,Male,Under 21,No,5
STU-10196,Male,21-25,Yes,3
STU-10197,Male,26-35,No,4
STU-10198,Male,Under 21,No,6
STU-10199,Non-binary,21-25,No,5
STU-10200,Female,Under 21,No,10
STU-10201,Male,21-25,No,9
STU-10202,Female,26-35,No,2
STU-10203,Female,21-25,No,4
STU-10204,Female,Under 21,No,6
STU-10205,Female,21-25,No,10
STU-10206,Female,26-35,Yes,7
STU-10207,Female,21-25,No,3
STU-10208,Male,21-25,No,5
STU-10209,Female,Under 21,No,9
STU-10210,Female,21-25,No,2
STU-10211,Male,21-25,No,1
STU-10212,Male,21-25,No,5
STU-10213,Female,36+,No,8
STU-10214,Female,21-25,No,8
STU-10215,Female,26-35,No,4
STU-10216,Male,36+,No,6
STU-10217,Male,21-25,Yes,6
STU-10218,Female,Under 21,No,10
STU-10219,Female,36+,No,3
STU-10220,Female,Under 21,No,10
STU-10221,Female,21-25,Yes,6
STU-10222,Female,Under 21,No,5
STU-10223,Female,36+,No,10
STU-10224,Male,Under 21,No,8
STU-10225,Male,Under 21,Yes,1
STU-10226,Female,21-25,No,9
STU-10227,Male,26-35,No,3
STU-10228,Male,Under 21,Yes,9
STU-10229,Male,Under 21,No,2
STU-10230,Non-binary,Under 21,No,2
STU-10231,Female,21-25,No,4
STU-10232,Male,21-25,No,5
STU-10233,Male,21-25,No,8
STU-10234,Male,21-25,No,2
STU-10235,Male,Under 21,No,6
STU-10236,Male,Under 21,No,5
STU-10237,Male,21-25,Yes,4
STU-10238,Female,21-25,No,9
STU-10239,Male,26-35,No,9
STU-10240,Male,21-25,No,5
STU-10241,Female,21-25,No,3
STU-10242,Male,Under 21,No,8
STU-10243,Male,26-35,No,5
STU-10244,Male,26-35,No,1
STU-10245,Male,Under 21,No,9
STU-10246,Female,21-25,No,1
STU-10247,Female,26-35,No,9
STU-10248,Non-binary,26-35,No,3
STU-10249,Male,21-25,No,5
STU-10250,Female,21-25,No,4
STU-10251,Female,Under 21,No,3
STU-10252,Female,26-35,No,8
STU-10253,Female,21-25,No,8
STU-10254,Female,26-35,No,5
STU-10255,Female,26-35,Yes,6
STU-10256,Female,21-25,No,7
STU-10257,Female,Under 21,No,9
STU-10258,Male,21-25,No,2
STU-10259,Male,26-35,Yes,1
STU-10260,Female,26-35,No,5
STU-10261,Male,21-25,No,6
STU-10262,Male,21-25,Yes,1
STU-10263,Male,21-25,No,1
STU-10264,Male,21-25,No,4
STU-10265,Female,21-25,No,9
STU-10266,Prefer not to say,Under 21,No,1
STU-10267,Male,21-25,No,7
STU-10268,Male,21-25,No,1
STU-10269,Male,Under 21,No,7
STU-10270,Female,Under 21,No,3
STU-10271,Male,21-25,Yes,9
STU-10272,Male,21-25,No,8
STU-10273,Female,26-35,No,2
STU-10274,Female,Under 21,No,5
STU-10275,Male,21-25,No,4
STU-10276,Female,21-25,No,9
STU-10277,Female,36+,No,10
STU-10278,Female,21-25,No,1
STU-10279,Female,21-25,No,9
STU-10280,Female,Under 21,No,8
STU-10281,Female,21-25,No,3
STU-10282,Female,21-25,No,5
STU-10283,Female,21-25,No,7
STU-10284,Male,Under 21,No,5
STU-10285,Female,21-25,No,7
STU-10286,Female,Under 21,No,5
STU-10287,Female,36+,No,10
STU-10288,Male,Under 21,No,5
STU-10289,Female,Under 21,No,3
STU-10290,Male,21-25,No,9
STU-10291,Male,21-25,Yes,8
STU-10292,Male,26-35,No,4
STU-10293,Female,26-35,No,7
STU-10294,Female,Under 21,No,3
STU-10295,Female,21-25,Yes,2
STU-10296,Female,26-35,No,8
STU-10297,Male,21-25,No,8
STU-10298,Non-binary,Under 21,No,6
STU-10299,Male,21-25,Yes,4
STU-10300,Female,Under 21,No,7
STU-10301,Female,21-25,No,8
STU-10302,Female,21-25,No,2
STU-10303,Female,Under 21,Yes,10
STU-10304,Female,21-25,No,4
STU-10305,Male,Under 21,No,4
STU-10306,Male,36+,No,9
STU-10307,Male,Under 21,No,10
STU-10308,Female,26-35,No,7
STU-10309,Female,Under 21,No,1
STU-10310,Female,21-25,No,5
STU-10311,Female,21-25,No,6
STU-10312,Male,26-35,No,9
STU-10313,Female,Under 21,Yes,3
STU-10314,Female,Under 21,No,7
STU-10315,Female,21-25,No,3
STU-10316,Female,21-25,No,10
STU-10317,Female,36+,No,3
STU-10318,Female,21-25,No,6
STU-10319,Male,21-25,No,9
STU-10320,Male,26-35,No,2
STU-10321,Female,21-25,No,8
STU-10322,Female,Under 21,No,5
STU-10323,Female,Under 21,Yes,10
STU-10324,Non-binary,21-25,No,7
STU-10325,Female,21-25,No,5
STU-10326,Male,Under 21,No,10
STU-10327,Female,21-25,No,4
STU-10328,Female,Under 21,No,3
STU-10329,Prefer not to say,21-25,No,10
STU-10330,Female,26-35,No,4
STU-10331,Male,21-25,No,4
STU-10332,Male,Under 21,No,8
STU-10333,Female,21-25,No,4
STU-10334,Male,21-25,No,7
STU-10335,Male,26-35,No,6
STU-10336,Female,21-25,No,6
STU-10337,Female,21-25,No,8
STU-10338,Female,21-25,No,4
STU-10339,Female,21-25,No,1
STU-10340,Female,26-35,No,2
STU-10341,Female,21-25,No,9
STU-10342,Female,21-25,No,1
STU-10343,Male,21-25,No,7
STU-10344,Female,21-25,No,5
STU-10345,Male,21-25,No,4
STU-10346,Male,Under 21,No,3
STU-10347,Female,36+,No,9
STU-10348,Male,36+,No,8
STU-10349,Female,26-35,Yes,10
STU-10350,Male,26-35,No,3
STU-10351,Female,26-35,No,6
STU-10352,Female,Under 21,No,3
STU-10353,Female,Under 21,No,8
STU-10354,Male,Under 21,No,7
STU-10355,Female,Under 21,No,9
STU-10356,Female,21-25,No,7
STU-10357,Male,21-25,No,10
STU-10358,Male,21-25,No,1
STU-10359,Female,26-35,No,4
STU-10360,Male,Under 21,No,9
STU-10361,Female,21-25,No,4
STU-10362,Male,21-25,No,2
STU-10363,Male,21-25,No,10
STU-10364,Female,21-25,No,2
STU-10365,Male,21-25,No,3
STU-10366,Female,21-25,Yes,4
STU-10367,Female,21-25,No,5
STU-10368,Male,21-25,No,2
STU-10369,Female,26-35,No,4
STU-10370,Female,26-35,No,7
STU-10371,Male,21-25,No,10
STU-10372,Female,21-25,No,3
STU-10373,Female,21-25,Yes,5
STU-10374,Female,21-25,Yes,1
STU-10375,Female,21-25,No,1
STU-10376,Female,26-35,No,8
STU-10377,Male,Under 21,No,5
STU-10378,Non-binary,21-25,No,9
STU-10379,Female,21-25,Yes,7
STU-10380,Female,21-25,Yes,9
STU-10381,Female,Under 21,No,9
STU-10382,Female,21-25,No,1
STU-10383,Male,Under 21,No,4
STU-10384,Male,36+,Yes,3
STU-10385,Female,21-25,No,9
STU-10386,Female,Under 21,No,10
STU-10387,Female,21-25,No,10
STU-10388,Male,21-25,No,8
STU-10389,Non-binary,21-25,No,8
STU-10390,Female,21-25,No,9
STU-10391,Female,26-35,No,4
STU-10392,Female,21-25,No,4
STU-10393,Female,21-25,No,3
STU-10394,Female,21-25,No,1
STU-10395,Male,21-25,No,5
STU-10396,Female,21-25,No,1
STU-10397,Male,Under 21,No,6
STU-10398,Male,Under 21,No,9
STU-10399,Female,Under 21,Yes,1
STU-10400,Male,21-25,Yes,6
STU-10401,Female,26-35,No,9
STU-10402,Male,21-25,No,9
STU-10403,Non-binary,21-25,No,6
STU-10404,Male,21-25,No,8
STU-10405,Female,26-35,No,4
STU-10406,Female,21-25,No,6
STU-10407,Female,26-35,No,8
STU-10408,Male,Under 21,No,8
STU-10409,Female,Under 21,No,10
STU-10410,Male,Under 21,No,10
STU-10411,Female,21-25,No,10
STU-10412,Male,21-25,No,9
STU-10413,Female,Under 21,Yes,2
STU-10414,Male,26-35,No,1
STU-10415,Female,26-35,Yes,10
STU-10416,Male,21-25,No,7
STU-10417,Female,21-25,No,9
STU-10418,Female,26-35,No,10
STU-10419,Female,26-35,No,4
STU-10420,Male,26-35,Yes,8
STU-10421,Male,Under 21,No,10
STU-10422,Female,21-25,No,8
STU-10423,Non-binary,Under 21,No,10
STU-10424,Male,21-25,No,2
STU-10425,Female,21-25,No,8
STU-10426,Female,26-35,No,9
STU-10427,Female,Under 21,No,5
STU-10428,Male,Under 21,No,3
STU-10429,Female,21-25,No,3
STU-10430,Female,21-25,No,4
STU-10431,Female,26-35,No,5
STU-10432,Male,26-35,No,7
STU-10433,Male,21-25,No,3
STU-10434,Female,Under 21,No,3
STU-10435,Female,Under 21,Yes,3
STU-10436,Female,36+,No,6
STU-10437,Female,21-25,No,4
STU-10438,Male,Under 21,No,10
STU-10439,Female,21-25,No,9
STU-10440,Female,21-25,No,6
STU-10441,Non-binary,36+,No,2
STU-10442,Female,21-25,No,4
STU-10443,Male,26-35,No,4
STU-10444,Male,Under 21,Yes,10
STU-10445,Male,21-25,No,10
STU-10446,Non-binary,36+,Yes,8
STU-10447,Male,21-25,No,1
STU-10448,Male,Under 21,No,8
STU-10449,Male,21-25,No,7
STU-10450,Male,Under 21,No,3
STU-10451,Male,21-25,Yes,9
STU-10452,Female,21-25,No,5
STU-10453,Female,26-35,No,10
STU-10454,Male,21-25,No,2
STU-10455,Male,21-25,No,10
STU-10456,Female,21-25,No,5
STU-10457,Male,21-25,No,3
STU-10458,Male,26-35,Yes,1
STU-10459,Female,21-25,No,10
STU-10460,Female,26-35,No,4
STU-10461,Female,21-25,Yes,6
STU-10462,Male,21-25,No,6
STU-10463,Female,26-35,No,7
STU-10464,Male,26-35,No,1
STU-10465,Female,21-25,No,6
STU-10466,Female,21-25,No,3
STU-10467,Female,Under 21,No,9
STU-10468,Female,26-35,No,5
STU-10469,Non-binary,Under 21,No,8
STU-10470,Female,21-25,No,1
STU-10471,Male,21-25,No,2
STU-10472,Male,21-25,No,7
STU-10473,Female,Under 21,No,1
STU-10474,Male,Under 21,No,2
STU-10475,Female,21-25,No,8
STU-10476,Female,21-25,No,8
STU-10477,Female,21-25,Yes,8
STU-10478,Male,Under 21,No,1
STU-10479,Male,Under 21,Yes,8
STU-10480,Female,21-25,No,3
STU-10481,Female,Under 21,No,8
STU-10482,Non-binary,21-25,No,4
STU-10483,Female,Under 21,No,8
STU-10484,Female,21-25,No,1
STU-10485,Female,Under 21,No,2
STU-10486,Female,21-25,Yes,2
STU-10487,Female,Under 21,No,9
STU-10488,Female,Under 21,No,4
STU-10489,Male,26-35,No,5
STU-10490,Male,21-25,No,5
STU-10491,Non-binary,21-25,No,3
STU-10492,Female,21-25,No,6
STU-10493,Male,Under 21,No,1
STU-10494,Female,36+,No,10
STU-10495,Male,21-25,No,10
STU-10496,Male,Under 21,No,6
STU-10497,Male,26-35,No,5
STU-10498,Female,26-35,Yes,7
STU-10499,Male,21-25,No,2
STU-10500,Male,21-25,No,8
STU-10501,Female,21-25,No,3
STU-10502,Male,26-35,No,7
STU-10503,Female,21-25,No,1
STU-10504,Female,21-25,No,9
STU-10505,Female,26-35,Yes,3
STU-10506,Female,21-25,No,8
STU-10507,Female,21-25,No,9
STU-10508,Female,Under 21,No,9
STU-10509,Male,21-25,No,5
STU-10510,Male,21-25,Yes,8
STU-10511,Female,36+,No,1
STU-10512,Female,36+,No,1
STU-10513,Female,Under 21,No,10
STU-10514,Male,21-25,No,2
STU-10515,Female,Under 21,No,4
STU-10516,Female,21-25,No,9
STU-10517,Female,36+,No,5
STU-10518,Female,Under 21,No,9
STU-10519,Female,Under 21,No,3
STU-10520,Female,21-25,No,5
STU-10521,Non-binary,Under 21,No,7
STU-10522,Female,21-25,No,3
STU-10523,Female,26-35,No,9
STU-10524,Male,21-25,No,2
STU-10525,Female,Under 21,No,5
STU-10526,Female,21-25,No,10
STU-10527,Female,Under 21,No,10
STU-10528,Male,26-35,No,7
STU-10529,Female,21-25,No,9
STU-10530,Female,21-25,No,8
STU-10531,Male,21-25,No,9
STU-10532,Non-binary,36+,No,8
STU-10533,Female,36+,Yes,10
STU-10534,Male,21-25,No,1
STU-10535,Female,Under 21,No,9
STU-10536,Male,21-25,No,2
STU-10537,Female,21-25,No,3
STU-10538,Female,21-25,No,9
STU-10539,Female,Under 21,No,10
STU-10540,Male,26-35,No,7
STU-10541,Female,Under 21,No,3
STU-10542,Female,Under 21,No,1
STU-10543,Male,21-25,No,3
STU-10544,Male,21-25,No,6
STU-10545,Male,26-35,No,5
STU-10546,Female,26-35,No,2
STU-10547,Female,Under 21,Yes,5
STU-10548,Female,21-25,No,10
STU-10549,Female,Under 21,No,7
STU-10550,Female,26-35,Yes,7
STU-10551,Male,21-25,No,9
STU-10552,Male,26-35,No,4
STU-10553,Male,21-25,No,7
STU-10554,Male,21-25,No,4
STU-10555,Male,26-35,No,1
STU-10556,Male,Under 21,No,9
STU-10557,Male,21-25,No,3
STU-10558,Male,Under 21,No,7
STU-10559,Female,26-35,No,10
STU-10560,Female,21-25,No,7
STU-10561,Male,Under 21,No,3
STU-10562,Female,21-25,No,5
STU-10563,Female,26-35,No,2
STU-10564,Female,Under 21,No,6
STU-10565,Female,Under 21,Yes,3
STU-10566,Female,21-25,No,10
STU-10567,Male,21-25,No,2
STU-10568,Female,21-25,No,9
STU-10569,Female,Under 21,No,2
STU-10570,Male,21-25,Yes,2
STU-10571,Male,21-25,Yes,5
STU-10572,Male,21-25,Yes,5
STU-10573,Male,26-35,No,10
STU-10574,Female,Under 21,No,5
STU-10575,Non-binary,36+,No,4
STU-10576,Male,21-25,No,8
STU-10577,Female,Under 21,No,6
STU-10578,Female,21-25,No,1
STU-10579,Male,21-25,No,3
STU-10580,Male,Under 21,No,3
STU-10581,Male,21-25,No,6
STU-10582,Female,21-25,No,4
STU-10583,Male,26-35,Yes,3
STU-10584,Female,26-35,No,1
STU-10585,Female,26-35,No,6
STU-10586,Female,21-25,No,7
STU-10587,Male,Under 21,No,8
STU-10588,Male,21-25,No,4
STU-10589,Female,Under 21,No,6
STU-10590,Female,36+,Yes,10
STU-10591,Male,21-25,No,9
STU-10592,Male,26-35,No,5
STU-10593,Male,Under 21,No,3
STU-10594,Female,Under 21,No,5
STU-10595,Female,Under 21,No,9
STU-10596,Male,21-25,Yes,7
STU-10597,Female,26-35,No,3
STU-10598,Female,26-35,No,9
STU-10599,Female,21-25,No,9
STU-10600,Female,21-25,No,6
STU-10601,Male,Under 21,No,9
STU-10602,Female,Under 21,No,5
STU-10603,Male,21-25,Yes,8
STU-10604,Prefer not to say,36+,No,9
STU-10605,Female,Under 21,No,1
STU-10606,Male,Under 21,No,5
STU-10607,Female,21-25,No,2
STU-10608,Male,21-25,No,5
STU-10609,Male,Under 21,No,10
STU-10610,Female,21-25,No,4
STU-10611,Female,Under 21,No,7
STU-10612,Male,21-25,No,8
STU-10613,Female,26-35,No,8
STU-10614,Non-binary,21-25,No,1
STU-10615,Male,26-35,No,4
STU-10616,Male,26-35,No,1
STU-10617,Female,Under 21,Yes,2
STU-10618,Male,21-25,No,3
STU-10619,Female,Under 21,No,3
STU-10620,Female,21-25,No,1
STU-10621,Female,26-35,No,5
STU-10622,Male,Under 21,No,2
STU-10623,Male,26-35,No,9
STU-10624,Female,26-35,No,4
STU-10625,Female,26-35,No,5
STU-10626,Male,26-35,No,2
STU-10627,Male,Under 21,No,2
STU-10628,Male,Under 21,No,9
STU-10629,Female,Under 21,No,5
STU-10630,Male,36+,No,10
STU-10631,Female,21-25,Yes,7
STU-10632,Female,26-35,No,2
STU-10633,Male,21-25,No,10
STU-10634,Male,26-35,No,7
STU-10635,Male,Under 21,No,3
STU-10636,Male,Under 21,No,8
STU-10637,Male,Under 21,No,3
STU-10638,Male,21-25,No,6
STU-10639,Female,21-25,No,6
STU-10640,Male,Under 21,No,9
STU-10641,Male,21-25,No,6
STU-10642,Female,Under 21,No,6
STU-10643,Male,26-35,No,9
STU-10644,Male,Under 21,No,6
STU-10645,Male,21-25,No,7
STU-10646,Female,Under 21,No,2
STU-10647,Male,26-35,No,8
STU-10648,Male,21-25,No,7
STU-10649,Female,21-25,No,1
STU-10650,Female,26-35,No,2
STU-10651,Female,21-25,No,10
STU-10652,Prefer not to say,21-25,No,4
STU-10653,Female,21-25,Yes,9
STU-10654,Male,26-35,No,1
STU-10655,Male,21-25,No,10
STU-10656,Male,Under 21,Yes,5
STU-10657,Female,21-25,No,3
STU-10658,Male,Under 21,No,6
STU-10659,Female,26-35,No,6
STU-10660,Male,21-25,No,7
STU-10661,Male,21-25,No,4
STU-10662,Female,21-25,Yes,9
STU-10663,Female,21-25,No,6
STU-10664,Male,26-35,No,7
STU-10665,Male,36+,No,1
STU-10666,Male,21-25,No,6
STU-10667,Male,Under 21,No,9
STU-10668,Male,21-25,No,5
STU-10669,Male,Under 21,No,2
STU-10670,Female,21-25,No,5
STU-10671,Male,26-35,No,1
STU-10672,Male,21-25,No,9
STU-10673,Male,Under 21,No,10
STU-10674,Non-binary,Under 21,No,2
STU-10675,Female,Under 21,No,6
STU-10676,Male,Under 21,No,4
STU-10677,Male,21-25,Yes,5
STU-10678,Male,36+,No,6
STU-10679,Female,Under 21,No,10
STU-10680,Female,21-25,No,7
STU-10681,Male,21-25,No,4
STU-10682,Male,Under 21,No,5
STU-10683,Female,21-25,No,10
STU-10684,Female,21-25,No,8
STU-10685,Female,36+,Yes,7
STU-10686,Female,Under 21,Yes,10
STU-10687,Prefer not to say,Under 21,No,9
STU-10688,Male,Under 21,No,9
STU-10689,Non-binary,21-25,Yes,1
STU-10690,Female,21-25,No,9
STU-10691,Female,21-25,No,5
STU-10692,Male,21-25,No,1
STU-10693,Male,26-35,No,9
STU-10694,Female,26-35,No,4
STU-10695,Female,Under 21,No,3
STU-10696,Female,21-25,No,8
STU-10697,Male,Under 21,No,5
STU-10698,Female,21-25,No,7
STU-10699,Female,21-25,No,1
STU-10700,Female,21-25,No,2
STU-10701,Female,Under 21,Yes,10
STU-10702,Female,Under 21,No,1
STU-10703,Female,21-25,No,5
STU-10704,Male,Under 21,No,4
STU-10705,Male,21-25,Yes,6
STU-10706,Female,26-35,No,6
STU-10707,Female,21-25,No,10
STU-10708,Female,26-35,Yes,2
STU-10709,Male,Under 21,No,8
STU-10710,Female,26-35,Yes,7
STU-10711,Male,21-25,No,10
STU-10712,Male,Under 21,No,5
STU-10713,Male,26-35,No,1
STU-10714,Male,21-25,No,10
STU-10715,Female,Under 21,No,9
STU-10716,Male,21-25,Yes,1
STU-10717,Male,21-25,No,4
STU-10718,Female,21-25,No,8
STU-10719,Non-binary,21-25,No,5
STU-10720,Male,26-35,No,7
STU-10721,Female,36+,No,7
STU-10722,Female,Under 21,No,3
STU-10723,Male,Under 21,No,7
STU-10724,Male,26-35,No,2
STU-10725,Male,21-25,No,3
STU-10726,Female,21-25,No,9
STU-10727,Male,21-25,Yes,8
STU-10728,Female,21-25,No,4
STU-10729,Female,26-35,No,6
STU-10730,Male,26-35,No,1
STU-10731,Male,26-35,No,6
STU-10732,Female,21-25,No,10
STU-10733,Female,26-35,Yes,5
STU-10734,Male,21-25,No,4
STU-10735,Male,Under 21,No,9
STU-10736,Male,21-25,No,4
STU-10737,Male,21-25,No,9
STU-10738,Female,26-35,No,4
STU-10739,Female,21-25,Yes,6
STU-10740,Male,21-25,No,9
STU-10741,Male,26-35,No,1
STU-10742,Female,26-35,No,6
STU-10743,Male,21-25,No,1
STU-10744,Male,Under 21,No,10
STU-10745,Male,26-35,No,10
STU-10746,Male,21-25,No,10
STU-10747,Female,21-25,No,6
STU-10748,Male,Under 21,No,9
STU-10749,Female,21-25,No,7
STU-10750,Female,21-25,No,4
STU-10751,Female,Under 21,No,6
STU-10752,Male,21-25,No,8
STU-10753,Male,21-25,Yes,1
STU-10754,Female,Under 21,No,10
STU-10755,Prefer not to say,21-25,No,3
STU-10756,Male,21-25,No,4
STU-10757,Female,26-35,No,2
STU-10758,Female,Under 21,No,2
STU-10759,Female,21-25,No,2
STU-10760,Male,21-25,No,5
STU-10761,Female,Under 21,No,2
STU-10762,Male,21-25,Yes,10
STU-10763,Male,Under 21,Yes,6
STU-10764,Male,21-25,No,10
STU-10765,Male,36+,No,4
STU-10766,Male,Under 21,No,7
STU-10767,Female,Under 21,No,6
STU-10768,Male,36+,No,5
STU-10769,Male,Under 21,No,4
STU-10770,Female,21-25,Yes,4
STU-10771,Female,21-25,No,7
STU-10772,Male,21-25,No,3
STU-10773,Female,26-35,No,10
STU-10774,Male,21-25,No,8
STU-10775,Female,Under 21,No,1
STU-10776,Male,21-25,No,5
STU-10777,Male,Under 21,No,4
STU-10778,Male,21-25,No,2
STU-10779,Male,21-25,No,2
STU-10780,Female,21-25,No,7
STU-10781,Female,36+,No,7
STU-10782,Male,Under 21,No,10
STU-10783,Male,21-25,No,7
STU-10784,Female,Under 21,No,4
STU-10785,Female,Under 21,No,5
STU-10786,Male,Under 21,No,7
STU-10787,Non-binary,26-35,No,5
STU-10788,Female,21-25,No,3
STU-10789,Male,26-35,No,8
STU-10790,Female,Under 21,No,1
STU-10791,Female,21-25,No,5
STU-10792,Male,21-25,No,6
STU-10793,Male,26-35,No,2
STU-10794,Female,Under 21,No,8
STU-10795,Female,21-25,No,3
STU-10796,Male,26-35,No,1
STU-10797,Male,21-25,Yes,7
STU-10798,Female,Under 21,No,10
STU-10799,Female,36+,No,3
STU-10800,Male,21-25,No,8
STU-10801,Male,21-25,No,9
STU-10802,Female,21-25,No,6
STU-10803,Male,Under 21,No,2
STU-10804,Female,26-35,No,10
STU-10805,Non-binary,Under 21,Yes,5
STU-10806,Male,36+,No,5
STU-10807,Female,21-25,No,9
STU-10808,Female,21-25,No,5
STU-10809,Female,26-35,No,3
STU-10810,Female,26-35,No,2
STU-10811,Female,Under 21,No,9
STU-10812,Female,36+,No,7
STU-10813,Female,Under 21,No,7
STU-10814,Male,Under 21,No,6
STU-10815,Male,21-25,No,10
STU-10816,Prefer not to say,Under 21,No,4
STU-10817,Male,21-25,No,7
STU-10818,Female,21-25,Yes,3
STU-10819,Female,Under 21,No,3
STU-10820,Non-binary,Under 21,Yes,8
STU-10821,Male,26-35,No,8
STU-10822,Female,21-25,No,3
STU-10823,Male,26-35,No,10
STU-10824,Male,36+,No,3
STU-10825,Female,21-25,No,3
STU-10826,Female,Under 21,Yes,3
STU-10827,Male,Under 21,No,8
STU-10828,Female,21-25,No,7
STU-10829,Male,Under 21,No,4
STU-10830,Male,Under 21,No,5
STU-10831,Female,Under 21,No,10
STU-10832,Female,Under 21,Yes,9
STU-10833,Female,26-35,No,9
STU-10834,Male,26-35,No,9
STU-10835,Male,21-25,No,5
STU-10836,Female,21-25,No,9
STU-10837,Male,21-25,No,2
STU-10838,Female,21-25,No,1
STU-10839,Male,21-25,No,4
STU-10840,Female,Under 21,No,6
STU-10841,Female,21-25,Yes,4
STU-10842,Female,Under 21,No,6
STU-10843,Female,21-25,No,3
STU-10844,Male,36+,No,2
STU-10845,Male,21-25,No,4
STU-10846,Male,Under 21,No,3
STU-10847,Female,21-25,No,2
STU-10848,Male,21-25,No,5
STU-10849,Female,26-35,No,10
STU-10850,Male,Under 21,No,7
STU-10851,Male,Under 21,No,1
STU-10852,Male,21-25,No,9
STU-10853,Female,21-25,No,6
STU-10854,Female,21-25,No,3
STU-10855,Male,Under 21,No,8
STU-10856,Female,Under 21,No,4
STU-10857,Female,21-25,No,8
STU-10858,Male,21-25,No,8
STU-10859,Prefer not to say,21-25,No,8
STU-10860,Female,21-25,No,9
STU-10861,Female,36+,No,4
STU-10862,Female,Under 21,No,9
STU-10863,Female,Under 21,No,6
STU-10864,Female,Under 21,No,10
STU-10865,Female,21-25,No,1
STU-10866,Female,26-35,No,7
STU-10867,Female,21-25,No,2
STU-10868,Male,26-35,No,6
STU-10869,Male,26-35,No,7
STU-10870,Female,Under 21,No,7
STU-10871,Female,21-25,No,4
STU-10872,Male,21-25,No,10
STU-10873,Female,26-35,No,1
STU-10874,Male,21-25,No,4
STU-10875,Female,26-35,No,10
STU-10876,Male,26-35,No,2
STU-10877,Male,21-25,No,1
STU-10878,Male,21-25,No,5
STU-10879,Male,Under 21,No,3
STU-10880,Male,21-25,No,10
STU-10881,Female,21-25,No,6
STU-10882,Female,Under 21,No,8
STU-10883,Female,Under 21,No,1
STU-10884,Female,21-25,Yes,7
STU-10885,Female,Under 21,No,4
STU-10886,Male,Under 21,No,6
STU-10887,Prefer not to say,21-25,Yes,5
STU-10888,Male,21-25,No,2
STU-10889,Female,21-25,No,1
STU-10890,Male,Under 21,No,3
STU-10891,Female,Under 21,No,4
STU-10892,Female,21-25,No,3
STU-10893,Male,21-25,No,8
STU-10894,Female,26-35,No,6
STU-10895,Male,Under 21,No,8
STU-10896,Female,Under 21,No,6
STU-10897,Female,Under 21,No,7
STU-10898,Female,Under 21,No,3
STU-10899,Non-binary,21-25,No,2
STU-10900,Male,21-25,No,6
STU-10901,Female,26-35,No,2
STU-10902,Female,21-25,No,5
STU-10903,Female,21-25,Yes,5
STU-10904,Male,21-25,No,10
STU-10905,Male,26-35,No,8
STU-10906,Female,Under 21,No,8
STU-10907,Male,21-25,No,10
STU-10908,Female,Under 21,No,2
STU-10909,Male,21-25,No,2
STU-10910,Male,21-25,No,10
STU-10911,Male,21-25,No,9
STU-10912,Female,21-25,No,6
STU-10913,Female,Under 21,No,2
STU-10914,Female,26-35,No,10
STU-10915,Male,21-25,No,8
STU-10916,Female,21-25,No,10
STU-10917,Female,21-25,No,8
STU-10918,Female,21-25,Yes,10
STU-10919,Female,21-25,Yes,10
STU-10920,Male,Under 21,No,6
STU-10921,Female,21-25,No,2
STU-10922,Female,36+,No,8
STU-10923,Female,26-35,No,10
STU-10924,Female,21-25,No,9
STU-10925,Female,Under 21,No,8
STU-10926,Female,21-25,No,9
STU-10927,Female,26-35,No,10
STU-10928,Female,Under 21,No,8
STU-10929,Female,Under 21,No,2
STU-10930,Male,21-25,Yes,10
STU-10931,Female,21-25,No,9
STU-10932,Female,Under 21,No,6
STU-10933,Female,21-25,No,9
STU-10934,Male,21-25,No,5
STU-10935,Female,21-25,No,1
STU-10936,Female,21-25,Yes,4
STU-10937,Female,21-25,No,3
STU-10938,Female,Under 21,No,4
STU-10939,Male,26-35,No,5
STU-10940,Male,26-35,No,2
STU-10941,Male,Under 21,No,10
STU-10942,Female,21-25,No,8
STU-10943,Male,Under 21,No,4
STU-10944,Female,21-25,No,7
STU-10945,Male,26-35,No,7
STU-10946,Male,21-25,Yes,1
STU-10947,Female,Under 21,No,5
STU-10948,Male,Under 21,No,7
STU-10949,Female,26-35,No,7
STU-10950,Male,Under 21,No,7
STU-10951,Female,36+,No,6
STU-10952,Female,Under 21,No,2
STU-10953,Male,Under 21,Yes,2
STU-10954,Female,21-25,No,8
STU-10955,Female,21-25,No,4
STU-10956,Female,26-35,No,8
STU-10957,Male,Under 21,No,5
STU-10958,Male,21-25,No,4
STU-10959,Female,Under 21,No,4
STU-10960,Male,26-35,Yes,4
STU-10961,Female,21-25,No,1
STU-10962,Female,Under 21,No,7
STU-10963,Male,Under 21,Yes,10
STU-10964,Female,36+,No,6
STU-10965,Female,26-35,No,4
STU-10966,Female,21-25,No,4
STU-10967,Male,Under 21,No,6
STU-10968,Male,26-35,Yes,7
STU-10969,Female,Under 21,No,6
STU-10970,Female,26-35,No,9
STU-10971,Male,36+,Yes,8
STU-10972,Male,21-25,No,2
STU-10973,Male,21-25,No,5
STU-10974,Female,Under 21,No,9
STU-10975,Female,21-25,No,6
STU-10976,Male,21-25,No,8
STU-10977,Female,21-25,No,1
STU-10978,Male,21-25,No,2
STU-10979,Male,21-25,No,2
STU-10980,Male,21-25,No,2
STU-10981,Non-binary,Under 21,No,3
STU-10982,Female,Under 21,No,3
STU-10983,Male,26-35,No,9
STU-10984,Female,Under 21,No,10
STU-10985,Male,Under 21,No,7
STU-10986,Female,21-25,No,2
STU-10987,Male,21-25,No,7
STU-10988,Male,26-35,No,9
STU-10989,Male,Under 21,No,5
STU-10990,Male,21-25,Yes,8
STU-10991,Female,21-25,No,4
STU-10992,Male,Under 21,No,7
STU-10993,Female,Under 21,No,7
STU-10994,Male,26-35,No,2
STU-10995,Female,Under 21,No,5
STU-10996,Male,21-25,No,7
STU-10997,Male,Under 21,No,3
STU-10998,Male,36+,No,3
STU-10999,Female,Under 21,No,8
STU-11000,Non-binary,Under 21,No,6
STU-11001,Female,Under 21,Yes,3
STU-11002,Male,26-35,No,10
STU-11003,Female,21-25,No,10
STU-11004,Male,36+,No,2
STU-11005,Female,Under 21,No,6
STU-11006,Female,Under 21,Yes,8
STU-11007,Male,21-25,No,8
STU-11008,Female,26-35,No,10
STU-11009,Male,21-25,No,10
STU-11010,Male,Under 21,No,6
STU-11011,Male,26-35,No,1
STU-11012,Female,26-35,No,9
STU-11013,Male,36+,No,10
STU-11014,Female,Under 21,No,4
STU-11015,Female,21-25,No,7
STU-11016,Female,Under 21,No,3
STU-11017,Male,Under 21,No,8
STU-11018,Female,21-25,No,5
STU-11019,Male,Under 21,No,9
STU-11020,Male,Under 21,No,8
STU-11021,Female,21-25,No,5
STU-11022,Female,21-25,No,7
STU-11023,Male,21-25,No,3
STU-11024,Female,Under 21,No,7
STU-11025,Male,26-35,No,5
STU-11026,Male,21-25,No,3
STU-11027,Female,Under 21,Yes,10
STU-11028,Non-binary,21-25,No,8
STU-11029,Male,36+,No,5
STU-11030,Female,26-35,No,5
STU-11031,Female,Under 21,No,3
STU-11032,Female,26-35,No,5
STU-11033,Female,Under 21,No,10
STU-11034,Female,21-25,No,7
STU-11035,Female,26-35,No,6
STU-11036,Female,26-35,No,5
STU-11037,Male,Under 21,No,7
STU-11038,Female,Under 21,No,3
STU-11039,Male,21-25,No,10
STU-11040,Male,26-35,No,8
STU-11041,Male,26-35,No,1
STU-11042,Female,36+,No,5
STU-11043,Female,Under 21,No,9
STU-11044,Male,Under 21,No,7
STU-11045,Male,36+,No,7
STU-11046,Male,21-25,No,10
STU-11047,Male,21-25,No,3
STU-11048,Female,Under 21,No,8
STU-11049,Female,21-25,No,6
STU-11050,Male,36+,No,5
STU-11051,Non-binary,26-35,No,3
STU-11052,Female,26-35,Yes,6
STU-11053,Male,21-25,No,6
STU-11054,Female,Under 21,Yes,4
STU-11055,Male,36+,Yes,3
STU-11056,Male,Under 21,No,7
STU-11057,Female,26-35,No,1
STU-11058,Female,Under 21,No,5
STU-11059,Male,36+,No,1
STU-11060,Male,Under 21,No,7
STU-11061,Male,Under 21,No,6
STU-11062,Female,Under 21,No,6
STU-11063,Female,21-25,No,1
STU-11064,Female,26-35,No,5
STU-11065,Female,21-25,No,6
STU-11066,Female,Under 21,No,10
STU-11067,Female,Under 21,No,8
STU-11068,Male,Under 21,No,9
STU-11069,Male,26-35,No,5
STU-11070,Male,21-25,No,4
STU-11071,Female,26-35,No,2
STU-11072,Female,Under 21,No,3
STU-11073,Female,36+,No,3
STU-11074,Female,Under 21,No,10
STU-11075,Prefer not to say,Under 21,No,8
STU-11076,Male,21-25,No,2
STU-11077,Male,Under 21,Yes,5
STU-11078,Male,21-25,No,3
STU-11079,Female,36+,No,10
STU-11080,Male,21-25,Yes,10
STU-11081,Non-binary,21-25,No,5
STU-11082,Male,21-25,Yes,5
STU-11083,Female,21-25,Yes,9
STU-11084,Male,Under 21,No,10
STU-11085,Male,21-25,No,6
STU-11086,Male,21-25,No,6
STU-11087,Male,21-25,No,3
STU-11088,Female,21-25,No,6
STU-11089,Female,21-25,No,3
STU-11090,Female,21-25,No,2
STU-11091,Female,Under 21,No,10
STU-11092,Male,26-35,No,1
STU-11093,Female,Under 21,No,3
STU-11094,Male,26-35,No,3
STU-11095,Male,21-25,Yes,4
STU-11096,Female,21-25,No,7
STU-11097,Female,Under 21,No,10
STU-11098,Male,21-25,No,10
STU-11099,Male,Under 21,No,3
STU-11100,Male,26-35,No,9
STU-11101,Female,21-25,No,7
STU-11102,Female,21-25,No,2
STU-11103,Female,21-25,No,9
STU-11104,Female,36+,No,6
STU-11105,Non-binary,21-25,Yes,10
STU-11106,Female,26-35,No,8
STU-11107,Female,Under 21,No,4
STU-11108,Male,21-25,No,5
STU-11109,Male,Under 21,No,4
STU-11110,Female,26-35,No,2
STU-11111,Female,21-25,No,10
STU-11112,Female,21-25,No,6
STU-11113,Male,26-35,No,10
STU-11114,Female,36+,No,10
STU-11115,Male,Under 21,No,2
STU-11116,Female,Under 21,No,4
STU-11117,Female,21-25,No,4
STU-11118,Female,26-35,No,7
STU-11119,Male,Under 21,No,8
STU-11120,Female,21-25,No,7
STU-11121,Male,Under 21,No,5
STU-11122,Male,26-35,No,4
STU-11123,Female,26-35,No,8
STU-11124,Female,21-25,No,7
STU-11125,Female,Under 21,No,9
STU-11126,Female,21-25,No,9
STU-11127,Female,21-25,No,4
STU-11128,Male,21-25,No,3
STU-11129,Male,Under 21,No,10
STU-11130,Male,36+,No,5
STU-11131,Female,21-25,No,10
STU-11132,Male,21-25,No,2
STU-11133,Male,Under 21,No,2
STU-11134,Female,26-35,No,8
STU-11135,Female,36+,No,7
STU-11136,Male,26-35,No,3
STU-11137,Male,26-35,No,3
STU-11138,Female,Under 21,No,6
STU-11139,Female,Under 21,No,5
STU-11140,Male,26-35,No,5
STU-11141,Male,Under 21,Yes,3
STU-11142,Female,Under 21,No,8
STU-11143,Male,21-25,No,9
STU-11144,Female,36+,No,3
STU-11145,Female,26-35,No,7
STU-11146,Male,21-25,No,10
STU-11147,Male,21-25,No,10
STU-11148,Male,Under 21,Yes,8
STU-11149,Male,21-25,Yes,5
STU-11150,Female,21-25,No,7
STU-11151,Female,21-25,No,10
STU-11152,Male,26-35,No,5
STU-11153,Male,26-35,No,10
STU-11154,Female,21-25,No,2
STU-11155,Female,21-25,No,5
STU-11156,Female,21-25,No,2
STU-11157,Male,21-25,No,7
STU-11158,Female,26-35,No,3
STU-11159,Male,Under 21,No,8
STU-11160,Female,21-25,No,1
STU-11161,Female,36+,No,5
STU-11162,Female,Under 21,No,7
STU-11163,Female,21-25,No,7
STU-11164,Female,Under 21,No,1
STU-11165,Male,Under 21,No,4
STU-11166,Female,26-35,No,5
STU-11167,Male,26-35,No,4
STU-11168,Female,36+,No,9
STU-11169,Male,Under 21,No,5
STU-11170,Female,21-25,No,2
STU-11171,Female,21-25,No,5
STU-11172,Female,Under 21,No,9
STU-11173,Male,26-35,No,6
STU-11174,Male,Under 21,No,4
STU-11175,Male,36+,Yes,8
STU-11176,Female,Under 21,Yes,7
STU-11177,Female,26-35,No,4
STU-11178,Female,Under 21,No,7
STU-11179,Male,21-25,No,1
STU-11180,Female,21-25,No,4
STU-11181,Female,Under 21,No,4
STU-11182,Female,Under 21,No,5
STU-11183,Male,21-25,No,10
STU-11184,Female,Under 21,No,2
STU-11185,Female,36+,No,3
STU-11186,Female,Under 21,No,10
STU-11187,Non-binary,21-25,No,9
STU-11188,Male,26-35,No,3
STU-11189,Male,21-25,No,3
STU-11190,Male,36+,No,5
STU-11191,Male,21-25,Yes,7
STU-11192,Female,21-25,No,2
STU-11193,Male,21-25,No,1
STU-11194,Female,21-25,No,1
STU-11195,Female,21-25,No,10
STU-11196,Female,Under 21,Yes,1
STU-11197,Female,Under 21,No,10
STU-11198,Male,21-25,No,5
STU-11199,Male,21-25,No,4
STU-11200,Male,26-35,No,1
STU-11201,Female,26-35,No,1
STU-11202,Female,21-25,No,5
STU-11203,Male,21-25,No,6
STU-11204,Non-binary,21-25,No,7
STU-11205,Male,Under 21,No,9
STU-11206,Non-binary,21-25,No,3
STU-11207,Female,21-25,No,4
STU-11208,Male,21-25,No,1
STU-11209,Female,26-35,No,4
STU-11210,Female,26-35,No,6
STU-11211,Female,26-35,No,10
STU-11212,Male,21-25,No,8
STU-11213,Female,36+,No,5
STU-11214,Female,36+,No,6
STU-11215,Female,Under 21,Yes,8
STU-11216,Male,Under 21,No,1
STU-11217,Male,21-25,No,2
STU-11218,Female,26-35,No,9
STU-11219,Female,21-25,No,8
STU-11220,Female,21-25,No,4
STU-11221,Male,21-25,Yes,10
STU-11222,Non-binary,21-25,Yes,1
STU-11223,Female,21-25,No,4
STU-11224,Female,26-35,No,9
STU-11225,Male,26-35,No,1
STU-11226,Female,26-35,No,9
STU-11227,Male,21-25,Yes,4
STU-11228,Male,21-25,No,7
STU-11229,Male,21-25,No,6
STU-11230,Male,Under 21,No,10
STU-11231,Male,21-25,No,7
STU-11232,Female,26-35,No,5
STU-11233,Male,21-25,No,7
STU-11234,Female,21-25,No,10
STU-11235,Female,21-25,Yes,5
STU-11236,Male,Under 21,Yes,3
STU-11237,Female,21-25,No,7
STU-11238,Female,21-25,Yes,7
STU-11239,Female,21-25,No,7
STU-11240,Male,Under 21,Yes,4
STU-11241,Male,21-25,No,1
STU-11242,Male,26-35,No,1
STU-11243,Female,21-25,No,9
STU-11244,Female,36+,No,5
STU-11245,Male,21-25,No,8
STU-11246,Male,21-25,No,5
STU-11247,Female,Under 21,No,9
STU-11248,Female,21-25,No,1
STU-11249,Female,Under 21,No,4
STU-11250,Female,Under 21,No,9
STU-11251,Female,26-35,No,2
STU-11252,Male,26-35,No,7
STU-11253,Non-binary,26-35,No,10
STU-11254,Male,21-25,No,1
STU-11255,Male,Under 21,No,7
STU-11256,Female,21-25,No,1
STU-11257,Female,26-35,No,2
STU-11258,Female,21-25,No,1
STU-11259,Female,21-25,Yes,4
STU-11260,Male,21-25,No,2
STU-11261,Female,21-25,No,10
STU-11262,Male,21-25,Yes,2
STU-11263,Female,26-35,No,5
STU-11264,Female,Under 21,No,3
STU-11265,Male,Under 21,No,10
STU-11266,Male,21-25,No,3
STU-11267,Female,21-25,No,5
STU-11268,Male,21-25,No,5
STU-11269,Female,21-25,Yes,1
STU-11270,Female,26-35,No,5
STU-11271,Female,21-25,No,5
STU-11272,Male,Under 21,No,10
STU-11273,Female,26-35,No,8
STU-11274,Female,36+,No,2
STU-11275,Female,21-25,No,5
STU-11276,Female,21-25,No,8
STU-11277,Female,21-25,No,10
STU-11278,Non-binary,Under 21,No,7
STU-11279,Female,26-35,No,8
STU-11280,Male,Under 21,No,6
STU-11281,Male,Under 21,No,7
STU-11282,Female,Under 21,No,10
STU-11283,Male,Under 21,Yes,7
STU-11284,Male,21-25,No,10
STU-11285,Male,21-25,No,9
STU-11286,Male,21-25,No,9
STU-11287,Female,21-25,No,3
STU-11288,Female,21-25,No,6
STU-11289,Female,21-25,Yes,8
STU-11290,Male,26-35,No,3
STU-11291,Male,Under 21,No,5
STU-11292,Female,21-25,No,9
STU-11293,Female,Under 21,No,8
STU-11294,Female,21-25,No,2
STU-11295,Male,Under 21,No,2
STU-11296,Female,Under 21,No,4
STU-11297,Female,21-25,Yes,3
STU-11298,Male,21-25,No,10
STU-11299,Male,36+,Yes,4
STU-11300,Male,21-25,No,1
STU-11301,Female,26-35,Yes,5
STU-11302,Male,26-35,Yes,2
STU-11303,Female,Under 21,No,4
STU-11304,Male,Under 21,Yes,3
STU-11305,Male,Under 21,No,7
STU-11306,Female,36+,No,10
STU-11307,Male,21-25,No,7
STU-11308,Female,21-25,Yes,7
STU-11309,Female,36+,No,7
STU-11310,Female,21-25,No,7
STU-11311,Female,26-35,No,6
STU-11312,Female,21-25,No,9
STU-11313,Male,26-35,No,8
STU-11314,Male,26-35,No,10
STU-11315,Male,Under 21,No,10
STU-11316,Female,21-25,No,5
STU-11317,Male,21-25,Yes,1
STU-11318,Male,21-25,No,4
STU-11319,Male,21-25,No,5
STU-11320,Female,26-35,No,1
STU-11321,Male,21-25,No,3
STU-11322,Female,21-25,No,3
STU-11323,Female,Under 21,No,6
STU-11324,Female,21-25,No,1
STU-11325,Female,21-25,No,1
STU-11326,Female,21-25,No,9
STU-11327,Female,21-25,No,4
STU-11328,Male,26-35,No,1
STU-11329,Female,Under 21,No,5
STU-11330,Female,21-25,No,10
STU-11331,Male,21-25,No,9
STU-11332,Female,21-25,No,5
STU-11333,Female,21-25,No,8
STU-11334,Prefer not to say,Under 21,No,4
STU-11335,Male,Under 21,Yes,1
STU-11336,Female,21-25,No,3
STU-11337,Female,36+,No,1
STU-11338,Female,21-25,No,10
STU-11339,Female,21-25,No,7
STU-11340,Female,21-25,No,4
STU-11341,Male,Under 21,No,6
STU-11342,Female,21-25,No,2
STU-11343,Female,26-35,No,7
STU-11344,Male,Under 21,No,1
STU-11345,Male,Under 21,No,9
STU-11346,Female,36+,No,7
STU-11347,Male,26-35,No,6
STU-11348,Male,26-35,No,8
STU-11349,Female,21-25,No,10
STU-11350,Female,21-25,No,1
STU-11351,Female,Under 21,No,3
STU-11352,Female,21-25,No,8
STU-11353,Female,36+,Yes,1
STU-11354,Female,Under 21,No,6
STU-11355,Male,21-25,No,4
STU-11356,Female,21-25,No,7
STU-11357,Male,Under 21,No,4
STU-11358,Female,21-25,No,4
STU-11359,Prefer not to say,26-35,No,5
STU-11360,Female,Under 21,No,7
STU-11361,Male,36+,Yes,2
STU-11362,Female,26-35,No,2
STU-11363,Female,Under 21,No,2
STU-11364,Male,Under 21,No,3
STU-11365,Female,Under 21,No,5
STU-11366,Female,26-35,No,6
STU-11367,Female,Under 21,No,3
STU-11368,Non-binary,21-25,No,8
STU-11369,Male,Under 21,No,8
STU-11370,Female,21-25,No,2
STU-11371,Female,21-25,No,10
STU-11372,Male,21-25,Yes,7
STU-11373,Female,21-25,No,2
STU-11374,Female,26-35,No,6
STU-11375,Female,21-25,No,8
STU-11376,Female,21-25,Yes,2
STU-11377,Male,21-25,No,1
STU-11378,Male,Under 21,No,9
STU-11379,Male,Under 21,No,3
STU-11380,Male,21-25,No,3
STU-11381,Female,Under 21,No,3
STU-11382,Male,36+,No,5
STU-11383,Non-binary,21-25,No,5
STU-11384,Female,21-25,Yes,6
STU-11385,Male,Under 21,No,2
STU-11386,Male,21-25,No,4
STU-11387,Male,21-25,No,3
STU-11388,Non-binary,21-25,No,9
STU-11389,Female,21-25,No,7
STU-11390,Male,21-25,No,1
STU-11391,Male,36+,No,7
STU-11392,Male,26-35,No,2
STU-11393,Male,21-25,Yes,2
STU-11394,Female,26-35,No,10
STU-11395,Female,21-25,No,2
STU-11396,Male,Under 21,No,8
STU-11397,Female,Under 21,No,1
STU-11398,Female,21-25,No,5
STU-11399,Female,Under 21,No,1
STU-11400,Female,Under 21,Yes,7
STU-11401,Male,21-25,No,3
STU-11402,Male,Under 21,No,6
STU-11403,Male,21-25,No,7
STU-11404,Male,21-25,No,1
STU-11405,Female,21-25,Yes,5
STU-11406,Female,Under 21,No,5
STU-11407,Female,36+,No,4
STU-11408,Female,Under 21,No,4
STU-11409,Male,26-35,No,6
STU-11410,Male,26-35,No,4
STU-11411,Male,26-35,Yes,1
STU-11412,Female,21-25,No,6
STU-11413,Female,26-35,No,8
STU-11414,Female,21-25,No,2
STU-11415,Male,Under 21,No,4
STU-11416,Male,21-25,No,3
STU-11417,Female,21-25,No,5
STU-11418,Female,21-25,No,2
STU-11419,Female,21-25,No,9
STU-11420,Male,21-25,No,2
STU-11421,Male,21-25,No,4
STU-11422,Male,Under 21,No,7
STU-11423,Male,21-25,No,7
STU-11424,Male,21-25,No,4
STU-11425,Male,26-35,No,1
STU-11426,Prefer not to say,26-35,No,2
STU-11427,Female,36+,No,3
STU-11428,Male,21-25,No,4
STU-11429,Female,21-25,No,3
STU-11430,Male,26-35,No,6
STU-11431,Male,36+,No,4
STU-11432,Female,21-25,No,4
STU-11433,Female,21-25,No,7
STU-11434,Male,Under 21,No,5
STU-11435,Male,21-25,No,1
STU-11436,Non-binary,21-25,No,9
STU-11437,Male,21-25,No,1
STU-11438,Male,26-35,Yes,10
STU-11439,Male,26-35,No,7
STU-11440,Male,21-25,No,8
STU-11441,Female,Under 21,No,3
STU-11442,Female,Under 21,No,6
STU-11443,Male,Under 21,No,1
STU-11444,Female,Under 21,No,4
STU-11445,Female,Under 21,No,10
STU-11446,Female,Under 21,No,10
STU-11447,Female,Under 21,No,7
STU-11448,Female,Under 21,No,9
STU-11449,Female,36+,No,6
STU-11450,Male,21-25,No,7
STU-11451,Male,21-25,No,8
STU-11452,Female,21-25,No,5
STU-11453,Male,21-25,No,5
STU-11454,Female,Under 21,No,2
STU-11455,Female,26-35,No,9
STU-11456,Male,21-25,Yes,3
STU-11457,Male,21-25,No,4
STU-11458,Female,21-25,No,2
STU-11459,Male,21-25,Yes,7
STU-11460,Prefer not to say,21-25,No,1
STU-11461,Non-binary,Under 21,No,3
STU-11462,Female,21-25,No,2
STU-11463,Female,21-25,No,1
STU-11464,Female,21-25,Yes,3
STU-11465,Male,26-35,Yes,8
STU-11466,Male,Under 21,No,1
STU-11467,Male,Under 21,No,2
STU-11468,Male,26-35,No,2
STU-11469,Female,Under 21,No,5
STU-11470,Male,36+,No,8
STU-11471,Male,21-25,No,2
STU-11472,Male,21-25,No,7
STU-11473,Female,Under 21,No,2
STU-11474,Male,36+,No,7
STU-11475,Female,21-25,No,9
STU-11476,Female,Under 21,No,6
STU-11477,Non-binary,21-25,No,2
STU-11478,Male,21-25,No,3
STU-11479,Female,21-25,No,6
STU-11480,Female,Under 21,No,2
STU-11481,Female,Under 21,Yes,1
STU-11482,Male,Under 21,Yes,2
STU-11483,Male,21-25,No,5
STU-11484,Female,Under 21,No,6
STU-11485,Male,26-35,No,8
STU-11486,Female,Under 21,No,2
STU-11487,Female,Under 21,No,9
STU-11488,Female,Under 21,No,6
STU-11489,Male,26-35,No,1
STU-11490,Female,21-25,No,7
STU-11491,Male,Under 21,No,5
STU-11492,Male,21-25,No,5
STU-11493,Female,Under 21,Yes,5
STU-11494,Non-binary,Under 21,No,2
STU-11495,Male,Under 21,No,6
STU-11496,Male,21-25,Yes,1
STU-11497,Male,Under 21,No,9
STU-11498,Male,21-25,Yes,9
STU-11499,Female,21-25,No,1
STU-11500,Male,21-25,No,8
STU-11501,Male,Under 21,No,7
STU-11502,Female,26-35,No,8
STU-11503,Male,Under 21,No,2
STU-11504,Male,26-35,No,3
STU-11505,Male,26-35,No,6
STU-11506,Female,Under 21,No,7
STU-11507,Female,21-25,No,1
STU-11508,Female,26-35,No,4
STU-11509,Male,Under 21,No,1
STU-11510,Non-binary,Under 21,No,5
STU-11511,Male,Under 21,No,4
STU-11512,Male,26-35,No,5
STU-11513,Female,21-25,No,9
STU-11514,Female,26-35,No,5
STU-11515,Female,21-25,Yes,8
STU-11516,Male,26-35,Yes,3
STU-11517,Female,21-25,No,7
STU-11518,Male,21-25,No,3
STU-11519,Female,21-25,No,2
STU-11520,Male,Under 21,Yes,2
STU-11521,Male,Under 21,Yes,2
STU-11522,Male,Under 21,No,6
STU-11523,Male,26-35,No,9
STU-11524,Female,26-35,No,10
STU-11525,Male,21-25,No,4
STU-11526,Male,Under 21,Yes,5
STU-11527,Male,21-25,No,7
STU-11528,Male,Under 21,No,8
STU-11529,Female,21-25,No,1
STU-11530,Male,21-25,No,3
STU-11531,Male,Under 21,Yes,7
STU-11532,Female,Under 21,No,10
STU-11533,Female,21-25,No,2
STU-11534,Female,21-25,No,4
STU-11535,Male,26-35,No,2
STU-11536,Male,26-35,No,4
STU-11537,Male,26-35,No,6
STU-11538,Female,21-25,No,3
STU-11539,Male,36+,No,2
STU-11540,Male,21-25,No,3
STU-11541,Female,21-25,Yes,2
STU-11542,Female,21-25,No,2
STU-11543,Male,Under 21,No,6
STU-11544,Female,26-35,Yes,10
STU-11545,Male,21-25,No,6
STU-11546,Female,21-25,No,5
STU-11547,Female,21-25,No,7
STU-11548,Female,21-25,Yes,8
STU-11549,Female,26-35,No,9
STU-11550,Male,21-25,No,8
STU-11551,Prefer not to say,Under 21,No,3
STU-11552,Male,Under 21,Yes,3
STU-11553,Female,21-25,No,7
STU-11554,Male,21-25,Yes,2
STU-11555,Male,26-35,No,10
STU-11556,Female,Under 21,No,1
STU-11557,Female,Under 21,Yes,2
STU-11558,Female,Under 21,No,9
STU-11559,Male,21-25,No,9
STU-11560,Female,21-25,No,7
STU-11561,Female,26-35,No,10
STU-11562,Female,36+,No,7
STU-11563,Male,Under 21,No,5
STU-11564,Male,Under 21,No,2
STU-11565,Female,21-25,Yes,8
STU-11566,Female,21-25,No,2
STU-11567,Female,Under 21,No,4
STU-11568,Female,36+,No,8
STU-11569,Female,Under 21,Yes,1
STU-11570,Female,21-25,Yes,6
STU-11571,Male,Under 21,No,6
STU-11572,Non-binary,26-35,No,7
STU-11573,Female,21-25,No,7
STU-11574,Female,26-35,No,5
STU-11575,Female,Under 21,No,3
STU-11576,Female,36+,No,9
STU-11577,Male,26-35,Yes,6
STU-11578,Male,26-35,No,7
STU-11579,Male,Under 21,No,4
STU-11580,Male,Under 21,No,7
STU-11581,Female,21-25,No,2
STU-11582,Male,Under 21,No,8
STU-11583,Male,Under 21,No,4
STU-11584,Male,36+,No,8
STU-11585,Female,21-25,No,2
STU-11586,Female,21-25,No,2
STU-11587,Male,36+,No,6
STU-11588,Female,21-25,No,10
STU-11589,Male,26-35,No,8
STU-11590,Prefer not to say,21-25,No,3
STU-11591,Male,Under 21,No,8
STU-11592,Male,26-35,No,8
STU-11593,Male,Under 21,No,8
STU-11594,Male,Under 21,No,6
STU-11595,Male,21-25,No,1
STU-11596,Male,21-25,No,6
STU-11597,Male,21-25,No,10
STU-11598,Female,Under 21,No,7
STU-11599,Female,21-25,No,1
STU-11600,Female,21-25,Yes,3
STU-11601,Female,Under 21,No,8
STU-11602,Male,21-25,No,10
STU-11603,Female,26-35,No,4
STU-11604,Female,Under 21,No,10
STU-11605,Female,Under 21,No,10
STU-11606,Female,Under 21,Yes,10
STU-11607,Female,26-35,No,1
STU-11608,Female,Under 21,No,6
STU-11609,Male,Under 21,No,5
STU-11610,Female,21-25,No,10
STU-11611,Female,21-25,No,1
STU-11612,Male,21-25,No,6
STU-11613,Male,Under 21,No,4
STU-11614,Male,Under 21,No,1
STU-11615,Male,Under 21,No,1
STU-11616,Male,Under 21,No,8
STU-11617,Male,26-35,No,2
STU-11618,Female,36+,No,8
STU-11619,Male,Under 21,No,10
STU-11620,Female,21-25,No,6
STU-11621,Female,26-35,No,2
STU-11622,Male,21-25,No,4
STU-11623,Female,Under 21,No,7
STU-11624,Female,Under 21,No,7
STU-11625,Male,Under 21,No,10
STU-11626,Male,21-25,No,7
STU-11627,Female,Under 21,No,3
STU-11628,Female,21-25,No,2
STU-11629,Female,26-35,No,4
STU-11630,Female,Under 21,No,9
STU-11631,Female,Under 21,No,4
STU-11632,Male,Under 21,No,5
STU-11633,Female,36+,No,10
STU-11634,Female,26-35,No,4
STU-11635,Male,Under 21,No,9
STU-11636,Female,21-25,No,2
STU-11637,Female,21-25,No,9
STU-11638,Female,36+,Yes,6
STU-11639,Female,Under 21,No,2
STU-11640,Male,26-35,No,10
STU-11641,Female,26-35,No,3
STU-11642,Female,21-25,No,3
STU-11643,Female,21-25,No,8
STU-11644,Male,36+,No,4
STU-11645,Female,26-35,No,8
STU-11646,Male,21-25,No,4
STU-11647,Female,21-25,No,8
STU-11648,Male,Under 21,No,9
STU-11649,Female,Under 21,No,6
STU-11650,Female,26-35,No,10
STU-11651,Male,21-25,No,9
STU-11652,Male,21-25,No,5
STU-11653,Female,21-25,No,6
STU-11654,Female,26-35,No,6
STU-11655,Non-binary,21-25,No,2
STU-11656,Male,21-25,No,3
STU-11657,Female,21-25,No,9
STU-11658,Female,Under 21,Yes,9
STU-11659,Female,Under 21,No,10
STU-11660,Female,21-25,Yes,7
STU-11661,Male,21-25,Yes,2
STU-11662,Male,21-25,No,8
STU-11663,Non-binary,Under 21,No,3
STU-11664,Female,Under 21,No,4
STU-11665,Female,Under 21,No,2
STU-11666,Male,Under 21,No,10
STU-11667,Male,26-35,No,8
STU-11668,Male,26-35,No,5
STU-11669,Male,Under 21,No,2
STU-11670,Female,Under 21,No,8
STU-11671,Female,21-25,No,8
STU-11672,Male,36+,No,2
STU-11673,Male,Under 21,No,3
STU-11674,Male,26-35,No,8
STU-11675,Female,21-25,No,2
STU-11676,Male,21-25,No,1
STU-11677,Male,Under 21,No,10
STU-11678,Male,21-25,No,9
STU-11679,Female,Under 21,No,10
STU-11680,Male,26-35,No,3
STU-11681,Female,21-25,No,10
STU-11682,Male,26-35,No,1
STU-11683,Male,26-35,No,10
STU-11684,Male,21-25,Yes,9
STU-11685,Female,21-25,No,9
STU-11686,Male,21-25,No,10
STU-11687,Female,21-25,No,9
STU-11688,Female,21-25,No,8
STU-11689,Female,21-25,No,8
STU-11690,Non-binary,36+,No,9
STU-11691,Female,36+,Yes,1
STU-11692,Female,21-25,No,8
STU-11693,Male,Under 21,No,8
STU-11694,Female,Under 21,No,5
STU-11695,Female,21-25,No,7
STU-11696,Non-binary,26-35,No,10
STU-11697,Female,21-25,No,2
STU-11698,Male,Under 21,No,9
STU-11699,Male,21-25,No,10
STU-11700,Male,21-25,Yes,3
STU-11701,Female,21-25,No,9
STU-11702,Male,26-35,No,1
STU-11703,Female,26-35,No,1
STU-11704,Male,21-25,No,4
STU-11705,Female,26-35,No,1
STU-11706,Male,26-35,No,8
STU-11707,Female,Under 21,No,2
STU-11708,Female,21-25,No,7
STU-11709,Male,21-25,No,8
STU-11710,Female,Under 21,No,2
STU-11711,Female,Under 21,No,6
STU-11712,Female,21-25,Yes,2
STU-11713,Male,36+,No,1
STU-11714,Male,Under 21,No,10
STU-11715,Female,26-35,No,8
STU-11716,Male,Under 21,No,1
STU-11717,Male,21-25,No,1
STU-11718,Female,21-25,No,1
STU-11719,Male,26-35,Yes,7
STU-11720,Female,21-25,No,6
STU-11721,Female,26-35,No,8
STU-11722,Male,36+,Yes,3
STU-11723,Male,Under 21,No,2
STU-11724,Female,Under 21,No,10
STU-11725,Female,Under 21,No,4
STU-11726,Female,26-35,No,8
STU-11727,Female,21-25,No,9
STU-11728,Prefer not to say,26-35,No,7
STU-11729,Male,36+,No,8
STU-11730,Male,21-25,No,1
STU-11731,Male,21-25,No,10
STU-11732,Female,Under 21,No,4
STU-11733,Female,21-25,No,1
STU-11734,Female,Under 21,No,8
STU-11735,Male,26-35,No,2
STU-11736,Female,26-35,No,4
STU-11737,Male,36+,No,10
STU-11738,Male,36+,Yes,7
STU-11739,Male,21-25,No,9
STU-11740,Female,21-25,No,1
STU-11741,Male,Under 21,Yes,2
STU-11742,Female,Under 21,No,7
STU-11743,Male,26-35,No,10
STU-11744,Female,21-25,No,7
STU-11745,Male,21-25,No,2
STU-11746,Female,21-25,No,6
STU-11747,Female,26-35,No,1
STU-11748,Female,26-35,No,6
STU-11749,Female,21-25,No,7
STU-11750,Male,Under 21,No,1
STU-11751,Female,Under 21,No,5
STU-11752,Male,36+,No,4
STU-11753,Male,26-35,No,9
STU-11754,Male,21-25,No,6
STU-11755,Male,Under 21,No,1
STU-11756,Male,36+,No,1
STU-11757,Male,21-25,Yes,6
STU-11758,Female,21-25,No,8
STU-11759,Female,26-35,No,10
STU-11760,Male,21-25,No,2
STU-11761,Female,21-25,No,5
STU-11762,Male,Under 21,Yes,1
STU-11763,Female,26-35,No,5
STU-11764,Female,21-25,No,5
STU-11765,Female,21-25,No,8
STU-11766,Male,21-25,No,10
STU-11767,Male,21-25,No,9
STU-11768,Female,26-35,No,1
STU-11769,Female,21-25,Yes,9
STU-11770,Male,26-35,No,6
STU-11771,Male,21-25,No,7
STU-11772,Female,Under 21,Yes,9
STU-11773,Female,21-25,No,10
STU-11774,Female,Under 21,No,2
STU-11775,Male,21-25,No,4
STU-11776,Male,Under 21,Yes,3
STU-11777,Female,Under 21,No,5
STU-11778,Male,21-25,Yes,7
STU-11779,Female,26-35,No,6
STU-11780,Male,21-25,No,6
STU-11781,Male,26-35,No,3
STU-11782,Male,36+,No,7
STU-11783,Male,36+,No,9
STU-11784,Female,21-25,No,5
STU-11785,Male,21-25,No,3
STU-11786,Male,21-25,No,6
STU-11787,Female,26-35,No,1
STU-11788,Female,21-25,No,9
STU-11789,Male,21-25,Yes,10
STU-11790,Female,21-25,No,9
STU-11791,Female,21-25,No,2
STU-11792,Female,36+,No,2
STU-11793,Female,21-25,No,1
STU-11794,Female,21-25,No,9
STU-11795,Female,21-25,No,1
STU-11796,Female,21-25,No,1
STU-11797,Female,21-25,No,9
STU-11798,Female,Under 21,No,8
STU-11799,Female,Under 21,No,4
STU-11800,Female,21-25,No,5
STU-11801,Female,Under 21,No,3
STU-11802,Male,Under 21,No,8
STU-11803,Female,21-25,No,9
STU-11804,Female,21-25,No,8
STU-11805,Female,21-25,No,1
STU-11806,Male,21-25,Yes,8
STU-11807,Female,Under 21,No,6
STU-11808,Female,Under 21,No,8
STU-11809,Non-binary,21-25,Yes,6
STU-11810,Male,Under 21,Yes,10
STU-11811,Female,26-35,No,10
STU-11812,Female,Under 21,No,5
STU-11813,Male,21-25,No,2
STU-11814,Male,26-35,No,7
STU-11815,Female,21-25,No,3
STU-11816,Male,26-35,No,9
STU-11817,Female,Under 21,Yes,2
STU-11818,Female,21-25,No,8
STU-11819,Female,Under 21,No,5
STU-11820,Non-binary,26-35,No,8
STU-11821,Male,21-25,No,10
STU-11822,Male,21-25,No,10
STU-11823,Female,21-25,No,6
STU-11824,Male,21-25,Yes,10
STU-11825,Female,26-35,No,10
STU-11826,Male,21-25,No,7
STU-11827,Male,21-25,No,4
STU-11828,Female,36+,Yes,9
STU-11829,Female,26-35,No,5
STU-11830,Female,21-25,No,10
STU-11831,Male,Under 21,No,10
STU-11832,Non-binary,Under 21,No,1
STU-11833,Male,21-25,No,4
STU-11834,Male,Under 21,No,6
STU-11835,Female,21-25,No,10
STU-11836,Male,21-25,No,4
STU-11837,Female,21-25,No,8
STU-11838,Male,21-25,Yes,2
STU-11839,Female,Under 21,No,4
STU-11840,Male,21-25,No,4
STU-11841,Male,36+,No,8
STU-11842,Female,21-25,No,6
STU-11843,Male,21-25,No,3
STU-11844,Female,21-25,No,2
STU-11845,Female,21-25,No,10
STU-11846,Female,26-35,No,1
STU-11847,Male,26-35,No,1
STU-11848,Female,Under 21,No,6
STU-11849,Male,Under 21,No,2
STU-11850,Female,26-35,No,2
STU-11851,Female,21-25,No,9
STU-11852,Female,21-25,No,4
STU-11853,Male,21-25,No,6
STU-11854,Female,36+,No,4
STU-11855,Female,26-35,No,3
STU-11856,Male,21-25,No,1
STU-11857,Female,Under 21,No,9
STU-11858,Male,21-25,No,1
STU-11859,Male,36+,No,7
STU-11860,Male,Under 21,No,2
STU-11861,Male,21-25,No,6
STU-11862,Male,26-35,No,4
STU-11863,Female,Under 21,No,8
STU-11864,Female,21-25,No,10
STU-11865,Male,21-25,No,10
STU-11866,Female,21-25,No,5
STU-11867,Female,Under 21,No,5
STU-11868,Male,21-25,No,10
STU-11869,Male,21-25,No,9
STU-11870,Non-binary,Under 21,No,2
STU-11871,Male,36+,No,5
STU-11872,Non-binary,26-35,No,2
STU-11873,Female,21-25,No,3
STU-11874,Male,Under 21,No,4
STU-11875,Female,26-35,No,5
STU-11876,Non-binary,26-35,No,2
STU-11877,Female,21-25,No,3
STU-11878,Female,26-35,No,9
STU-11879,Male,21-25,No,2
STU-11880,Male,Under 21,No,10
STU-11881,Female,21-25,No,5
STU-11882,Male,26-35,No,5
STU-11883,Male,21-25,No,6
STU-11884,Male,21-25,No,4
STU-11885,Female,21-25,No,8
STU-11886,Female,Under 21,No,1
STU-11887,Female,21-25,Yes,3
STU-11888,Female,Under 21,No,3
STU-11889,Male,Under 21,Yes,8
STU-11890,Male,Under 21,Yes,3
STU-11891,Male,21-25,No,3
STU-11892,Male,21-25,Yes,4
STU-11893,Female,21-25,No,1
STU-11894,Male,21-25,No,4
STU-11895,Female,21-25,No,7
STU-11896,Female,Under 21,No,10
STU-11897,Male,26-35,No,6
STU-11898,Female,Under 21,No,5
STU-11899,Female,Under 21,No,4
STU-11900,Male,21-25,No,9
STU-11901,Male,21-25,No,7
STU-11902,Male,21-25,No,8
STU-11903,Female,Under 21,No,4
STU-11904,Male,21-25,Yes,8
STU-11905,Male,26-35,No,1
STU-11906,Female,21-25,No,5
STU-11907,Male,Under 21,No,6
STU-11908,Female,21-25,No,1
STU-11909,Female,21-25,No,1
STU-11910,Female,21-25,No,2
STU-11911,Female,Under 21,No,9
STU-11912,Male,Under 21,No,4
STU-11913,Male,Under 21,No,10
STU-11914,Female,21-25,Yes,10
STU-11915,Male,Under 21,No,7
STU-11916,Female,26-35,No,1
STU-11917,Non-binary,Under 21,No,9
STU-11918,Female,36+,No,6
STU-11919,Male,Under 21,No,10
STU-11920,Female,26-35,No,4
STU-11921,Male,Under 21,No,4
STU-11922,Female,26-35,No,7
STU-11923,Male,21-25,No,5
STU-11924,Male,21-25,No,10
STU-11925,Female,21-25,No,5
STU-11926,Female,Under 21,No,7
STU-11927,Female,21-25,Yes,4
STU-11928,Female,21-25,No,2
STU-11929,Female,21-25,No,7
STU-11930,Non-binary,21-25,No,2
STU-11931,Male,26-35,No,6
STU-11932,Male,Under 21,No,8
STU-11933,Male,26-35,No,7
STU-11934,Male,Under 21,No,5
STU-11935,Male,21-25,No,8
STU-11936,Male,21-25,No,7
STU-11937,Male,Under 21,No,6
STU-11938,Female,Under 21,Yes,2
STU-11939,Female,21-25,No,10
STU-11940,Female,26-35,No,2
STU-11941,Female,21-25,No,2
STU-11942,Female,21-25,No,10
STU-11943,Female,26-35,No,5
STU-11944,Female,Under 21,No,3
STU-11945,Male,21-25,No,3
STU-11946,Non-binary,21-25,Yes,4
STU-11947,Female,26-35,No,6
STU-11948,Female,26-35,No,4
STU-11949,Male,21-25,No,6
STU-11950,Female,Under 21,No,3
STU-11951,Female,Under 21,No,1
STU-11952,Prefer not to say,Under 21,No,10
STU-11953,Female,Under 21,No,2
STU-11954,Female,21-25,No,1
STU-11955,Female,26-35,No,2
STU-11956,Male,Under 21,No,3
STU-11957,Male,Under 21,No,8
STU-11958,Female,21-25,No,1
STU-11959,Male,21-25,No,1
STU-11960,Male,21-25,No,7
STU-11961,Female,Under 21,No,9
STU-11962,Female,21-25,No,1
STU-11963,Male,21-25,No,7
STU-11964,Male,21-25,No,3
STU-11965,Male,Under 21,No,5
STU-11966,Female,Under 21,No,10
STU-11967,Female,36+,No,3
STU-11968,Female,36+,No,2
STU-11969,Male,Under 21,No,4
STU-11970,Female,21-25,No,6
STU-11971,Male,21-25,No,6
STU-11972,Male,21-25,No,2
STU-11973,Male,Under 21,No,3
STU-11974,Female,Under 21,No,1
STU-11975,Female,26-35,No,10
STU-11976,Female,21-25,No,2
STU-11977,Male,Under 21,No,10
STU-11978,Male,21-25,Yes,10
STU-11979,Male,Under 21,No,7
STU-11980,Male,36+,No,3
STU-11981,Male,21-25,No,9
STU-11982,Male,21-25,No,8
STU-11983,Female,21-25,No,6
STU-11984,Female,Under 21,No,4
STU-11985,Male,Under 21,No,5
STU-11986,Female,26-35,No,2
STU-11987,Female,21-25,No,9
STU-11988,Female,36+,No,3
STU-11989,Female,21-25,No,9
STU-11990,Female,21-25,No,8
STU-11991,Male,Under 21,No,1
STU-11992,Female,21-25,No,4
STU-11993,Female,21-25,No,9
STU-11994,Female,Under 21,No,3
STU-11995,Male,Under 21,No,4
STU-11996,Non-binary,21-25,No,9
STU-11997,Female,Under 21,No,4
STU-11998,Male,Under 21,No,3
STU-11999,Male,21-25,No,6
STU-12000,Male,21-25,No,4
