record_id,attendance_pct,assessment_pct,assignment_pct,engagement_score,prior_performance_pct,risk_label
STU-00001,63.8,67.3,62.3,7.1,55.8,medium
STU-00002,79.3,54.0,55.8,5.0,37.0,medium
STU-00003,51.9,67.8,53.2,6.9,77.5,medium
STU-00004,60.1,67.3,52.5,2.9,82.6,medium
STU-00005,63.5,30.7,34.5,2.4,57.3,high
STU-00006,54.7,30.5,24.8,0.9,28.1,high
STU-00007,52.0,76.4,60.0,4.9,82.7,medium
STU-00008,79.6,69.8,54.9,6.6,61.4,low
STU-00009,47.7,51.8,56.1,4.8,62.6,high
STU-00010,94.2,32.5,72.2,9.2,55.6,high
STU-00011,95.9,77.3,76.4,7.4,82.5,low
STU-00012,100.0,72.3,88.4,5.6,88.0,low
STU-00013,62.5,54.9,58.8,8.3,78.5,medium
STU-00014,29.0,76.2,48.2,1.9,66.6,high
STU-00015,50.6,64.4,80.4,4.4,67.9,low
STU-00016,63.7,24.0,51.8,4.2,38.8,high
STU-00017,78.7,82.2,49.5,5.5,81.5,medium
STU-00018,28.4,10.3,25.8,2.6,44.2,high
STU-00019,57.8,89.1,72.6,4.6,68.7,medium
STU-00020,55.5,47.5,53.8,4.0,42.4,high
STU-00021,32.2,63.8,41.4,8.9,65.3,high
STU-00022,67.1,51.2,61.8,6.7,71.0,medium
STU-00023,77.9,89.9,86.3,8.8,100.0,low
STU-00024,96.6,72.7,90.6,6.3,51.0,low
STU-00025,89.3,61.1,61.0,6.6,72.6,medium
STU-00026,96.0,90.7,86.0,6.3,74.0,low
STU-00027,65.2,73.9,47.5,8.2,89.8,low
STU-00028,100.0,96.6,100.0,10.0,91.1,low
STU-00029,46.0,51.7,40.0,3.2,61.2,high
STU-00030,69.7,72.9,56.9,5.3,79.5,medium
STU-00031,76.5,95.4,100.0,8.4,70.3,low
STU-00032,98.0,78.8,60.1,7.6,49.4,low
STU-00033,72.8,37.9,62.3,9.4,47.9,high
STU-00034,84.1,42.9,51.5,6.8,46.6,medium
STU-00035,22.4,35.6,38.1,1.6,44.7,high
STU-00036,90.4,100.0,100.0,9.7,83.7,low
STU-00037,45.5,54.4,52.0,3.8,55.0,high
STU-00038,98.7,68.4,95.1,10.0,54.4,low
STU-00039,35.5,19.2,40.6,4.6,45.3,high
STU-00040,86.0,85.2,65.3,9.1,60.4,low
STU-00041,68.0,81.0,77.1,6.9,68.2,low
STU-00042,88.9,81.3,74.9,7.4,75.4,low
STU-00043,69.4,55.0,46.8,6.0,31.8,medium
STU-00044,76.2,73.0,64.9,6.7,69.6,low
STU-00045,55.6,44.9,35.2,8.0,64.7,high
STU-00046,77.1,52.4,80.0,6.0,78.1,low
STU-00047,78.8,85.9,62.4,5.7,60.9,low
STU-00048,100.0,66.8,92.9,7.1,69.1,low
STU-00049,100.0,90.5,90.8,9.3,96.9,low
STU-00050,53.2,88.1,63.8,1.3,44.3,medium
STU-00051,52.6,52.6,43.8,4.7,63.2,medium
STU-00052,71.9,67.8,98.0,3.1,55.8,medium
STU-00053,100.0,54.1,87.8,10.0,49.2,low
STU-00054,91.3,72.0,80.3,6.3,57.7,low
STU-00055,30.6,40.3,26.8,0.0,47.5,high
STU-00056,41.7,52.6,66.9,2.9,51.3,high
STU-00057,66.4,95.6,63.8,10.0,48.7,low
STU-00058,100.0,95.3,81.3,7.0,100.0,low
STU-00059,61.4,55.7,25.2,8.0,51.2,medium
STU-00060,60.9,78.8,73.2,9.5,92.0,low
STU-00061,74.8,52.3,58.2,7.7,26.6,medium
STU-00062,40.5,45.9,50.6,1.8,48.8,high
STU-00063,87.2,67.4,72.8,8.7,86.5,low
STU-00064,56.7,86.8,62.6,8.6,64.3,medium
STU-00065,52.1,68.5,63.7,5.7,71.6,medium
STU-00066,87.8,90.7,100.0,8.3,82.5,low
STU-00067,60.5,59.1,39.8,3.7,21.0,high
STU-00068,66.9,53.2,44.9,5.5,53.9,high
STU-00069,75.4,72.8,80.3,3.6,70.4,low
STU-00070,100.0,70.2,97.5,9.1,70.5,low
STU-00071,65.2,50.4,42.7,4.9,31.8,high
STU-00072,23.5,21.6,30.4,2.7,19.3,high
STU-00073,49.9,42.1,45.0,4.8,36.8,high
STU-00074,86.2,80.6,66.7,6.8,68.4,low
STU-00075,81.1,76.8,77.5,7.4,79.1,low
STU-00076,100.0,100.0,100.0,9.7,80.2,low
STU-00077,89.0,66.6,100.0,8.2,66.6,low
STU-00078,90.7,87.6,54.9,7.9,71.1,low
STU-00079,77.4,64.6,81.4,8.7,63.5,medium
STU-00080,87.3,76.6,81.9,7.1,80.8,low
STU-00081,47.6,66.7,66.2,7.8,65.6,high
STU-00082,50.3,76.1,70.3,5.1,43.8,medium
STU-00083,53.2,49.2,50.1,2.8,71.5,high
STU-00084,61.3,43.5,39.1,3.5,54.4,high
STU-00085,70.1,40.4,36.3,4.1,12.4,high
STU-00086,58.6,67.2,68.8,6.2,37.1,medium
STU-00087,71.6,65.8,75.4,8.7,81.9,low
STU-00088,48.5,78.3,51.4,8.5,64.3,high
STU-00089,57.0,64.6,71.6,6.2,64.1,medium
STU-00090,49.6,61.8,37.6,4.0,35.3,high
STU-00091,87.9,74.4,83.6,7.6,74.8,low
STU-00092,78.6,55.7,66.3,9.4,50.1,medium
STU-00093,68.9,53.3,68.8,3.3,51.4,medium
STU-00094,46.1,58.9,47.6,7.2,51.9,high
STU-00095,61.9,53.2,59.0,3.8,36.2,high
STU-00096,97.0,35.6,100.0,5.3,51.3,medium
STU-00097,47.2,54.3,19.7,4.7,44.8,high
STU-00098,48.8,44.7,43.7,3.1,48.6,high
STU-00099,98.1,80.9,100.0,7.7,77.6,low
STU-00100,48.9,26.6,41.7,6.1,23.4,high
STU-00101,82.6,64.9,62.7,4.5,57.8,medium
STU-00102,77.7,73.6,76.7,9.9,88.3,low
STU-00103,47.2,52.3,63.6,0.2,51.7,high
STU-00104,94.6,82.5,56.4,8.7,97.0,low
STU-00105,52.2,42.9,71.4,3.4,46.8,high
STU-00106,96.5,35.8,52.7,6.7,47.3,medium
STU-00107,41.8,67.7,16.4,3.6,43.9,high
STU-00108,72.4,43.2,48.0,5.5,52.2,high
STU-00109,99.0,94.0,95.1,9.0,62.9,low
STU-00110,89.4,39.3,67.1,6.4,43.8,medium
STU-00111,84.2,96.7,80.4,10.0,97.5,low
STU-00112,51.1,53.5,39.1,2.4,58.1,medium
STU-00113,63.6,46.4,53.8,4.7,71.8,high
STU-00114,81.1,42.4,29.3,4.0,48.8,high
STU-00115,70.8,49.8,74.2,5.7,98.3,medium
STU-00116,71.7,42.5,39.8,5.6,58.6,high
STU-00117,59.8,64.1,8.4,2.5,61.1,high
STU-00118,71.3,82.7,60.6,5.6,64.8,medium
STU-00119,89.2,85.1,100.0,9.0,97.9,low
STU-00120,77.4,53.4,63.8,8.0,59.2,low
STU-00121,79.8,53.7,43.4,5.3,44.0,medium
STU-00122,77.3,41.0,81.1,4.2,74.9,low
STU-00123,60.4,90.2,56.9,5.9,62.3,low
STU-00124,64.9,78.7,86.1,9.9,65.1,low
STU-00125,90.2,70.7,71.6,6.9,60.0,low
STU-00126,43.4,74.7,85.6,6.1,92.5,high
STU-00127,100.0,100.0,100.0,10.0,93.0,low
STU-00128,65.4,30.2,57.0,5.1,56.7,high
STU-00129,71.4,76.9,71.1,6.9,45.9,low
STU-00130,55.2,12.1,41.4,6.2,62.2,high
STU-00131,71.0,39.5,78.6,5.1,62.9,high
STU-00132,61.1,26.8,3.1,5.7,66.7,high
STU-00133,100.0,63.8,95.3,8.8,93.3,low
STU-00134,64.9,73.0,44.8,3.7,68.5,medium
STU-00135,78.6,13.1,51.1,3.4,33.1,high
STU-00136,37.1,61.2,60.8,7.6,29.5,high
STU-00137,87.4,66.6,78.7,7.6,68.7,medium
STU-00138,87.7,64.7,89.7,10.0,81.6,low
STU-00139,82.0,68.8,98.0,8.8,90.6,low
STU-00140,59.8,97.4,51.6,5.6,100.0,low
STU-00141,100.0,66.4,62.5,4.4,75.6,low
STU-00142,71.9,50.5,59.5,3.8,49.7,high
STU-00143,37.0,11.4,22.9,3.7,45.7,high
STU-00144,77.5,88.4,76.7,6.4,74.5,low
STU-00145,56.8,36.2,51.4,2.8,27.4,high
STU-00146,91.0,59.0,91.7,9.1,76.9,low
STU-00147,49.7,66.1,45.8,5.8,57.6,high
STU-00148,43.4,46.5,36.0,2.6,47.9,high
STU-00149,67.0,95.5,61.1,9.5,70.5,low
STU-00150,72.0,79.7,41.1,7.8,81.9,low
STU-00151,53.2,52.6,44.1,5.0,81.7,high
STU-00152,52.4,40.0,41.8,6.0,36.0,high
STU-00153,55.2,44.7,35.5,3.2,41.4,high
STU-00154,80.5,17.1,58.8,5.3,60.5,high
STU-00155,48.7,46.8,37.3,3.7,32.2,high
STU-00156,100.0,100.0,100.0,9.7,99.1,low
STU-00157,100.0,69.6,71.0,5.5,43.2,low
STU-00158,66.5,64.6,53.3,4.0,76.8,medium
STU-00159,70.6,61.3,54.8,3.7,80.8,medium
STU-00160,69.2,38.5,52.1,4.2,31.1,high
STU-00161,62.8,29.8,40.3,2.9,67.5,high
STU-00162,60.7,42.7,52.9,6.0,77.2,medium
STU-00163,73.7,100.0,100.0,8.0,96.1,low
STU-00164,66.5,15.8,57.8,2.8,55.9,high
STU-00165,68.0,95.3,50.5,5.4,69.2,low
STU-00166,42.9,63.4,40.8,5.2,41.6,high
STU-00167,66.4,72.9,100.0,6.9,82.6,low
STU-00168,84.8,87.2,57.8,7.6,62.3,low
STU-00169,55.0,56.7,43.0,5.1,64.7,medium
STU-00170,53.7,85.7,55.4,2.1,64.4,medium
STU-00171,81.2,72.6,56.4,5.9,45.1,medium
STU-00172,47.9,89.4,32.7,6.8,73.0,high
STU-00173,71.8,33.9,59.0,6.8,67.3,medium
STU-00174,58.0,37.0,43.2,2.6,55.2,high
STU-00175,55.4,8.4,14.2,3.8,33.1,high
STU-00176,67.6,61.9,65.5,7.9,82.4,medium
STU-00177,66.8,100.0,66.3,8.8,100.0,low
STU-00178,65.7,63.7,34.5,3.6,61.9,high
STU-00179,84.8,86.2,97.4,7.6,71.3,low
STU-00180,82.5,83.7,73.3,7.3,83.0,medium
STU-00181,31.5,78.4,34.9,2.9,48.1,high
STU-00182,50.6,48.8,58.0,2.8,43.4,high
STU-00183,83.0,51.4,86.2,7.2,54.2,medium
STU-00184,49.6,73.9,78.1,5.9,76.8,medium
STU-00185,83.8,45.5,81.4,9.2,80.8,low
STU-00186,71.9,95.4,90.1,10.0,96.1,low
STU-00187,86.9,73.1,64.2,5.4,51.6,low
STU-00188,27.6,25.1,35.3,3.9,55.3,high
STU-00189,71.6,41.5,66.3,4.3,49.9,high
STU-00190,69.7,90.9,66.3,6.6,85.8,low
STU-00191,100.0,100.0,100.0,10.0,100.0,low
STU-00192,72.2,47.4,63.5,5.5,56.2,medium
STU-00193,61.9,39.4,57.7,3.4,51.6,high
STU-00194,100.0,100.0,100.0,9.8,78.3,low
STU-00195,98.8,70.3,62.4,8.9,29.8,medium
STU-00196,37.4,65.0,28.8,7.2,46.5,high
STU-00197,97.2,98.2,77.7,5.9,100.0,low
STU-00198,68.4,87.3,67.4,6.7,49.1,low
STU-00199,72.9,60.5,82.4,9.7,45.1,low
STU-00200,24.8,71.1,51.3,3.9,62.2,high
STU-00201,70.1,57.2,68.1,5.5,64.2,medium
STU-00202,69.2,100.0,100.0,6.2,93.4,low
STU-00203,84.8,86.4,84.7,9.3,84.0,low
STU-00204,46.7,68.8,42.4,4.5,59.7,high
STU-00205,51.1,38.7,18.7,1.8,36.2,high
STU-00206,85.4,54.5,80.2,8.0,70.2,low
STU-00207,73.0,31.8,41.1,5.3,24.7,high
STU-00208,66.4,42.3,68.8,7.2,37.8,medium
STU-00209,49.2,46.4,60.4,6.8,36.0,high
STU-00210,48.9,79.7,48.8,4.1,35.4,high
STU-00211,43.7,52.6,55.7,2.0,59.5,high
STU-00212,53.0,56.7,32.8,4.2,49.4,high
STU-00213,64.3,52.9,18.6,4.7,60.7,high
STU-00214,58.8,52.3,52.0,7.8,33.7,medium
STU-00215,76.0,49.5,60.0,3.9,41.4,high
STU-00216,76.8,73.9,76.5,4.7,78.8,low
STU-00217,35.1,76.9,60.6,5.8,71.3,medium
STU-00218,79.0,82.2,90.9,6.7,82.0,low
STU-00219,75.8,37.2,50.1,4.6,69.7,medium
STU-00220,57.3,39.2,26.9,2.4,53.4,high
STU-00221,67.2,67.0,74.2,4.3,54.4,medium
STU-00222,88.5,57.3,77.0,9.2,65.4,low
STU-00223,76.9,76.4,83.4,7.0,65.8,low
STU-00224,66.7,56.1,17.9,3.0,17.5,high
STU-00225,53.6,85.4,57.8,7.3,69.6,low
STU-00226,35.1,56.4,45.7,0.0,42.1,high
STU-00227,100.0,82.9,100.0,7.4,100.0,low
STU-00228,75.8,100.0,79.6,7.3,70.8,low
STU-00229,72.1,54.7,45.5,5.5,51.5,low
STU-00230,95.1,43.1,53.1,3.8,30.8,high
STU-00231,52.6,33.4,22.9,6.0,31.1,high
STU-00232,69.6,68.1,69.1,6.5,65.7,low
STU-00233,86.8,100.0,89.1,9.7,87.4,low
STU-00234,77.3,74.7,73.1,8.0,90.9,low
STU-00235,75.5,59.2,48.6,3.2,59.7,medium
STU-00236,88.6,52.7,43.6,5.0,62.4,medium
STU-00237,73.0,34.6,35.0,6.8,46.2,high
STU-00238,79.2,80.9,76.0,4.5,55.8,low
STU-00239,59.5,34.0,63.0,6.2,43.4,medium
STU-00240,47.3,62.0,80.5,5.9,67.9,high
STU-00241,58.2,43.8,32.5,3.2,62.1,high
STU-00242,78.1,52.1,86.9,7.9,68.1,low
STU-00243,70.9,49.6,35.9,4.0,29.6,high
STU-00244,29.2,42.4,36.2,4.7,29.6,high
STU-00245,70.3,100.0,100.0,7.5,86.8,low
STU-00246,87.3,47.0,80.8,10.0,56.3,low
STU-00247,64.6,40.9,36.6,3.8,59.7,high
STU-00248,94.9,100.0,99.0,10.0,100.0,low
STU-00249,99.6,100.0,86.8,7.2,100.0,low
STU-00250,73.5,27.4,42.1,2.0,67.0,high
STU-00251,71.8,55.4,51.7,9.5,62.2,low
STU-00252,79.9,63.0,61.2,5.1,83.9,low
STU-00253,100.0,88.6,71.6,7.9,82.5,low
STU-00254,70.9,53.7,37.7,6.6,53.7,medium
STU-00255,58.2,41.5,76.0,6.0,43.8,medium
STU-00256,74.2,64.1,69.6,5.4,65.0,medium
STU-00257,58.2,100.0,81.5,5.6,58.6,low
STU-00258,68.8,87.2,56.2,8.1,61.5,low
STU-00259,100.0,78.7,65.4,9.7,66.3,low
STU-00260,64.8,48.2,30.3,5.3,14.2,high
STU-00261,72.2,78.3,100.0,6.6,58.2,low
STU-00262,59.9,58.3,44.8,3.7,52.7,high
STU-00263,64.4,72.3,92.2,6.1,46.1,low
STU-00264,64.8,49.0,61.3,4.6,61.2,high
STU-00265,72.5,83.2,60.4,4.9,76.9,medium
STU-00266,71.8,100.0,73.4,6.8,90.9,low
STU-00267,79.3,86.4,51.8,6.1,88.2,low
STU-00268,62.6,66.8,64.0,4.3,51.5,medium
STU-00269,89.2,100.0,99.0,9.3,56.7,low
STU-00270,85.8,63.7,70.0,7.3,65.0,low
STU-00271,75.1,77.8,63.5,3.8,50.8,medium
STU-00272,76.8,73.9,84.4,10.0,78.5,low
STU-00273,31.0,29.4,65.5,1.7,65.1,high
STU-00274,98.8,100.0,100.0,8.5,100.0,low
STU-00275,70.9,94.5,98.1,7.5,99.2,low
STU-00276,93.5,79.9,61.3,6.0,62.2,low
STU-00277,60.1,40.5,47.4,4.7,43.3,high
STU-00278,73.0,24.8,52.7,1.7,28.1,high
STU-00279,89.2,85.4,100.0,9.0,46.3,low
STU-00280,94.7,85.5,100.0,9.6,55.7,low
STU-00281,67.4,68.8,55.7,5.6,83.2,low
STU-00282,58.5,8.1,44.8,4.6,53.1,high
STU-00283,91.4,100.0,66.6,7.1,63.5,low
STU-00284,67.0,80.1,96.3,10.0,93.0,low
STU-00285,28.7,44.4,18.5,0.1,5.1,high
STU-00286,89.1,48.7,59.1,2.7,45.9,medium
STU-00287,58.7,65.1,66.5,7.0,59.5,medium
STU-00288,49.8,59.7,17.4,1.0,67.8,high
STU-00289,91.5,67.5,29.1,4.5,82.0,medium
STU-00290,100.0,73.2,85.0,8.6,66.6,low
STU-00291,74.9,61.3,81.1,2.8,56.8,medium
STU-00292,100.0,82.5,86.3,7.2,84.9,low
STU-00293,100.0,98.0,90.6,9.1,100.0,low
STU-00294,58.4,2.1,40.8,4.8,39.3,high
STU-00295,83.5,52.0,63.2,5.4,46.1,medium
STU-00296,61.3,48.1,47.4,0.0,70.6,high
STU-00297,62.3,64.0,70.3,3.1,57.8,medium
STU-00298,77.9,86.9,77.7,9.2,81.8,low
STU-00299,84.7,45.6,47.4,3.6,45.4,high
STU-00300,75.9,61.4,94.8,7.9,58.8,low
STU-00301,97.0,100.0,95.7,6.8,100.0,low
STU-00302,100.0,52.8,83.0,10.0,58.3,low
STU-00303,91.8,85.5,70.5,6.3,81.8,low
STU-00304,84.2,57.8,78.8,6.6,68.2,low
STU-00305,63.5,57.6,51.1,4.6,57.9,medium
STU-00306,100.0,73.1,87.5,6.2,64.6,low
STU-00307,38.4,35.9,60.2,5.1,82.1,high
STU-00308,82.7,89.7,89.9,5.7,100.0,low
STU-00309,87.6,77.9,74.4,5.4,70.0,low
STU-00310,61.3,82.0,77.3,7.7,66.1,low
STU-00311,100.0,70.1,90.7,9.7,82.8,low
STU-00312,94.4,87.6,60.3,6.5,75.8,low
STU-00313,98.7,100.0,100.0,7.4,100.0,low
STU-00314,53.0,73.0,74.0,3.5,80.4,medium
STU-00315,60.6,81.4,54.5,3.8,83.6,medium
STU-00316,60.7,46.4,61.7,2.0,70.0,medium
STU-00317,72.6,85.5,75.4,6.8,57.6,low
STU-00318,62.4,44.7,70.5,6.1,46.1,high
STU-00319,56.4,90.4,42.1,3.7,62.0,high
STU-00320,89.7,60.9,63.6,9.4,55.5,low
STU-00321,89.4,84.0,60.3,6.0,87.0,low
STU-00322,96.4,80.3,73.7,9.9,83.0,low
STU-00323,94.2,93.0,75.3,8.3,51.2,low
STU-00324,100.0,86.7,59.4,7.8,86.4,low
STU-00325,82.4,100.0,91.4,5.6,83.4,low
STU-00326,66.6,60.4,62.9,5.6,80.2,medium
STU-00327,64.5,35.3,39.1,6.4,28.1,high
STU-00328,82.8,98.8,87.9,8.6,83.1,low
STU-00329,74.2,47.3,56.0,6.0,39.1,medium
STU-00330,70.3,57.3,74.9,7.4,53.1,low
STU-00331,95.8,100.0,73.3,7.2,100.0,low
STU-00332,61.1,89.7,87.4,7.1,69.6,low
STU-00333,73.4,34.7,69.8,5.2,67.2,medium
STU-00334,56.3,60.4,52.4,6.9,61.2,medium
STU-00335,91.7,72.6,99.7,6.7,67.9,low
STU-00336,40.9,41.3,37.0,1.7,32.9,high
STU-00337,66.5,54.0,65.7,3.7,72.1,medium
STU-00338,84.3,74.6,75.9,9.4,79.9,low
STU-00339,68.0,56.0,60.6,5.7,100.0,medium
STU-00340,95.8,72.8,88.1,7.3,58.6,low
STU-00341,47.2,27.3,35.5,4.0,20.9,high
STU-00342,58.7,95.0,38.4,4.2,57.0,medium
STU-00343,96.8,76.8,74.2,8.5,76.8,low
STU-00344,62.8,50.4,57.5,5.0,52.2,medium
STU-00345,45.6,79.6,60.5,5.7,70.7,medium
STU-00346,89.8,21.6,55.1,4.6,37.1,medium
STU-00347,60.4,72.1,62.1,6.2,32.0,medium
STU-00348,73.1,79.1,77.9,5.2,50.7,low
STU-00349,55.9,46.7,51.5,3.7,36.0,medium
STU-00350,71.2,77.3,90.1,5.9,100.0,low
STU-00351,42.0,77.1,56.4,3.0,66.4,high
STU-00352,82.8,54.3,88.7,9.7,72.3,low
STU-00353,49.4,43.9,34.4,3.5,55.1,high
STU-00354,75.5,88.7,71.5,4.7,87.1,low
STU-00355,83.6,75.8,61.6,7.3,78.1,low
STU-00356,66.3,74.7,59.6,10.0,60.9,medium
STU-00357,100.0,74.3,67.3,3.3,49.1,low
STU-00358,77.0,86.6,86.6,8.2,83.0,low
STU-00359,77.0,61.2,76.2,4.9,47.6,medium
STU-00360,84.6,64.1,52.4,5.4,67.1,high
STU-00361,76.1,75.0,62.7,4.4,77.2,low
STU-00362,91.7,53.8,74.1,8.2,68.3,medium
STU-00363,17.1,52.0,44.6,2.2,49.8,high
STU-00364,71.1,30.7,70.6,8.3,48.4,high
STU-00365,78.4,70.6,61.6,4.8,61.7,low
STU-00366,100.0,100.0,89.6,8.1,98.0,low
STU-00367,58.2,59.7,55.4,0.0,39.2,high
STU-00368,71.3,51.6,47.8,8.9,42.2,medium
STU-00369,69.4,50.1,44.6,7.3,57.8,medium
STU-00370,93.1,87.0,86.2,10.0,87.1,low
STU-00371,25.3,26.7,46.1,6.0,69.9,high
STU-00372,82.0,74.8,48.0,4.7,100.0,low
STU-00373,74.2,50.8,78.5,7.8,100.0,low
STU-00374,70.5,78.7,72.1,6.2,73.6,medium
STU-00375,63.0,62.6,84.8,5.5,59.9,medium
STU-00376,97.8,100.0,100.0,8.1,98.7,low
STU-00377,71.9,54.8,87.7,6.0,49.4,low
STU-00378,49.5,24.3,55.1,3.9,38.2,high
STU-00379,80.7,100.0,100.0,8.4,82.0,low
STU-00380,76.2,33.8,49.0,4.9,42.1,high
STU-00381,52.1,71.4,78.6,5.2,52.2,medium
STU-00382,58.3,71.0,90.2,6.5,94.3,low
STU-00383,71.5,13.0,68.1,3.1,39.1,high
STU-00384,45.5,54.4,61.6,3.0,24.6,high
STU-00385,51.0,50.3,42.8,3.0,48.7,high
STU-00386,78.0,47.0,73.1,7.9,70.8,low
STU-00387,95.4,73.7,83.6,9.0,72.0,low
STU-00388,68.0,73.1,49.4,7.8,65.2,low
STU-00389,100.0,72.0,99.6,8.2,67.1,low
STU-00390,59.1,24.1,36.4,3.9,42.3,high
STU-00391,17.6,14.0,23.2,0.0,30.7,high
STU-00392,85.6,99.7,88.6,6.4,71.6,low
STU-00393,49.5,44.4,35.0,5.0,36.1,high
STU-00394,71.7,84.4,97.8,5.1,84.8,low
STU-00395,57.6,67.4,52.9,3.4,66.7,medium
STU-00396,57.1,35.9,37.5,4.3,60.1,high
STU-00397,64.2,65.3,37.7,2.3,75.3,medium
STU-00398,76.1,62.6,33.9,4.7,80.1,low
STU-00399,79.6,90.9,76.4,5.1,56.7,low
STU-00400,74.7,73.1,52.0,5.2,36.7,medium
STU-00401,100.0,76.0,71.5,5.6,67.7,low
STU-00402,87.8,90.0,70.1,6.5,71.1,low
STU-00403,31.8,63.7,47.6,5.3,81.7,high
STU-00404,69.6,77.4,77.9,7.6,78.2,low
STU-00405,73.7,75.7,52.6,6.2,67.4,low
STU-00406,68.2,73.8,47.4,4.0,64.5,medium
STU-00407,75.4,78.5,70.3,6.2,69.0,low
STU-00408,69.5,90.6,71.3,8.7,86.5,low
STU-00409,75.8,12.2,39.3,5.6,8.6,high
STU-00410,61.6,33.3,41.2,4.0,50.1,high
STU-00411,82.3,57.3,86.4,5.6,36.4,medium
STU-00412,41.7,28.9,30.2,3.8,31.6,high
STU-00413,41.1,45.8,58.4,4.3,34.0,high
STU-00414,73.3,72.6,80.8,6.7,77.4,low
STU-00415,53.9,52.5,53.1,3.0,50.8,high
STU-00416,46.1,49.9,32.8,1.3,87.2,high
STU-00417,92.1,77.0,89.1,7.5,69.0,low
STU-00418,98.9,100.0,100.0,10.0,80.9,low
STU-00419,70.0,55.8,52.2,5.5,82.7,low
STU-00420,91.2,96.9,57.5,10.0,98.6,low
STU-00421,38.5,50.8,37.0,2.8,58.9,high
STU-00422,80.9,35.3,82.1,6.1,47.0,medium
STU-00423,55.1,36.4,48.5,4.1,40.5,high
STU-00424,39.4,30.9,26.0,1.3,31.8,high
STU-00425,71.7,22.1,53.9,5.0,44.2,high
STU-00426,70.0,84.5,78.6,6.8,50.4,low
STU-00427,50.4,64.9,35.9,8.4,65.3,medium
STU-00428,87.0,91.4,83.2,8.3,86.3,low
STU-00429,85.6,65.8,54.3,8.1,60.8,medium
STU-00430,62.0,67.3,74.6,4.9,51.5,low
STU-00431,47.6,47.4,38.6,4.1,48.6,high
STU-00432,74.3,63.1,64.5,6.4,74.7,low
STU-00433,71.9,69.1,74.9,6.2,65.8,medium
STU-00434,37.2,34.8,35.8,4.5,37.7,high
STU-00435,91.7,73.3,100.0,7.8,87.8,low
STU-00436,58.5,55.1,61.9,6.2,52.7,medium
STU-00437,67.2,22.5,70.7,6.2,71.5,high
STU-00438,47.3,57.9,62.7,3.8,12.6,high
STU-00439,48.1,39.9,37.5,3.5,79.7,high
STU-00440,95.4,82.7,99.0,8.8,94.2,low
STU-00441,74.2,47.9,73.1,5.7,76.9,medium
STU-00442,87.7,60.2,53.3,6.0,60.8,high
STU-00443,83.8,69.6,89.4,10.0,79.9,low
STU-00444,97.4,100.0,78.7,8.0,93.2,low
STU-00445,41.2,55.1,45.7,4.4,47.6,high
STU-00446,45.3,14.8,47.7,3.0,36.9,high
STU-00447,59.0,84.8,74.5,3.7,81.4,low
STU-00448,97.0,67.1,61.6,6.5,44.5,low
STU-00449,67.4,80.6,89.9,10.0,93.3,low
STU-00450,58.6,42.6,47.8,4.7,73.0,high
STU-00451,50.0,54.1,53.9,5.9,49.4,medium
STU-00452,70.4,68.9,66.1,5.5,49.3,medium
STU-00453,82.6,96.8,100.0,8.6,96.7,low
STU-00454,100.0,100.0,100.0,10.0,97.2,low
STU-00455,67.0,64.3,55.7,4.4,64.9,medium
STU-00456,49.8,76.8,79.7,5.9,52.4,medium
STU-00457,95.4,63.5,36.5,4.5,96.0,low
STU-00458,84.0,49.7,64.2,8.3,45.7,medium
STU-00459,66.4,100.0,59.7,4.9,58.5,low
STU-00460,60.9,60.4,49.1,4.7,60.4,medium
STU-00461,75.7,49.0,72.2,5.4,47.4,medium
STU-00462,63.1,36.0,56.9,8.1,36.5,high
STU-00463,74.4,27.2,44.6,4.9,19.5,high
STU-00464,100.0,53.5,90.1,10.0,48.0,low
STU-00465,85.1,52.6,49.2,3.3,61.9,high
STU-00466,58.1,46.1,42.5,3.9,51.6,high
STU-00467,85.9,79.4,53.4,5.2,73.3,medium
STU-00468,85.2,89.3,66.3,4.9,78.2,low
STU-00469,98.1,83.4,100.0,8.0,80.3,low
STU-00470,77.8,35.0,92.3,6.2,64.6,low
STU-00471,67.4,54.0,55.3,5.4,77.5,low
STU-00472,84.3,48.9,55.8,5.5,70.5,medium
STU-00473,68.6,56.4,45.1,5.9,75.0,medium
STU-00474,58.3,61.1,69.0,7.4,71.2,medium
STU-00475,97.9,88.5,80.6,8.8,80.3,low
STU-00476,81.8,48.3,55.9,6.9,49.8,medium
STU-00477,42.9,87.3,48.1,1.1,100.0,high
STU-00478,74.8,49.2,73.3,3.9,40.1,medium
STU-00479,84.6,79.9,87.3,10.0,66.5,low
STU-00480,75.0,100.0,100.0,8.7,100.0,low
STU-00481,85.6,99.4,51.9,7.9,79.4,low
STU-00482,42.0,69.3,83.5,4.6,91.1,high
STU-00483,84.0,83.7,76.9,8.8,35.1,medium
STU-00484,80.6,82.5,72.6,5.0,98.8,low
STU-00485,54.6,68.2,47.6,3.1,79.0,high
STU-00486,51.4,60.7,51.5,6.2,77.4,medium
STU-00487,87.4,73.9,68.8,8.2,59.1,low
STU-00488,68.0,43.6,64.6,4.6,81.8,medium
STU-00489,56.6,26.0,14.2,4.2,49.4,high
STU-00490,71.5,67.5,92.4,6.9,78.5,low
STU-00491,100.0,99.6,100.0,10.0,100.0,low
STU-00492,52.6,65.9,58.9,7.3,74.6,low
STU-00493,87.3,52.4,82.2,9.6,76.2,low
STU-00494,81.1,60.4,80.1,7.0,45.6,low
STU-00495,85.8,44.6,47.2,3.1,56.0,high
STU-00496,83.7,58.2,69.6,6.9,64.9,low
STU-00497,63.3,23.4,56.8,4.1,45.6,high
STU-00498,71.0,54.3,37.4,2.0,46.0,medium
STU-00499,24.4,21.0,14.6,3.6,21.2,high
STU-00500,53.7,39.2,29.4,4.0,53.1,high
STU-00501,89.0,100.0,100.0,7.7,100.0,low
STU-00502,88.8,91.9,76.3,6.5,91.1,low
STU-00503,87.6,70.1,57.5,6.9,68.7,low
STU-00504,70.7,46.7,45.4,6.1,28.4,high
STU-00505,72.8,17.7,30.1,4.9,4.0,high
STU-00506,36.1,46.1,53.8,6.5,35.7,high
STU-00507,61.3,100.0,62.6,8.4,87.6,low
STU-00508,22.2,87.0,40.0,2.5,66.7,high
STU-00509,79.7,50.8,57.4,5.1,67.8,medium
STU-00510,75.4,54.9,89.5,7.0,86.2,low
STU-00511,100.0,59.4,83.9,8.5,24.5,low
STU-00512,77.1,75.1,64.4,7.6,62.4,low
STU-00513,71.8,61.0,67.2,4.8,58.7,medium
STU-00514,48.5,24.6,39.3,3.4,26.3,high
STU-00515,77.8,94.6,31.8,7.8,87.4,medium
STU-00516,89.1,79.9,100.0,7.7,85.0,low
STU-00517,76.1,69.9,76.7,7.8,66.7,low
STU-00518,96.9,72.6,68.3,7.8,52.7,low
STU-00519,54.3,50.4,74.2,8.8,80.4,high
STU-00520,90.1,100.0,100.0,9.1,100.0,low
STU-00521,45.6,26.2,30.5,4.7,33.1,high
STU-00522,92.2,81.7,75.7,7.9,47.7,low
STU-00523,57.2,82.5,56.9,5.8,66.7,medium
STU-00524,76.5,54.8,76.6,8.6,85.3,medium
STU-00525,93.3,100.0,67.3,5.3,100.0,low
STU-00526,67.2,20.7,44.1,5.0,43.1,high
STU-00527,100.0,95.4,83.4,5.9,75.4,low
STU-00528,82.8,50.7,84.2,6.7,54.6,low
STU-00529,76.7,65.8,65.6,6.4,52.1,low
STU-00530,100.0,97.3,92.6,9.5,100.0,low
STU-00531,92.6,81.5,60.7,8.3,56.7,low
STU-00532,88.4,80.6,42.6,5.6,61.5,low
STU-00533,81.4,44.7,69.7,9.2,62.0,medium
STU-00534,54.0,79.1,85.5,5.7,69.8,low
STU-00535,84.7,75.3,40.8,5.6,41.6,medium
STU-00536,91.6,70.9,86.0,5.7,82.1,low
STU-00537,64.5,41.0,47.8,2.1,51.2,high
STU-00538,88.5,89.4,90.4,6.4,94.0,low
STU-00539,73.9,36.5,60.0,6.0,44.2,medium
STU-00540,49.8,58.8,55.7,5.2,44.2,high
STU-00541,73.1,31.9,66.7,5.6,42.7,medium
STU-00542,96.7,44.8,89.2,6.5,34.9,low
STU-00543,74.9,86.7,86.1,9.3,62.1,low
STU-00544,11.2,26.4,11.0,1.0,47.6,high
STU-00545,91.9,46.0,62.5,8.2,66.8,low
STU-00546,73.4,38.4,58.0,4.0,59.5,medium
STU-00547,82.2,53.0,58.4,7.5,70.9,medium
STU-00548,26.6,57.7,11.6,1.3,52.7,high
STU-00549,74.8,57.4,70.2,5.0,47.0,medium
STU-00550,55.7,92.7,32.1,4.5,75.2,medium
STU-00551,69.0,83.3,79.7,5.1,63.4,low
STU-00552,71.6,71.7,68.7,5.9,64.2,medium
STU-00553,78.6,37.9,66.9,7.5,90.5,high
STU-00554,100.0,100.0,100.0,10.0,84.9,low
STU-00555,97.6,60.1,80.5,5.5,67.0,low
STU-00556,85.3,91.7,85.4,10.0,84.4,low
STU-00557,46.5,39.4,52.2,5.3,52.0,high
STU-00558,85.5,35.4,67.5,6.4,36.7,high
STU-00559,82.1,47.6,41.0,5.0,44.4,high
STU-00560,64.4,23.0,43.8,3.9,70.5,high
STU-00561,57.0,59.0,82.0,7.1,77.0,medium
STU-00562,98.3,65.7,78.3,4.7,67.9,low
STU-00563,100.0,100.0,86.1,9.3,91.2,low
STU-00564,67.7,37.9,44.9,5.3,61.4,high
STU-00565,59.7,97.7,86.9,5.4,40.4,low
STU-00566,58.5,59.0,74.1,8.8,74.0,medium
STU-00567,40.9,53.3,26.1,2.8,79.0,high
STU-00568,57.0,59.9,73.5,1.8,52.9,medium
STU-00569,80.1,77.9,62.5,5.5,94.8,low
STU-00570,64.8,66.3,73.1,5.9,48.0,medium
STU-00571,72.9,51.9,65.6,8.0,26.0,medium
STU-00572,67.2,72.0,97.8,6.3,80.7,low
STU-00573,75.2,68.4,75.9,9.2,81.6,low
STU-00574,38.0,28.8,37.8,0.0,44.3,high
STU-00575,71.4,63.1,38.1,5.1,78.1,medium
STU-00576,51.3,38.6,48.8,7.3,36.1,medium
STU-00577,100.0,97.9,96.4,10.0,79.6,low
STU-00578,70.8,85.4,74.5,3.8,88.6,low
STU-00579,81.2,44.1,64.5,5.7,60.0,medium
STU-00580,67.2,63.2,93.8,7.9,80.6,low
STU-00581,64.9,30.7,26.9,2.9,28.1,high
STU-00582,79.9,20.9,75.5,9.1,47.9,high
STU-00583,91.2,85.1,79.0,8.1,90.8,low
STU-00584,64.9,47.9,65.7,5.7,41.3,medium
STU-00585,67.5,100.0,72.2,8.3,80.7,low
STU-00586,100.0,100.0,100.0,10.0,100.0,low
STU-00587,73.4,33.3,60.5,2.4,47.1,medium
STU-00588,100.0,62.8,78.3,8.0,62.8,low
STU-00589,86.3,96.7,81.0,6.7,86.6,low
STU-00590,89.1,100.0,100.0,10.0,100.0,low
STU-00591,47.8,53.1,46.3,4.5,35.4,high
STU-00592,89.2,91.3,58.8,4.6,59.9,low
STU-00593,100.0,93.0,100.0,8.4,91.3,low
STU-00594,49.9,28.4,10.3,4.0,22.6,high
STU-00595,83.7,28.8,28.8,4.3,52.5,high
STU-00596,29.6,23.7,11.8,0.2,46.4,high
STU-00597,68.9,55.5,55.0,4.9,60.9,medium
STU-00598,43.5,66.3,51.0,6.9,56.0,high
STU-00599,72.5,64.3,47.0,9.3,63.7,medium
STU-00600,100.0,48.4,93.5,10.0,57.5,low
STU-00601,87.8,69.5,97.6,10.0,95.4,low
STU-00602,57.6,65.8,47.3,3.0,29.3,medium
STU-00603,100.0,93.6,80.1,8.5,100.0,low
STU-00604,72.6,38.9,69.6,5.7,77.7,low
STU-00605,69.4,52.4,63.7,7.3,66.4,medium
STU-00606,96.3,96.5,58.1,6.3,91.0,low
STU-00607,82.7,93.4,70.7,5.7,73.7,low
STU-00608,63.5,54.0,64.1,3.0,55.1,medium
STU-00609,26.8,18.5,30.6,4.0,34.0,high
STU-00610,84.4,61.7,73.1,5.9,78.4,low
STU-00611,74.5,35.8,54.6,7.8,40.8,high
STU-00612,46.6,53.3,74.1,6.1,72.9,high
STU-00613,41.4,11.5,36.7,4.9,56.6,high
STU-00614,80.1,65.1,70.6,5.8,83.3,medium
STU-00615,77.6,61.4,69.4,6.2,57.1,low
STU-00616,77.8,34.5,28.5,5.1,12.4,high
STU-00617,100.0,92.9,100.0,7.9,64.6,low
STU-00618,63.4,85.5,47.8,5.8,64.2,medium
STU-00619,69.8,80.2,45.1,7.4,64.5,low
STU-00620,77.5,86.3,55.4,5.7,68.0,low
STU-00621,88.3,73.1,49.5,7.9,62.1,low
STU-00622,66.8,56.0,25.2,5.2,70.9,high
STU-00623,97.2,77.4,84.8,10.0,78.1,low
STU-00624,58.4,23.7,27.6,5.1,38.6,high
STU-00625,100.0,87.4,100.0,10.0,61.8,low
STU-00626,75.3,70.3,61.7,5.9,67.0,low
STU-00627,79.3,43.2,72.6,8.7,52.7,high
STU-00628,100.0,95.2,100.0,9.8,100.0,low
STU-00629,57.7,47.4,29.3,6.5,54.9,high
STU-00630,51.9,18.2,31.2,2.0,27.5,high
STU-00631,100.0,100.0,98.4,8.7,100.0,low
STU-00632,100.0,100.0,100.0,10.0,100.0,low
STU-00633,57.7,76.2,24.5,2.7,60.2,high
STU-00634,86.9,33.9,67.1,6.6,36.2,high
STU-00635,82.1,48.5,56.0,4.8,51.6,medium
STU-00636,61.7,58.8,39.3,6.7,46.4,high
STU-00637,73.4,73.8,80.4,5.0,51.1,low
STU-00638,52.7,21.7,41.9,7.1,72.8,high
STU-00639,40.1,63.4,55.7,2.4,52.7,high
STU-00640,61.2,67.3,75.2,4.0,79.3,medium
STU-00641,82.6,47.0,25.4,6.9,36.8,high
STU-00642,57.1,76.8,51.4,3.7,56.0,medium
STU-00643,86.9,100.0,100.0,10.0,100.0,low
STU-00644,44.5,72.2,69.9,3.9,60.1,high
STU-00645,49.8,43.6,56.7,5.1,50.6,high
STU-00646,72.7,70.0,82.2,5.3,75.2,low
STU-00647,86.7,97.3,90.5,5.2,73.2,low
STU-00648,56.6,34.8,54.9,7.8,40.6,high
STU-00649,55.2,55.6,70.0,3.7,63.8,medium
STU-00650,94.3,55.9,80.8,4.7,58.2,low
STU-00651,100.0,100.0,79.3,6.6,77.2,low
STU-00652,67.8,51.2,26.3,0.7,67.7,high
STU-00653,94.7,74.9,73.8,6.5,93.1,low
STU-00654,96.4,62.1,43.6,5.4,60.8,medium
STU-00655,100.0,65.4,68.9,9.2,78.8,low
STU-00656,66.5,73.9,67.7,6.5,82.7,low
STU-00657,67.3,27.6,58.5,4.8,56.5,high
STU-00658,80.2,60.9,61.9,3.6,80.8,low
STU-00659,52.3,77.3,70.3,8.7,67.9,low
STU-00660,54.3,28.6,63.1,4.1,48.3,high
STU-00661,73.9,50.2,51.7,8.8,68.6,medium
STU-00662,72.8,49.6,56.8,5.5,76.3,medium
STU-00663,39.5,46.7,26.2,3.5,73.4,high
STU-00664,76.3,64.4,92.4,7.9,75.2,low
STU-00665,59.8,39.5,85.7,7.8,58.6,medium
STU-00666,82.6,36.5,81.4,6.7,73.2,medium
STU-00667,69.0,17.3,42.4,5.0,13.0,high
STU-00668,59.3,78.3,49.7,6.6,78.1,medium
STU-00669,73.8,65.0,54.4,4.7,22.8,medium
STU-00670,61.1,46.6,48.1,5.2,42.3,high
STU-00671,61.3,64.5,64.5,6.6,60.2,medium
STU-00672,100.0,82.1,100.0,9.9,78.4,low
STU-00673,78.6,55.6,79.1,4.8,42.6,medium
STU-00674,68.6,39.0,71.5,5.8,53.9,medium
STU-00675,49.0,67.2,69.5,6.2,73.7,high
STU-00676,71.3,66.4,62.9,4.9,85.7,medium
STU-00677,84.2,100.0,100.0,10.0,99.7,low
STU-00678,53.5,28.6,52.4,2.4,48.0,high
STU-00679,57.7,53.8,48.1,3.1,59.4,high
STU-00680,51.1,39.4,64.8,5.6,82.4,high
STU-00681,99.5,87.4,100.0,9.6,98.4,low
STU-00682,71.8,78.3,46.0,8.0,88.2,low
STU-00683,86.8,100.0,63.1,8.6,79.9,low
STU-00684,71.6,48.8,59.6,6.9,39.6,medium
STU-00685,81.4,68.0,88.9,7.7,83.0,low
STU-00686,52.9,19.1,40.2,2.5,31.5,high
STU-00687,78.7,72.1,70.8,7.2,81.4,low
STU-00688,63.6,92.3,92.7,7.3,79.3,low
STU-00689,91.7,44.1,99.2,7.7,63.3,medium
STU-00690,68.8,67.1,37.3,4.5,31.9,medium
STU-00691,81.2,77.2,60.7,6.2,81.2,medium
STU-00692,66.7,46.1,61.8,5.8,78.4,medium
STU-00693,38.5,52.4,60.8,7.6,88.8,high
STU-00694,59.3,3.2,35.4,2.5,8.1,high
STU-00695,35.7,31.9,51.1,5.4,54.5,high
STU-00696,77.1,33.9,54.8,6.5,50.9,medium
STU-00697,74.4,0.0,19.1,2.7,24.1,high
STU-00698,64.0,40.8,29.6,5.6,69.5,high
STU-00699,42.6,42.7,44.5,2.1,35.3,high
STU-00700,70.0,47.5,66.2,3.5,68.8,medium
STU-00701,95.3,98.5,93.5,8.1,65.2,low
STU-00702,100.0,60.6,75.1,10.0,65.5,low
STU-00703,55.4,53.3,50.9,7.0,60.2,medium
STU-00704,63.7,53.9,46.0,6.1,63.4,medium
STU-00705,60.9,80.2,47.7,6.6,85.6,medium
STU-00706,100.0,61.1,76.0,8.7,47.0,low
STU-00707,91.5,83.2,83.2,10.0,54.7,low
STU-00708,82.4,83.2,75.0,6.7,73.0,low
STU-00709,100.0,84.3,100.0,10.0,67.4,low
STU-00710,74.4,49.6,59.8,4.3,83.6,medium
STU-00711,65.4,46.4,37.2,3.7,72.7,high
STU-00712,81.9,59.7,64.5,1.4,81.1,medium
STU-00713,67.2,32.1,32.1,5.4,14.4,high
STU-00714,100.0,82.5,100.0,10.0,72.2,low
STU-00715,68.5,61.3,49.8,8.1,71.2,medium
STU-00716,49.0,39.2,41.4,4.4,39.1,high
STU-00717,81.0,46.3,31.4,2.8,32.6,high
STU-00718,86.1,92.2,89.5,7.6,93.8,low
STU-00719,91.0,48.5,84.9,7.0,77.2,low
STU-00720,41.6,44.6,56.0,2.1,54.0,high
STU-00721,45.0,55.4,63.1,2.4,34.7,high
STU-00722,57.3,92.9,71.6,3.2,62.9,low
STU-00723,94.5,34.6,61.3,6.6,42.2,high
STU-00724,83.3,40.5,50.1,5.9,17.5,medium
STU-00725,85.4,63.0,60.4,6.1,71.9,low
STU-00726,100.0,100.0,100.0,8.3,99.5,low
STU-00727,100.0,62.4,100.0,9.4,70.2,low
STU-00728,64.0,52.1,65.4,7.8,70.2,medium
STU-00729,56.1,69.1,57.9,7.4,62.4,medium
STU-00730,61.3,15.2,46.7,4.1,27.8,high
STU-00731,71.9,67.4,80.7,9.3,45.7,low
STU-00732,53.1,65.5,48.3,4.6,45.6,medium
STU-00733,46.0,37.2,53.7,4.0,70.2,high
STU-00734,62.5,31.7,22.6,4.8,74.2,high
STU-00735,72.0,60.2,95.9,7.6,90.7,low
STU-00736,42.3,79.6,26.4,1.9,54.0,high
STU-00737,92.2,100.0,100.0,10.0,90.9,low
STU-00738,62.6,62.4,57.6,6.3,78.8,medium
STU-00739,100.0,56.9,64.7,9.6,50.7,low
STU-00740,51.8,24.9,41.1,5.3,1.6,high
STU-00741,54.7,65.6,54.5,7.2,69.1,medium
STU-00742,100.0,72.9,68.4,7.3,100.0,low
STU-00743,83.9,89.1,72.2,7.4,79.9,low
STU-00744,53.7,0.0,25.0,2.6,35.9,high
STU-00745,70.5,66.1,78.6,7.4,79.1,low
STU-00746,49.5,64.4,47.4,5.9,86.8,high
STU-00747,73.6,100.0,100.0,9.2,88.2,low
STU-00748,80.5,86.0,85.0,7.2,56.4,low
STU-00749,80.3,40.8,52.7,5.2,72.0,high
STU-00750,55.6,22.3,22.6,3.2,65.7,high
STU-00751,88.5,37.9,49.1,5.6,56.8,high
STU-00752,86.9,67.0,77.1,7.8,79.2,low
STU-00753,58.8,54.0,40.4,6.0,49.7,high
STU-00754,76.6,92.1,84.1,7.9,78.2,low
STU-00755,65.6,85.3,59.3,7.4,89.5,low
STU-00756,63.6,100.0,79.7,6.1,72.7,low
STU-00757,93.1,71.8,78.3,8.3,63.1,low
STU-00758,64.3,89.1,53.1,3.3,78.2,medium
STU-00759,71.9,49.9,81.3,9.5,70.5,medium
STU-00760,88.0,80.0,63.0,9.2,55.3,low
STU-00761,59.9,92.0,88.7,4.9,80.3,low
STU-00762,61.5,52.1,46.3,6.4,91.7,medium
STU-00763,84.2,59.9,81.3,5.9,59.8,low
STU-00764,82.4,72.4,75.8,6.4,84.6,low
STU-00765,61.6,47.2,56.4,6.5,75.6,medium
STU-00766,91.7,23.4,57.2,5.3,30.9,medium
STU-00767,74.0,62.7,78.9,7.7,57.7,low
STU-00768,77.8,79.4,78.3,9.1,74.7,low
STU-00769,75.2,33.3,71.8,7.9,45.5,high
STU-00770,30.4,72.7,25.0,3.8,75.8,high
STU-00771,88.1,100.0,100.0,8.5,100.0,low
STU-00772,83.2,62.1,77.1,7.4,100.0,low
STU-00773,97.9,87.9,100.0,8.8,95.3,low
STU-00774,100.0,100.0,100.0,10.0,95.6,low
STU-00775,50.6,66.0,53.0,7.8,18.7,medium
STU-00776,94.1,66.4,74.3,7.6,68.7,low
STU-00777,37.3,24.7,48.1,2.2,31.5,high
STU-00778,89.8,92.4,56.1,5.9,68.7,low
STU-00779,76.7,58.5,72.6,8.7,64.8,low
STU-00780,100.0,33.8,61.6,7.3,45.6,medium
STU-00781,75.1,70.5,63.4,8.8,82.7,low
STU-00782,95.8,52.8,60.1,5.3,61.1,medium
STU-00783,100.0,100.0,100.0,10.0,100.0,low
STU-00784,49.5,73.5,80.1,7.2,83.7,high
STU-00785,48.5,67.9,39.7,5.7,43.4,high
STU-00786,66.8,63.4,48.6,3.3,57.5,medium
STU-00787,100.0,71.2,84.7,8.9,55.3,low
STU-00788,83.8,75.3,39.5,7.5,69.5,low
STU-00789,78.7,36.7,42.2,5.8,51.5,high
STU-00790,53.3,52.5,68.5,6.1,86.8,high
STU-00791,70.7,54.4,65.8,3.7,29.6,high
STU-00792,55.1,38.4,28.0,3.8,53.7,high
STU-00793,73.1,67.5,93.8,6.5,52.7,low
STU-00794,74.6,48.8,53.6,3.8,57.8,high
STU-00795,68.9,35.1,44.4,4.2,10.7,high
STU-00796,93.5,54.3,68.1,7.4,65.6,low
STU-00797,64.4,78.9,68.0,7.1,82.3,low
STU-00798,48.7,65.5,47.8,5.6,70.5,medium
STU-00799,45.6,60.1,56.8,5.0,45.3,high
STU-00800,100.0,85.2,100.0,10.0,73.8,low
STU-00801,82.2,59.6,59.1,5.4,60.5,medium
STU-00802,100.0,64.9,74.7,6.0,42.5,medium
STU-00803,51.2,70.7,72.6,6.9,66.8,medium
STU-00804,80.1,100.0,65.3,5.3,85.2,low
STU-00805,69.4,82.6,62.1,5.7,74.1,low
STU-00806,72.6,63.9,48.5,4.8,61.9,medium
STU-00807,75.6,54.6,81.6,3.0,58.9,medium
STU-00808,86.7,60.2,90.4,8.1,75.3,low
STU-00809,76.6,79.0,70.9,9.7,70.7,low
STU-00810,78.0,78.9,69.4,4.6,44.0,medium
STU-00811,58.6,43.6,52.0,5.1,77.8,medium
STU-00812,53.1,77.5,68.3,5.3,54.1,high
STU-00813,42.4,63.3,46.7,5.0,63.2,high
STU-00814,51.3,42.6,37.2,6.8,40.6,high
STU-00815,82.0,53.1,56.9,6.4,58.9,high
STU-00816,100.0,89.7,70.1,6.5,46.5,low
STU-00817,49.3,65.2,70.5,7.8,45.2,high
STU-00818,54.0,46.2,67.6,4.8,73.5,high
STU-00819,66.2,47.6,59.4,4.8,68.3,medium
STU-00820,67.8,17.2,22.4,3.5,31.3,high
STU-00821,36.7,32.6,28.3,5.0,47.0,high
STU-00822,84.6,90.0,100.0,6.9,96.5,low
STU-00823,75.4,33.8,72.5,5.4,55.5,medium
STU-00824,72.0,8.9,38.4,2.8,32.8,high
STU-00825,68.5,52.3,70.9,4.7,21.1,medium
STU-00826,88.2,93.5,69.6,8.5,60.2,low
STU-00827,45.6,71.6,49.5,0.0,81.5,high
STU-00828,62.4,34.6,48.8,5.7,56.6,high
STU-00829,100.0,100.0,100.0,9.8,86.7,low
STU-00830,53.0,21.6,53.0,3.6,26.6,high
STU-00831,21.9,57.3,15.2,1.3,64.8,high
STU-00832,87.9,100.0,99.8,8.2,80.3,low
STU-00833,64.9,47.6,30.1,2.3,10.9,high
STU-00834,73.5,36.5,67.4,2.7,58.2,medium
STU-00835,60.1,36.4,38.0,2.6,49.3,high
STU-00836,52.1,42.4,66.3,3.6,27.4,high
STU-00837,75.1,35.2,45.1,5.0,60.6,high
STU-00838,87.0,100.0,66.5,5.6,92.2,low
STU-00839,72.9,100.0,69.0,6.6,100.0,low
STU-00840,69.0,56.0,55.8,4.1,44.2,medium
STU-00841,47.2,93.1,76.6,6.8,94.4,medium
STU-00842,63.4,68.4,89.3,7.7,75.2,low
STU-00843,81.9,98.4,96.4,7.5,100.0,low
STU-00844,53.5,65.0,48.2,3.4,66.5,high
STU-00845,94.3,49.6,92.1,9.0,85.8,low
STU-00846,66.8,76.0,78.4,6.3,71.9,medium
STU-00847,99.3,100.0,100.0,9.2,100.0,low
STU-00848,100.0,75.5,100.0,5.1,99.0,low
STU-00849,72.3,46.8,72.8,5.4,38.8,medium
STU-00850,98.0,100.0,98.8,7.9,100.0,low
STU-00851,63.3,36.6,51.2,7.0,68.0,medium
STU-00852,83.6,61.1,79.7,7.1,58.0,medium
STU-00853,80.4,100.0,93.7,6.1,59.5,low
STU-00854,100.0,50.8,58.2,8.0,67.1,medium
STU-00855,90.4,65.9,91.8,4.9,63.2,low
STU-00856,100.0,74.8,79.2,8.3,50.9,low
STU-00857,79.1,81.6,77.8,4.8,66.6,low
STU-00858,56.7,67.0,71.2,4.7,81.3,medium
STU-00859,57.4,11.5,26.3,2.8,30.7,high
STU-00860,89.5,81.9,79.2,8.8,72.3,low
STU-00861,76.4,38.8,27.8,3.8,25.1,high
STU-00862,19.6,38.4,44.3,1.8,34.3,high
STU-00863,69.1,58.9,35.9,2.1,73.9,medium
STU-00864,54.2,32.3,43.7,5.6,59.1,high
STU-00865,100.0,81.9,91.0,6.1,59.1,low
STU-00866,45.4,70.1,65.9,6.8,84.7,high
STU-00867,91.0,66.6,84.2,9.1,69.5,low
STU-00868,85.9,66.8,64.5,6.4,78.5,medium
STU-00869,54.2,79.0,54.5,5.2,59.9,low
STU-00870,14.6,51.2,19.9,5.6,35.4,high
STU-00871,77.5,63.4,87.2,7.5,82.4,low
STU-00872,94.7,53.8,67.2,7.2,53.2,low
STU-00873,100.0,75.0,100.0,9.6,77.5,low
STU-00874,74.5,78.6,67.7,8.6,54.7,low
STU-00875,44.3,5.3,41.9,3.4,36.0,high
STU-00876,56.2,32.3,41.7,3.3,41.3,high
STU-00877,71.6,53.8,65.6,2.7,51.9,medium
STU-00878,81.6,45.6,83.1,10.0,76.2,low
STU-00879,100.0,96.0,73.7,10.0,85.8,low
STU-00880,68.5,17.8,66.2,9.2,70.3,high
STU-00881,68.8,64.5,60.1,6.3,67.1,medium
STU-00882,100.0,96.7,99.3,9.7,85.9,low
STU-00883,61.9,3.9,22.0,2.6,33.8,high
STU-00884,70.7,49.5,49.0,6.8,56.4,medium
STU-00885,60.5,38.6,21.8,8.4,64.6,high
STU-00886,38.1,58.8,52.6,6.4,67.0,high
STU-00887,66.4,100.0,73.0,9.4,76.0,low
STU-00888,70.8,52.5,40.0,4.8,60.9,high
STU-00889,86.1,25.4,53.7,5.8,20.3,high
STU-00890,95.1,46.3,76.4,8.7,63.7,low
STU-00891,69.5,74.8,70.9,6.9,67.1,medium
STU-00892,68.9,57.5,69.0,4.9,61.2,medium
STU-00893,49.0,39.5,56.1,4.7,49.9,high
STU-00894,81.6,57.9,66.1,6.6,63.1,medium
STU-00895,72.3,37.3,58.6,5.7,34.6,medium
STU-00896,71.5,75.8,100.0,7.1,71.3,low
STU-00897,80.1,77.6,70.6,6.7,65.8,low
STU-00898,41.0,42.9,53.0,5.7,39.1,high
STU-00899,73.7,52.4,82.9,7.4,100.0,low
STU-00900,59.9,40.9,45.4,3.9,33.0,high
STU-00901,84.3,63.0,54.8,3.2,57.6,medium
STU-00902,63.5,70.2,66.6,3.9,68.8,low
STU-00903,93.1,64.1,77.9,8.1,71.4,low
STU-00904,48.7,98.7,55.7,3.2,99.3,high
STU-00905,65.1,52.6,89.2,8.9,59.6,low
STU-00906,81.6,85.9,69.2,8.0,87.1,low
STU-00907,82.4,77.9,65.4,7.2,56.9,low
STU-00908,78.3,18.8,50.1,7.2,63.8,high
STU-00909,63.7,57.2,46.1,6.8,83.9,medium
STU-00910,46.8,48.5,37.4,3.7,35.5,high
STU-00911,48.9,11.5,29.7,2.2,45.9,high
STU-00912,56.8,70.1,88.9,6.5,88.1,low
STU-00913,61.3,58.7,89.0,9.0,86.9,low
STU-00914,58.9,22.3,39.5,1.3,44.5,high
STU-00915,77.1,71.7,64.3,7.0,68.4,low
STU-00916,55.2,63.3,36.8,2.9,62.9,high
STU-00917,47.2,76.9,73.2,5.9,96.8,high
STU-00918,95.6,98.4,81.6,8.9,59.6,low
STU-00919,100.0,88.3,100.0,6.0,88.3,low
STU-00920,48.0,16.7,9.5,4.6,25.7,high
STU-00921,60.5,34.7,53.0,4.8,46.8,high
STU-00922,27.4,27.3,8.5,0.0,29.3,high
STU-00923,63.5,86.9,49.0,5.6,72.9,medium
STU-00924,80.1,52.3,49.8,8.8,67.7,medium
STU-00925,50.3,48.2,54.7,5.0,72.5,high
STU-00926,82.3,79.3,84.0,4.1,81.9,low
STU-00927,13.3,58.9,38.2,3.2,28.5,high
STU-00928,59.6,71.4,52.8,2.1,65.5,medium
STU-00929,84.0,63.1,96.9,7.6,66.7,low
STU-00930,81.7,61.9,49.6,6.5,62.6,medium
STU-00931,46.3,40.5,43.6,1.7,32.5,high
STU-00932,82.0,63.0,94.5,5.4,79.9,low
STU-00933,80.4,99.0,93.3,7.4,44.8,low
STU-00934,58.4,84.7,48.9,5.5,94.3,medium
STU-00935,39.3,71.6,40.8,2.5,68.2,high
STU-00936,70.8,63.3,57.1,5.3,81.1,medium
STU-00937,100.0,15.5,55.2,8.5,48.2,medium
STU-00938,64.6,100.0,99.8,7.5,36.6,low
STU-00939,100.0,90.9,100.0,7.1,63.2,low
STU-00940,59.8,78.1,33.3,4.8,59.9,medium
STU-00941,92.4,57.2,59.5,7.0,92.3,medium
STU-00942,80.0,58.7,72.6,7.3,89.9,low
STU-00943,73.2,74.3,67.1,6.4,69.7,medium
STU-00944,87.1,56.0,81.3,5.8,74.8,low
STU-00945,66.3,60.2,49.5,3.2,67.7,medium
STU-00946,34.0,47.8,11.7,0.0,54.8,high
STU-00947,100.0,85.6,77.2,6.1,79.7,low
STU-00948,63.4,17.5,31.0,4.9,1.3,high
STU-00949,46.6,83.4,57.5,1.4,82.0,high
STU-00950,53.1,7.4,33.2,3.6,14.9,high
STU-00951,62.1,2.7,29.5,5.1,28.2,high
STU-00952,57.4,66.7,79.9,5.4,74.3,medium
STU-00953,58.7,93.4,74.0,5.1,84.2,low
STU-00954,62.6,43.0,60.1,6.9,53.7,medium
STU-00955,62.5,70.9,42.1,5.0,55.0,medium
STU-00956,53.4,94.2,88.9,6.9,100.0,medium
STU-00957,71.1,58.6,98.1,8.7,54.4,low
STU-00958,67.2,87.8,70.5,8.2,87.2,low
STU-00959,62.9,67.5,79.3,3.0,58.1,medium
STU-00960,78.7,94.7,100.0,8.1,85.9,low
STU-00961,73.1,65.7,83.9,8.8,100.0,low
STU-00962,63.7,64.3,54.5,6.4,66.9,medium
STU-00963,76.0,19.8,54.1,7.4,39.5,high
STU-00964,53.7,44.9,63.8,2.3,78.7,high
STU-00965,84.0,42.0,79.7,6.5,50.4,medium
STU-00966,30.9,41.3,45.4,4.6,33.4,high
STU-00967,70.0,56.6,100.0,8.2,56.0,medium
STU-00968,83.1,71.2,52.2,7.8,69.7,high
STU-00969,85.4,76.4,82.1,6.0,79.6,low
STU-00970,59.8,42.9,44.8,2.1,78.9,high
STU-00971,50.5,35.5,58.3,3.8,70.4,high
STU-00972,48.1,58.1,23.1,4.4,45.3,high
STU-00973,69.0,74.6,81.2,6.0,64.3,low
STU-00974,42.4,69.7,28.9,2.2,56.4,high
STU-00975,44.3,42.9,20.9,1.6,59.3,high
STU-00976,90.3,60.4,66.7,6.2,65.3,medium
STU-00977,81.7,95.2,81.8,7.8,63.9,low
STU-00978,81.1,63.5,54.2,6.9,63.5,medium
STU-00979,71.6,43.9,47.9,5.8,37.0,high
STU-00980,44.5,41.9,70.3,7.0,50.1,high
STU-00981,77.9,67.5,71.2,6.2,62.7,medium
STU-00982,68.8,11.0,34.7,2.6,36.0,high
STU-00983,100.0,85.2,90.3,10.0,47.6,low
STU-00984,68.0,98.6,60.4,8.4,78.7,low
STU-00985,77.8,83.8,71.0,7.2,72.4,low
STU-00986,35.3,55.8,40.5,4.2,64.9,high
STU-00987,59.3,42.9,71.4,3.5,41.2,medium
STU-00988,58.8,76.3,74.3,7.7,68.2,low
STU-00989,71.0,58.8,49.8,6.2,43.7,medium
STU-00990,48.9,33.2,62.1,5.4,46.5,high
STU-00991,83.2,100.0,65.3,5.8,70.5,low
STU-00992,100.0,86.3,97.2,8.6,100.0,low
STU-00993,84.1,92.3,95.2,7.8,80.6,low
STU-00994,88.2,100.0,100.0,10.0,84.6,low
STU-00995,78.3,61.8,87.6,8.6,66.7,low
STU-00996,100.0,80.1,51.0,7.8,56.3,low
STU-00997,61.6,74.6,76.7,3.0,68.3,medium
STU-00998,69.8,65.4,57.3,7.9,66.2,low
STU-00999,62.9,66.3,49.3,7.8,68.1,medium
STU-01000,96.6,86.2,61.7,8.0,85.3,low
STU-01001,84.5,70.3,70.0,6.9,58.0,medium
STU-01002,61.1,39.3,79.8,5.4,39.6,medium
STU-01003,83.2,41.9,86.8,8.8,56.5,medium
STU-01004,63.8,84.9,86.4,6.5,74.7,medium
STU-01005,100.0,85.7,77.8,7.2,65.6,low
STU-01006,88.4,83.0,86.7,10.0,60.9,low
STU-01007,68.9,86.1,63.7,5.7,100.0,low
STU-01008,78.1,45.5,43.0,5.2,49.3,high
STU-01009,100.0,49.2,83.9,7.2,63.3,medium
STU-01010,74.8,60.2,39.2,5.1,57.4,medium
STU-01011,55.6,16.8,43.0,7.3,57.5,high
STU-01012,80.5,94.9,88.4,9.1,97.0,low
STU-01013,49.2,62.6,56.6,3.6,73.5,high
STU-01014,70.6,29.4,53.4,3.7,27.7,high
STU-01015,52.6,27.4,17.0,4.5,38.1,high
STU-01016,56.3,28.1,23.6,2.9,59.7,high
STU-01017,61.9,65.9,68.8,5.7,52.4,medium
STU-01018,71.1,52.8,43.6,4.6,72.0,high
STU-01019,58.1,44.3,64.7,4.9,60.5,medium
STU-01020,66.5,88.5,71.8,5.6,64.9,medium
STU-01021,47.8,100.0,56.9,6.3,44.0,high
STU-01022,89.4,90.9,93.9,9.7,79.7,low
STU-01023,63.9,63.7,73.2,5.0,86.9,low
STU-01024,100.0,91.7,100.0,8.1,90.7,low
STU-01025,50.4,18.0,27.4,4.7,35.9,high
STU-01026,37.6,40.6,36.9,2.8,56.7,high
STU-01027,41.0,30.3,35.0,3.2,37.2,high
STU-01028,87.2,87.9,100.0,8.7,87.3,low
STU-01029,68.3,44.3,43.2,2.6,25.4,high
STU-01030,36.6,77.0,77.9,4.0,70.8,high
STU-01031,96.5,100.0,82.9,9.6,80.2,low
STU-01032,56.0,59.4,70.9,5.5,68.6,medium
STU-01033,71.5,57.3,100.0,5.3,55.1,low
STU-01034,100.0,90.0,65.2,9.3,83.2,low
STU-01035,47.3,66.8,70.3,3.8,62.3,high
STU-01036,100.0,89.1,97.8,10.0,52.0,low
STU-01037,54.9,71.5,57.8,3.1,43.9,medium
STU-01038,47.1,52.9,39.0,4.9,61.8,high
STU-01039,66.8,72.6,39.6,6.0,65.8,medium
STU-01040,100.0,78.6,98.2,10.0,100.0,low
STU-01041,100.0,39.4,86.0,10.0,69.8,low
STU-01042,100.0,100.0,100.0,10.0,63.8,low
STU-01043,86.2,71.7,67.7,6.3,61.8,low
STU-01044,54.1,66.8,76.2,5.9,66.4,medium
STU-01045,36.8,32.0,38.0,1.5,42.9,high
STU-01046,55.3,43.7,36.5,4.2,45.1,high
STU-01047,100.0,67.4,86.4,8.9,49.5,low
STU-01048,48.8,89.7,64.0,7.0,77.0,high
STU-01049,54.4,57.8,67.5,5.1,49.4,medium
STU-01050,76.0,67.7,64.6,9.0,85.7,low
STU-01051,45.1,35.4,37.4,0.8,36.2,high
STU-01052,74.5,50.3,80.0,9.1,53.8,medium
STU-01053,46.8,20.6,55.6,5.2,63.1,high
STU-01054,82.0,100.0,100.0,6.2,100.0,low
STU-01055,42.6,29.3,32.2,6.1,40.1,high
STU-01056,64.7,99.9,63.3,4.6,100.0,low
STU-01057,61.0,59.2,75.8,6.7,54.4,low
STU-01058,75.6,61.9,64.9,7.1,84.5,low
STU-01059,59.7,56.7,68.0,5.3,49.9,medium
STU-01060,88.1,78.5,80.8,7.0,82.5,medium
STU-01061,57.9,56.8,50.3,4.6,31.5,medium
STU-01062,86.8,100.0,97.3,7.0,87.8,low
STU-01063,87.8,47.2,65.7,5.9,69.1,high
STU-01064,75.0,81.1,71.0,6.2,75.3,low
STU-01065,52.4,34.2,40.1,7.2,49.4,high
STU-01066,61.1,81.6,72.4,7.9,66.3,low
STU-01067,80.5,41.3,84.7,7.6,26.8,medium
STU-01068,72.5,60.2,76.4,6.2,75.6,medium
STU-01069,65.8,74.9,73.7,4.3,69.8,medium
STU-01070,62.4,100.0,80.8,7.4,80.3,low
STU-01071,47.6,67.4,52.1,6.5,57.9,high
STU-01072,64.5,34.3,48.9,5.7,51.7,high
STU-01073,48.6,66.5,53.0,4.2,42.4,high
STU-01074,83.8,52.8,72.4,8.1,55.8,medium
STU-01075,60.8,46.7,53.1,1.5,46.5,high
STU-01076,92.6,89.0,91.6,8.3,55.4,low
STU-01077,69.5,80.2,70.7,7.4,73.6,low
STU-01078,74.6,100.0,81.0,10.0,100.0,low
STU-01079,89.5,42.9,73.9,10.0,63.7,medium
STU-01080,69.7,100.0,94.5,5.8,97.4,low
STU-01081,100.0,80.3,92.2,8.6,74.8,low
STU-01082,68.1,41.8,62.0,4.9,76.3,medium
STU-01083,63.6,66.8,75.7,7.0,90.8,low
STU-01084,99.0,73.9,93.8,8.6,52.0,low
STU-01085,49.4,42.7,53.4,1.0,66.1,high
STU-01086,48.8,54.4,39.5,4.3,69.2,high
STU-01087,56.9,46.1,21.7,4.8,44.2,high
STU-01088,67.8,15.3,66.4,5.5,43.1,high
STU-01089,60.3,55.7,43.1,4.9,49.5,medium
STU-01090,85.8,57.6,53.9,8.5,58.8,medium
STU-01091,68.2,55.1,76.4,3.1,50.8,medium
STU-01092,88.5,100.0,80.9,10.0,86.0,low
STU-01093,83.9,75.3,86.6,8.6,95.2,low
STU-01094,60.7,92.0,77.4,3.2,66.8,low
STU-01095,91.6,61.0,77.6,9.6,48.3,low
STU-01096,100.0,100.0,80.7,8.3,58.9,low
STU-01097,90.1,84.4,65.1,4.2,94.9,low
STU-01098,44.2,57.8,44.9,5.1,73.0,high
STU-01099,77.8,76.7,55.1,6.2,49.9,medium
STU-01100,78.6,100.0,78.7,7.9,90.7,low
STU-01101,51.5,88.0,75.1,4.5,94.6,low
STU-01102,39.1,60.9,23.4,2.4,27.7,high
STU-01103,66.4,81.9,66.1,4.8,59.7,low
STU-01104,89.6,61.3,64.3,6.4,100.0,low
STU-01105,64.3,53.3,64.5,3.8,50.5,medium
STU-01106,100.0,80.8,100.0,8.0,100.0,low
STU-01107,66.7,61.7,70.0,7.8,46.7,medium
STU-01108,37.0,48.3,51.2,5.7,61.7,high
STU-01109,44.6,82.6,40.2,5.4,72.5,high
STU-01110,100.0,56.1,58.1,10.0,72.9,low
STU-01111,64.3,93.7,51.1,3.0,63.4,medium
STU-01112,94.5,63.6,69.2,7.5,71.7,low
STU-01113,97.4,34.3,52.2,8.2,42.3,high
STU-01114,42.3,48.6,31.9,2.6,40.7,high
STU-01115,65.4,49.0,76.0,4.5,48.9,medium
STU-01116,78.0,84.3,79.0,9.9,73.0,low
STU-01117,100.0,100.0,98.5,9.9,98.0,low
STU-01118,40.6,15.7,22.3,1.2,45.5,high
STU-01119,40.1,63.1,47.5,6.2,62.0,high
STU-01120,57.9,33.7,57.1,3.3,62.6,high
STU-01121,60.7,48.4,78.8,8.5,53.7,medium
STU-01122,68.3,80.2,73.7,5.6,90.6,low
STU-01123,28.8,37.7,27.5,1.1,21.9,high
STU-01124,96.6,85.7,70.1,5.8,58.1,low
STU-01125,92.9,74.0,71.0,7.1,70.8,medium
STU-01126,67.1,48.0,78.6,2.2,74.1,high
STU-01127,83.4,100.0,83.6,8.1,73.2,low
STU-01128,77.1,77.3,72.6,5.8,63.7,low
STU-01129,72.0,44.6,31.1,2.7,47.8,high
STU-01130,58.3,38.0,36.6,5.3,44.3,high
STU-01131,65.7,15.4,58.9,5.9,42.8,medium
STU-01132,70.0,84.8,76.8,7.7,38.7,low
STU-01133,87.0,68.4,57.3,6.3,62.2,low
STU-01134,92.5,53.9,62.4,4.9,87.1,medium
STU-01135,64.3,75.1,86.4,5.5,90.9,medium
STU-01136,68.1,56.4,73.2,7.6,96.2,medium
STU-01137,36.1,45.0,40.0,2.0,47.3,high
STU-01138,81.2,78.0,95.1,5.9,80.6,low
STU-01139,58.6,61.5,63.0,7.6,65.5,medium
STU-01140,63.6,85.6,66.8,3.9,76.8,low
STU-01141,75.1,85.7,44.3,2.9,76.3,medium
STU-01142,85.3,36.0,51.0,8.8,31.9,high
STU-01143,71.9,49.0,64.0,6.0,45.0,medium
STU-01144,70.1,47.2,45.7,2.3,64.4,high
STU-01145,69.7,56.4,60.3,3.9,33.2,medium
STU-01146,86.6,86.5,73.6,9.0,89.0,low
STU-01147,53.1,62.8,43.9,2.9,56.1,high
STU-01148,99.3,91.4,83.7,7.8,73.2,low
STU-01149,80.9,68.1,75.2,3.4,56.7,medium
STU-01150,100.0,84.7,100.0,10.0,100.0,low
STU-01151,66.7,51.0,51.0,7.6,75.8,medium
STU-01152,100.0,64.0,100.0,10.0,77.6,low
STU-01153,84.3,83.8,64.7,6.9,70.9,low
STU-01154,70.4,41.4,64.0,7.7,55.6,high
STU-01155,84.3,79.7,90.3,5.9,88.1,low
STU-01156,100.0,93.1,66.2,9.0,52.1,low
STU-01157,100.0,70.8,98.9,8.4,54.8,low
STU-01158,86.3,93.8,75.0,9.4,76.6,low
STU-01159,55.0,0.7,41.3,9.5,25.5,high
STU-01160,76.4,68.0,72.7,7.0,69.8,medium
STU-01161,33.5,35.3,28.9,3.5,44.7,high
STU-01162,90.4,47.8,94.9,6.4,74.3,low
STU-01163,68.4,43.4,59.3,5.7,48.4,medium
STU-01164,45.9,62.2,51.4,5.7,34.5,high
STU-01165,82.8,38.7,50.1,9.5,40.9,medium
STU-01166,51.8,28.2,58.8,4.3,44.7,high
STU-01167,77.8,100.0,100.0,7.1,100.0,low
STU-01168,65.0,98.2,91.9,7.9,90.2,low
STU-01169,74.3,57.9,40.5,4.4,54.0,medium
STU-01170,99.8,76.3,83.1,6.2,74.6,low
STU-01171,80.8,54.7,66.5,6.9,45.1,medium
STU-01172,61.8,41.0,41.6,8.7,25.9,high
STU-01173,91.5,52.0,40.4,6.1,55.0,medium
STU-01174,40.2,68.5,21.5,3.2,68.6,high
STU-01175,92.5,71.4,100.0,10.0,85.0,low
STU-01176,57.3,46.1,41.3,6.9,59.0,high
STU-01177,57.7,42.8,59.0,6.1,36.4,high
STU-01178,65.1,49.6,64.8,5.6,74.3,medium
STU-01179,82.7,44.8,70.4,6.0,64.5,medium
STU-01180,66.3,67.8,58.6,5.7,62.6,medium
STU-01181,59.4,50.2,33.2,4.4,19.9,high
STU-01182,70.3,58.9,73.1,8.1,92.8,medium
STU-01183,49.1,31.6,52.4,4.4,27.6,high
STU-01184,92.0,91.4,100.0,5.6,93.3,low
STU-01185,70.9,63.7,54.2,6.9,59.7,medium
STU-01186,67.4,26.8,47.2,4.8,28.5,high
STU-01187,77.1,41.3,79.1,6.6,48.1,medium
STU-01188,72.7,80.2,84.3,6.4,74.8,low
STU-01189,79.4,81.4,96.9,9.1,68.3,low
STU-01190,64.7,75.6,75.5,6.1,67.3,medium
STU-01191,56.7,81.8,43.0,3.7,57.3,medium
STU-01192,80.9,76.7,84.6,8.8,60.1,low
STU-01193,60.3,63.7,54.1,8.0,37.2,medium
STU-01194,98.1,80.5,81.5,8.8,87.2,low
STU-01195,53.6,74.9,89.6,7.5,100.0,medium
STU-01196,53.6,85.2,72.9,6.9,86.8,medium
STU-01197,47.0,33.7,30.1,0.3,46.7,high
STU-01198,50.3,40.1,68.3,1.5,50.9,high
STU-01199,90.1,68.0,81.8,7.9,100.0,low
STU-01200,69.4,28.3,37.9,5.0,58.9,high
STU-01201,50.0,17.9,21.0,3.7,20.0,high
STU-01202,50.3,55.8,31.3,2.9,55.2,high
STU-01203,66.7,100.0,38.9,4.4,80.9,low
STU-01204,72.7,61.3,76.4,7.2,72.8,low
STU-01205,74.4,34.5,46.3,5.7,63.9,high
STU-01206,84.4,57.9,70.1,4.4,58.9,medium
STU-01207,91.5,61.3,81.8,6.2,68.6,low
STU-01208,100.0,74.8,70.1,9.8,42.5,low
STU-01209,57.9,100.0,58.2,3.3,75.6,low
STU-01210,53.4,82.0,56.4,3.4,85.1,high
STU-01211,95.8,93.1,81.4,6.7,96.8,low
STU-01212,66.2,51.6,36.7,6.3,75.5,medium
STU-01213,59.0,88.3,84.6,7.6,64.3,low
STU-01214,61.6,47.9,54.5,8.5,41.9,high
STU-01215,76.7,29.7,59.6,6.3,28.0,high
STU-01216,78.3,44.1,65.8,6.7,73.4,low
STU-01217,93.3,10.1,72.8,7.2,30.4,high
STU-01218,93.0,38.0,37.4,2.7,24.7,high
STU-01219,35.1,51.2,39.0,2.7,61.2,high
STU-01220,77.7,52.2,92.4,6.2,85.7,low
STU-01221,50.0,65.2,36.7,2.3,51.7,medium
STU-01222,98.4,94.8,93.0,9.7,100.0,low
STU-01223,91.8,91.2,69.6,7.0,69.1,low
STU-01224,72.5,76.4,39.7,6.9,82.0,medium
STU-01225,82.7,39.2,66.8,7.3,25.7,medium
STU-01226,65.5,68.8,68.0,3.1,47.5,medium
STU-01227,54.8,49.8,29.5,2.5,64.4,high
STU-01228,89.8,44.6,96.4,5.7,78.2,low
STU-01229,57.9,76.0,24.4,7.2,65.4,medium
STU-01230,64.9,78.1,59.7,6.4,72.4,medium
STU-01231,100.0,76.7,43.2,7.1,60.5,medium
STU-01232,76.5,41.4,70.2,5.9,43.6,medium
STU-01233,88.0,36.0,73.0,9.5,29.4,high
STU-01234,75.1,79.1,72.3,5.4,78.2,low
STU-01235,84.2,62.6,59.7,6.3,76.4,medium
STU-01236,58.4,39.1,29.0,5.8,52.8,high
STU-01237,53.6,74.2,74.0,6.0,52.4,low
STU-01238,43.7,60.5,41.5,2.8,86.4,high
STU-01239,89.7,80.8,89.5,8.7,77.1,low
STU-01240,51.5,61.1,62.6,7.8,100.0,medium
STU-01241,60.4,97.3,70.8,9.7,56.3,low
STU-01242,47.7,30.3,11.5,3.6,36.8,high
STU-01243,86.2,97.1,57.9,6.5,100.0,low
STU-01244,71.1,61.4,42.8,7.0,54.7,medium
STU-01245,55.1,93.9,61.1,6.7,47.2,low
STU-01246,77.1,71.1,85.2,8.6,59.3,low
STU-01247,68.8,53.5,65.1,5.6,63.2,medium
STU-01248,39.0,12.2,52.8,3.0,52.4,high
STU-01249,72.8,52.2,43.6,6.6,57.8,medium
STU-01250,98.7,50.5,69.6,7.4,60.4,medium
STU-01251,83.6,77.2,81.0,10.0,90.2,low
STU-01252,63.4,86.6,92.8,5.0,78.2,low
STU-01253,52.7,64.8,44.9,2.9,59.1,high
STU-01254,73.1,67.0,69.4,5.1,84.7,low
STU-01255,75.9,35.4,66.2,5.1,51.4,medium
STU-01256,45.1,38.5,45.3,1.6,40.3,high
STU-01257,77.4,64.0,81.6,9.9,60.1,low
STU-01258,39.0,74.9,59.9,3.9,65.4,high
STU-01259,100.0,100.0,100.0,8.8,91.9,low
STU-01260,90.3,49.4,80.1,7.5,66.7,low
STU-01261,68.5,65.1,59.1,7.9,79.1,medium
STU-01262,82.5,45.0,82.3,4.7,68.5,medium
STU-01263,59.7,88.1,73.6,4.2,72.9,low
STU-01264,82.4,83.0,48.8,5.5,42.1,low
STU-01265,55.5,40.6,63.1,3.0,69.3,medium
STU-01266,62.8,67.4,44.6,4.8,68.3,medium
STU-01267,66.6,34.4,28.0,3.9,74.9,high
STU-01268,89.5,98.1,86.3,7.1,70.6,low
STU-01269,99.5,52.3,53.7,5.6,63.2,low
STU-01270,69.4,78.7,95.5,10.0,59.8,low
STU-01271,82.1,88.1,96.5,6.1,90.3,low
STU-01272,59.0,94.4,50.2,5.1,95.5,medium
STU-01273,73.3,59.6,72.1,6.3,71.5,medium
STU-01274,100.0,91.3,100.0,10.0,100.0,low
STU-01275,86.8,60.7,95.2,7.6,65.9,low
STU-01276,62.1,84.0,84.4,5.8,48.3,low
STU-01277,55.3,46.6,75.6,5.7,55.9,medium
STU-01278,41.3,82.4,38.9,7.2,49.3,high
STU-01279,87.9,87.9,93.4,7.5,71.7,low
STU-01280,68.9,78.8,68.9,6.7,59.9,low
STU-01281,47.0,66.9,84.9,6.0,87.4,high
STU-01282,32.5,23.4,0.0,2.9,28.8,high
STU-01283,28.0,23.2,7.9,6.3,17.4,high
STU-01284,72.6,65.2,76.6,7.5,70.7,low
STU-01285,65.9,61.4,64.6,6.9,66.4,low
STU-01286,81.9,100.0,81.5,4.4,78.7,low
STU-01287,58.7,35.3,67.9,5.4,53.8,high
STU-01288,100.0,66.2,71.8,7.9,63.1,medium
STU-01289,72.4,100.0,78.8,10.0,98.3,low
STU-01290,100.0,77.9,83.3,7.6,68.8,low
STU-01291,39.6,52.3,28.8,0.7,43.9,high
STU-01292,43.4,39.9,49.4,4.0,26.7,high
STU-01293,71.6,59.6,75.6,2.9,48.6,medium
STU-01294,72.1,33.4,75.3,5.2,53.0,medium
STU-01295,91.8,100.0,100.0,9.9,96.9,low
STU-01296,95.2,78.5,66.3,3.0,85.1,low
STU-01297,28.6,27.6,35.8,3.5,49.8,high
STU-01298,36.4,50.9,34.3,4.5,55.2,high
STU-01299,81.4,30.6,55.0,4.4,53.1,high
STU-01300,75.8,65.9,37.4,3.4,15.1,high
STU-01301,100.0,74.8,100.0,10.0,100.0,low
STU-01302,82.4,37.3,12.2,4.4,25.3,high
STU-01303,100.0,100.0,100.0,10.0,82.6,low
STU-01304,58.6,76.2,81.1,7.9,99.8,low
STU-01305,37.9,45.2,54.6,6.6,57.9,high
STU-01306,65.9,19.7,42.4,5.0,59.2,high
STU-01307,64.9,60.9,81.9,5.2,42.1,low
STU-01308,81.4,70.4,49.7,7.0,97.1,medium
STU-01309,65.2,19.2,61.6,5.3,21.6,high
STU-01310,68.1,59.9,90.2,6.7,64.8,low
STU-01311,63.5,31.4,64.4,3.8,37.7,medium
STU-01312,86.0,63.7,82.2,6.8,69.6,medium
STU-01313,26.7,44.2,48.0,4.4,65.1,high
STU-01314,85.4,72.2,58.0,7.5,77.8,medium
STU-01315,90.4,64.9,76.1,7.0,80.4,low
STU-01316,49.1,83.2,71.5,4.3,63.8,medium
STU-01317,56.7,52.6,42.9,5.5,41.7,medium
STU-01318,79.1,88.3,75.2,7.8,58.5,low
STU-01319,39.3,25.5,29.9,0.9,29.6,high
STU-01320,54.8,98.1,83.4,5.8,81.0,low
STU-01321,86.4,24.1,35.7,3.8,55.4,high
STU-01322,87.5,73.9,78.6,9.1,79.0,low
STU-01323,57.5,73.7,50.9,8.5,84.9,low
STU-01324,83.1,42.2,44.5,5.0,47.7,high
STU-01325,70.6,59.6,77.8,6.6,57.1,medium
STU-01326,66.6,64.3,41.8,4.1,80.6,high
STU-01327,79.0,85.0,71.0,6.2,75.4,low
STU-01328,49.7,13.2,51.2,3.5,42.4,high
STU-01329,70.4,68.9,55.0,4.2,77.0,low
STU-01330,62.3,73.4,71.6,5.0,66.6,medium
STU-01331,66.5,27.1,30.9,4.7,54.2,high
STU-01332,85.9,50.1,64.6,9.5,34.6,medium
STU-01333,92.3,88.1,78.7,7.4,93.2,low
STU-01334,92.1,100.0,100.0,9.0,68.8,low
STU-01335,100.0,90.1,94.2,9.1,83.2,low
STU-01336,46.3,67.9,67.1,6.0,88.8,high
STU-01337,66.1,56.8,55.7,3.7,62.0,high
STU-01338,64.8,45.4,21.5,2.1,58.1,high
STU-01339,86.9,91.4,100.0,8.3,100.0,low
STU-01340,89.4,38.3,33.1,3.6,61.8,high
STU-01341,52.1,47.4,53.6,3.8,58.0,medium
STU-01342,62.4,87.8,75.1,4.9,94.4,low
STU-01343,86.4,88.9,85.6,7.3,70.6,low
STU-01344,52.4,26.5,35.8,1.2,29.2,high
STU-01345,48.8,24.2,13.5,4.0,48.3,high
STU-01346,93.4,92.4,96.5,8.1,79.4,low
STU-01347,94.6,43.3,93.2,10.0,97.0,medium
STU-01348,92.7,48.3,54.5,6.3,63.0,medium
STU-01349,64.1,85.4,66.2,6.1,62.6,low
STU-01350,29.0,41.3,7.9,5.3,31.9,high
STU-01351,78.4,49.3,78.1,8.4,54.5,medium
STU-01352,69.4,56.4,60.3,5.0,77.2,medium
STU-01353,54.2,27.0,17.5,1.8,28.6,high
STU-01354,50.5,67.4,51.4,5.6,71.7,medium
STU-01355,49.8,84.4,60.9,3.6,100.0,high
STU-01356,73.2,73.6,60.2,3.1,60.2,medium
STU-01357,89.8,54.2,64.2,3.8,69.3,medium
STU-01358,51.7,48.5,46.1,2.5,66.5,high
STU-01359,94.5,44.9,46.4,6.3,66.7,high
STU-01360,77.4,47.9,54.3,5.2,66.8,medium
STU-01361,100.0,57.4,100.0,10.0,62.8,low
STU-01362,56.7,75.3,69.6,2.2,97.5,medium
STU-01363,67.4,30.0,58.5,3.8,25.3,high
STU-01364,89.0,30.5,82.5,7.4,73.9,medium
STU-01365,49.4,55.7,33.1,2.6,66.0,high
STU-01366,80.2,85.2,69.8,4.6,66.6,medium
STU-01367,93.9,38.5,58.5,4.4,46.9,medium
STU-01368,89.9,95.4,82.3,7.4,69.0,low
STU-01369,98.6,94.6,82.9,9.6,85.8,low
STU-01370,46.5,34.2,57.3,2.9,100.0,high
STU-01371,60.9,57.3,0.3,5.3,31.9,high
STU-01372,100.0,87.9,100.0,10.0,100.0,low
STU-01373,96.7,81.4,95.9,8.2,69.5,low
STU-01374,76.2,30.7,85.1,7.9,28.2,high
STU-01375,80.5,69.3,81.0,9.9,60.6,low
STU-01376,37.1,57.5,34.9,1.9,70.7,high
STU-01377,92.2,65.8,86.2,9.3,49.5,low
STU-01378,98.8,99.4,91.4,10.0,95.3,low
STU-01379,72.0,75.7,58.4,7.9,72.6,medium
STU-01380,100.0,100.0,100.0,10.0,96.9,low
STU-01381,79.3,85.7,90.9,8.1,75.3,low
STU-01382,10.7,0.0,0.0,0.4,1.4,high
STU-01383,59.4,75.8,54.8,8.8,76.8,low
STU-01384,61.4,63.8,32.1,2.8,38.3,high
STU-01385,97.0,36.2,94.5,8.8,42.1,medium
STU-01386,81.9,54.9,86.2,7.5,83.9,low
STU-01387,92.2,59.6,79.3,4.7,55.7,medium
STU-01388,87.1,56.9,74.0,6.3,47.0,low
STU-01389,88.1,74.1,93.1,5.6,55.4,low
STU-01390,43.1,57.5,28.9,4.8,29.5,high
STU-01391,62.2,64.6,58.2,8.3,56.3,low
STU-01392,72.9,95.3,94.6,7.6,99.7,low
STU-01393,45.3,50.2,40.7,3.8,49.2,high
STU-01394,55.2,53.5,65.2,7.8,51.2,medium
STU-01395,64.2,45.5,38.7,4.9,24.0,high
STU-01396,56.5,88.2,62.4,7.7,94.6,low
STU-01397,35.5,65.5,32.7,1.2,63.0,high
STU-01398,79.6,79.1,45.2,7.5,47.9,low
STU-01399,26.5,50.5,56.9,5.8,57.9,high
STU-01400,51.0,19.1,54.5,1.7,47.6,high
STU-01401,61.5,100.0,41.6,3.5,77.7,medium
STU-01402,56.9,53.3,51.8,2.4,38.0,high
STU-01403,83.6,59.8,69.5,7.9,67.2,medium
STU-01404,65.6,70.7,56.6,7.3,48.7,medium
STU-01405,57.7,47.2,38.3,4.2,46.0,high
STU-01406,54.7,70.5,47.3,8.1,71.3,medium
STU-01407,83.3,55.4,66.2,5.3,51.5,high
STU-01408,84.2,78.5,66.8,6.5,71.6,low
STU-01409,69.9,59.6,55.5,8.2,78.2,medium
STU-01410,93.7,69.3,77.9,8.3,100.0,low
STU-01411,85.0,67.6,31.2,7.0,40.9,low
STU-01412,82.1,93.2,93.2,6.7,88.0,low
STU-01413,33.4,29.0,27.7,4.8,45.3,high
STU-01414,62.0,76.4,74.5,4.4,65.1,low
STU-01415,89.3,63.8,93.2,8.8,84.7,low
STU-01416,32.7,51.1,38.4,2.9,70.8,high
STU-01417,73.1,100.0,100.0,5.2,85.9,low
STU-01418,72.3,100.0,68.0,7.0,78.0,low
STU-01419,90.4,100.0,100.0,10.0,76.0,low
STU-01420,53.1,63.2,54.8,2.9,71.9,medium
STU-01421,70.4,66.8,65.8,5.2,38.3,low
STU-01422,52.5,64.0,40.7,5.2,46.1,medium
STU-01423,100.0,94.4,88.0,10.0,60.6,low
STU-01424,100.0,100.0,87.1,8.5,87.6,low
STU-01425,66.4,73.2,74.6,6.0,96.1,low
STU-01426,92.4,70.3,46.4,8.2,62.2,low
STU-01427,78.5,74.4,79.9,7.3,79.2,low
STU-01428,74.7,60.1,59.2,6.7,82.1,low
STU-01429,100.0,68.4,93.1,10.0,83.7,low
STU-01430,62.0,78.4,70.7,7.5,96.8,low
STU-01431,25.5,43.0,36.9,0.0,59.6,high
STU-01432,90.6,85.5,54.6,5.4,35.5,low
STU-01433,55.6,42.0,15.1,4.5,60.9,high
STU-01434,100.0,42.4,63.5,5.5,46.4,medium
STU-01435,64.0,65.9,65.3,6.3,76.7,medium
STU-01436,64.2,57.2,38.6,4.4,28.8,medium
STU-01437,66.5,62.2,75.6,5.1,59.3,medium
STU-01438,70.7,3.5,20.9,2.2,17.0,high
STU-01439,67.7,30.3,55.8,7.1,37.9,high
STU-01440,87.6,83.1,78.1,9.1,99.8,low
STU-01441,98.3,52.2,93.3,6.8,40.6,low
STU-01442,72.7,70.6,77.6,8.3,100.0,low
STU-01443,75.0,41.1,49.4,3.4,28.3,medium
STU-01444,93.2,92.1,84.4,8.3,99.9,low
STU-01445,100.0,99.7,100.0,8.5,76.7,low
STU-01446,55.4,92.8,94.6,7.4,89.4,low
STU-01447,82.7,100.0,87.0,9.3,100.0,low
STU-01448,100.0,81.3,92.7,8.6,85.8,low
STU-01449,82.6,60.1,73.8,5.2,63.7,medium
STU-01450,80.0,51.6,88.0,6.0,50.0,medium
STU-01451,100.0,74.6,99.7,10.0,58.0,low
STU-01452,83.4,61.6,60.9,6.7,69.9,medium
STU-01453,92.3,56.7,80.0,8.7,68.7,low
STU-01454,60.2,56.4,58.1,6.8,58.2,medium
STU-01455,67.4,73.7,71.4,4.8,76.2,medium
STU-01456,79.7,56.8,50.3,4.5,66.7,medium
STU-01457,82.9,100.0,97.5,7.3,100.0,low
STU-01458,76.3,69.3,55.7,9.1,53.7,low
STU-01459,85.7,97.9,97.5,9.7,100.0,low
STU-01460,75.2,56.7,67.2,0.8,85.9,medium
STU-01461,100.0,98.1,100.0,10.0,71.2,low
STU-01462,67.0,49.6,77.2,6.8,60.9,low
STU-01463,84.0,46.1,84.7,9.0,65.2,low
STU-01464,69.7,61.7,69.9,4.9,83.7,low
STU-01465,67.4,72.0,62.7,6.3,92.3,low
STU-01466,57.4,52.3,80.3,5.1,84.8,medium
STU-01467,79.6,12.5,42.8,3.5,43.3,high
STU-01468,56.6,47.6,63.6,6.3,30.9,medium
STU-01469,52.6,54.7,44.4,5.4,36.6,high
STU-01470,17.9,28.3,24.9,5.4,48.2,high
STU-01471,84.9,60.2,73.0,5.7,56.0,low
STU-01472,69.9,56.7,80.3,5.0,87.5,medium
STU-01473,64.1,64.5,74.5,7.8,74.6,medium
STU-01474,62.6,3.7,31.9,2.5,38.6,high
STU-01475,97.2,69.5,91.9,8.6,80.4,low
STU-01476,52.7,43.1,49.0,5.3,57.7,medium
STU-01477,53.6,67.1,94.5,3.8,95.5,medium
STU-01478,37.7,52.4,56.3,2.0,61.5,high
STU-01479,41.5,32.7,21.5,2.3,80.2,high
STU-01480,74.9,85.0,93.3,7.7,100.0,low
STU-01481,82.5,68.7,66.9,5.2,78.4,medium
STU-01482,100.0,72.2,70.4,7.3,69.5,low
STU-01483,57.8,75.1,66.5,4.4,70.2,low
STU-01484,65.2,51.1,40.7,3.3,63.3,high
STU-01485,87.9,93.7,100.0,8.0,98.2,low
STU-01486,100.0,61.4,57.0,6.9,61.8,low
STU-01487,79.5,53.3,78.7,4.8,82.1,medium
STU-01488,100.0,52.4,76.9,9.5,48.7,low
STU-01489,88.2,57.8,77.8,8.1,39.5,low
STU-01490,75.1,49.6,39.3,3.4,84.1,high
STU-01491,69.5,59.8,46.8,7.9,56.1,medium
STU-01492,64.3,57.7,64.3,7.5,77.1,medium
STU-01493,67.5,62.4,66.4,6.8,53.4,medium
STU-01494,76.9,51.6,68.2,7.2,69.9,medium
STU-01495,83.9,34.9,18.8,7.1,50.7,high
STU-01496,31.8,38.3,12.5,0.9,36.3,high
STU-01497,72.9,78.0,88.7,5.6,73.0,low
STU-01498,42.8,32.1,42.2,5.5,25.1,high
STU-01499,90.2,81.1,80.1,6.9,85.6,low
STU-01500,88.1,57.4,38.1,6.5,59.3,high
STU-01501,79.3,46.6,67.8,3.6,59.7,medium
STU-01502,100.0,90.6,67.5,9.0,90.2,low
STU-01503,86.7,100.0,99.2,6.5,75.6,low
STU-01504,77.2,72.9,91.5,6.4,48.7,low
STU-01505,84.3,55.9,78.5,5.4,45.4,medium
STU-01506,86.4,83.9,96.8,7.5,82.5,low
STU-01507,45.5,12.0,23.7,4.8,43.3,high
STU-01508,87.5,62.4,53.5,7.5,65.0,low
STU-01509,50.5,99.7,97.0,5.4,84.4,low
STU-01510,83.1,53.3,75.7,6.5,90.2,low
STU-01511,71.2,69.6,71.8,4.9,61.7,medium
STU-01512,68.7,83.2,71.8,5.0,53.6,medium
STU-01513,82.5,84.0,63.6,6.0,89.7,low
STU-01514,81.3,26.7,39.7,4.2,41.7,high
STU-01515,50.6,31.1,42.4,1.2,34.9,high
STU-01516,56.1,68.0,35.3,4.0,78.2,medium
STU-01517,64.1,54.0,58.4,6.1,54.5,medium
STU-01518,45.0,71.0,39.6,6.3,79.1,high
STU-01519,100.0,95.0,79.2,7.6,51.5,low
STU-01520,100.0,45.9,59.4,6.9,32.7,high
STU-01521,47.9,25.8,56.0,4.5,37.7,high
STU-01522,77.6,37.1,85.6,5.8,36.5,medium
STU-01523,72.1,65.2,69.6,5.8,52.3,medium
STU-01524,100.0,64.2,100.0,9.3,68.7,low
STU-01525,78.3,37.3,44.8,3.4,53.0,high
STU-01526,64.0,67.8,52.4,1.3,69.8,medium
STU-01527,77.2,84.1,95.5,8.2,73.8,low
STU-01528,100.0,57.2,100.0,9.9,68.1,low
STU-01529,77.1,28.6,65.0,3.1,18.5,medium
STU-01530,67.1,68.9,65.9,6.6,71.8,low
STU-01531,59.3,75.8,89.2,8.5,75.2,low
STU-01532,100.0,84.2,71.1,8.6,75.7,low
STU-01533,82.9,56.3,97.4,4.3,87.5,low
STU-01534,100.0,48.5,79.0,8.0,83.0,low
STU-01535,62.5,89.2,98.6,6.8,73.0,low
STU-01536,100.0,73.3,83.1,10.0,49.8,low
STU-01537,89.0,100.0,99.9,7.4,68.9,low
STU-01538,39.4,28.1,62.1,4.5,38.6,high
STU-01539,45.4,44.5,62.2,3.7,57.2,high
STU-01540,100.0,65.2,82.2,10.0,78.6,medium
STU-01541,81.4,73.1,72.7,6.3,65.7,low
STU-01542,75.7,88.1,56.6,5.7,91.4,medium
STU-01543,54.2,59.1,43.1,2.2,66.1,high
STU-01544,89.3,49.9,69.1,6.0,62.2,high
STU-01545,84.8,100.0,95.0,8.0,97.0,low
STU-01546,61.4,80.5,51.5,4.9,57.6,medium
STU-01547,80.0,39.0,39.7,4.7,50.1,high
STU-01548,71.9,60.2,56.7,7.7,54.7,medium
STU-01549,72.7,69.9,79.0,4.7,68.4,low
STU-01550,60.3,80.7,67.2,6.3,53.8,medium
STU-01551,41.2,13.8,70.4,3.7,37.8,high
STU-01552,100.0,36.6,85.6,9.5,50.4,medium
STU-01553,93.9,43.1,81.5,8.4,46.1,medium
STU-01554,68.1,38.4,51.5,0.9,49.8,high
STU-01555,100.0,46.5,75.6,9.0,52.2,medium
STU-01556,57.0,55.5,69.0,4.4,37.3,medium
STU-01557,59.1,47.5,46.1,5.9,51.3,high
STU-01558,89.1,84.7,61.7,8.1,78.7,low
STU-01559,46.4,46.2,44.5,3.0,60.3,high
STU-01560,81.0,41.7,57.4,6.1,58.1,high
STU-01561,55.7,52.9,66.5,4.0,64.2,medium
STU-01562,71.0,60.6,54.5,9.6,63.2,medium
STU-01563,98.1,52.3,68.6,4.8,61.3,low
STU-01564,83.7,50.4,56.3,7.3,45.2,medium
STU-01565,54.9,69.0,57.1,3.4,62.6,medium
STU-01566,100.0,60.8,87.9,7.2,70.7,low
STU-01567,57.2,70.9,56.3,6.3,45.1,medium
STU-01568,68.2,72.9,69.2,5.0,58.9,medium
STU-01569,74.0,88.0,82.8,5.5,83.7,low
STU-01570,90.7,64.9,73.2,7.8,42.0,medium
STU-01571,82.2,75.9,51.3,7.9,45.9,low
STU-01572,64.5,44.7,50.3,5.2,68.5,medium
STU-01573,52.4,70.0,38.1,5.9,53.0,medium
STU-01574,45.6,47.1,37.0,4.5,30.7,high
STU-01575,62.2,38.3,37.4,3.5,38.4,high
STU-01576,65.0,42.3,51.6,1.0,56.4,high
STU-01577,47.2,76.1,54.5,2.9,55.0,high
STU-01578,88.2,90.8,94.7,7.3,78.7,low
STU-01579,53.6,0.2,42.2,1.1,33.2,high
STU-01580,51.4,92.2,25.5,4.5,60.0,medium
STU-01581,82.0,100.0,70.8,8.6,85.7,low
STU-01582,87.0,64.5,53.4,8.1,81.0,low
STU-01583,55.2,49.1,52.4,4.2,77.1,high
STU-01584,93.2,66.6,56.9,9.0,57.9,medium
STU-01585,67.9,32.3,38.0,2.8,31.9,high
STU-01586,9.1,34.2,35.4,2.0,39.3,high
STU-01587,57.3,32.1,28.5,1.8,19.4,high
STU-01588,100.0,81.0,86.5,9.0,92.1,low
STU-01589,52.8,29.7,42.4,3.3,25.6,high
STU-01590,68.6,42.7,41.9,7.1,65.8,high
STU-01591,85.5,25.5,30.7,6.0,32.1,high
STU-01592,49.0,42.1,62.1,7.3,48.2,high
STU-01593,61.0,59.8,57.7,5.0,70.4,medium
STU-01594,100.0,76.9,100.0,10.0,68.3,low
STU-01595,55.1,57.0,50.5,4.5,74.7,medium
STU-01596,74.6,84.8,52.1,7.1,74.0,low
STU-01597,62.2,52.7,51.7,4.4,52.3,medium
STU-01598,92.4,83.6,80.6,6.5,88.2,low
STU-01599,100.0,81.5,100.0,9.7,100.0,low
STU-01600,93.6,80.0,81.9,6.9,51.3,low
STU-01601,60.7,49.6,55.8,2.6,15.7,medium
STU-01602,73.5,100.0,100.0,10.0,100.0,low
STU-01603,100.0,100.0,83.4,5.7,64.3,low
STU-01604,75.3,28.4,77.3,9.4,54.0,high
STU-01605,67.4,69.3,86.7,4.6,50.1,low
STU-01606,87.6,79.2,65.7,7.8,92.0,low
STU-01607,90.9,76.3,82.8,9.2,64.7,low
STU-01608,99.3,65.8,64.6,6.4,73.0,low
STU-01609,100.0,95.2,74.3,9.5,47.2,low
STU-01610,75.5,42.3,69.5,6.5,60.1,high
STU-01611,75.6,74.4,45.9,7.2,69.0,low
STU-01612,20.4,31.0,15.9,3.4,58.0,high
STU-01613,45.8,65.6,55.0,4.5,50.0,high
STU-01614,79.5,94.8,63.9,4.3,68.0,medium
STU-01615,41.3,34.2,51.3,3.5,43.5,high
STU-01616,78.3,82.1,67.8,6.9,83.5,low
STU-01617,56.4,100.0,82.2,5.3,100.0,low
STU-01618,57.4,42.5,61.7,4.6,45.5,medium
STU-01619,83.5,62.7,54.4,6.5,52.6,medium
STU-01620,92.8,72.6,68.6,8.6,57.7,low
STU-01621,39.6,64.0,71.4,6.0,74.9,medium
STU-01622,86.8,99.9,61.6,7.7,91.7,low
STU-01623,73.4,48.6,87.4,6.5,100.0,low
STU-01624,97.5,97.7,70.3,10.0,70.7,low
STU-01625,83.9,74.1,49.5,8.9,64.3,low
STU-01626,66.8,83.5,83.2,7.0,50.5,low
STU-01627,34.0,12.2,0.0,3.0,47.6,high
STU-01628,71.2,91.6,74.3,6.3,93.4,low
STU-01629,77.3,73.7,81.6,6.6,78.4,low
STU-01630,71.0,91.4,91.3,8.9,79.6,low
STU-01631,41.3,60.6,24.3,2.1,41.7,high
STU-01632,93.7,19.5,79.9,10.0,72.1,high
STU-01633,86.2,92.6,64.1,5.5,53.8,low
STU-01634,65.1,92.2,57.4,3.9,45.4,low
STU-01635,58.8,40.9,62.3,5.6,64.1,medium
STU-01636,97.5,99.6,88.4,10.0,92.1,low
STU-01637,64.9,56.7,45.5,7.2,47.3,low
STU-01638,100.0,100.0,62.1,10.0,86.1,low
STU-01639,46.5,79.3,52.9,4.2,48.9,high
STU-01640,71.3,60.0,58.4,5.3,53.3,high
STU-01641,62.1,3.6,29.0,1.5,40.4,high
STU-01642,92.1,92.8,73.3,5.3,82.6,low
STU-01643,70.1,28.1,21.8,3.8,38.5,high
STU-01644,74.4,92.3,82.8,6.4,69.4,low
STU-01645,41.5,12.8,25.9,4.3,30.1,high
STU-01646,67.7,41.6,50.7,5.6,50.2,high
STU-01647,70.1,60.6,45.0,5.7,77.4,medium
STU-01648,90.1,100.0,99.8,8.8,83.6,low
STU-01649,64.8,71.2,54.7,6.9,44.6,medium
STU-01650,71.9,44.1,35.9,5.9,57.8,high
STU-01651,83.8,60.2,89.1,9.8,84.8,low
STU-01652,89.1,100.0,99.7,4.9,72.4,low
STU-01653,61.9,61.7,66.2,5.9,78.6,low
STU-01654,77.0,73.9,66.5,6.5,57.5,medium
STU-01655,42.5,45.5,47.9,7.2,57.7,high
STU-01656,54.0,42.3,39.8,4.1,50.4,high
STU-01657,49.5,50.5,80.6,4.6,81.8,high
STU-01658,42.6,5.6,27.7,0.2,20.6,high
STU-01659,61.3,71.1,84.4,5.2,86.0,low
STU-01660,31.4,48.6,76.6,3.9,63.8,high
STU-01661,87.4,100.0,100.0,8.6,100.0,low
STU-01662,75.6,60.5,67.9,8.9,69.0,medium
STU-01663,99.1,100.0,92.9,8.6,63.4,low
STU-01664,97.8,88.9,100.0,6.9,100.0,low
STU-01665,94.1,79.8,86.0,10.0,91.2,low
STU-01666,92.6,54.8,61.4,8.8,71.2,low
STU-01667,66.6,53.0,49.8,5.6,72.0,medium
STU-01668,55.2,25.7,13.5,3.4,53.4,high
STU-01669,91.2,97.0,82.3,10.0,89.0,low
STU-01670,54.1,44.2,30.7,7.7,41.2,high
STU-01671,81.1,76.0,77.5,9.2,65.3,low
STU-01672,62.3,12.5,62.8,7.0,32.4,high
STU-01673,55.3,50.4,52.8,4.8,54.1,high
STU-01674,63.0,54.8,89.2,4.9,38.2,medium
STU-01675,100.0,76.7,97.2,10.0,65.4,low
STU-01676,83.3,49.1,72.0,9.7,45.9,low
STU-01677,72.1,79.6,66.4,4.9,88.1,medium
STU-01678,47.4,55.5,85.0,2.4,55.3,high
STU-01679,78.3,39.8,53.3,6.7,47.4,medium
STU-01680,88.5,54.9,72.1,3.0,57.4,medium
STU-01681,100.0,51.6,50.6,4.8,56.9,medium
STU-01682,100.0,43.4,61.6,4.3,54.6,medium
STU-01683,44.4,27.7,60.3,0.0,52.8,high
STU-01684,80.8,77.3,96.5,9.6,98.4,low
STU-01685,72.0,41.8,37.4,5.6,60.4,high
STU-01686,72.9,69.5,60.8,9.9,67.6,low
STU-01687,52.2,40.9,84.1,7.3,79.9,high
STU-01688,100.0,71.8,88.1,10.0,50.2,low
STU-01689,83.1,86.6,75.4,6.9,79.3,low
STU-01690,47.5,69.6,55.1,6.1,80.9,high
STU-01691,62.3,36.6,54.6,3.8,72.3,high
STU-01692,54.9,0.5,58.8,3.7,34.6,high
STU-01693,40.0,51.4,15.1,4.2,28.0,high
STU-01694,68.0,69.5,50.2,5.5,41.6,medium
STU-01695,100.0,60.3,86.5,8.2,40.4,low
STU-01696,32.9,74.0,31.7,3.4,60.8,high
STU-01697,67.5,62.8,47.9,6.0,46.5,medium
STU-01698,72.5,100.0,93.7,8.2,93.5,low
STU-01699,82.7,17.7,49.9,7.3,24.9,high
STU-01700,51.8,86.7,43.5,3.5,76.9,medium
STU-01701,40.9,26.2,37.2,2.4,30.4,high
STU-01702,61.5,38.7,42.2,3.5,55.4,high
STU-01703,100.0,77.7,62.0,7.4,72.3,low
STU-01704,63.3,15.0,33.5,1.9,27.4,high
STU-01705,46.0,72.3,53.9,6.6,62.9,high
STU-01706,100.0,100.0,100.0,10.0,100.0,low
STU-01707,62.0,41.9,76.6,8.7,62.0,high
STU-01708,77.8,71.8,73.4,9.5,86.6,low
STU-01709,93.9,98.6,85.9,9.2,78.1,low
STU-01710,100.0,59.9,97.2,8.8,56.4,low
STU-01711,61.6,63.1,28.1,4.5,44.0,high
STU-01712,60.7,17.0,52.6,3.9,26.5,high
STU-01713,82.2,100.0,72.2,7.4,83.6,low
STU-01714,100.0,57.9,85.4,10.0,64.7,low
STU-01715,50.7,48.8,73.2,2.9,47.6,medium
STU-01716,45.8,49.9,64.8,4.8,62.2,high
STU-01717,72.2,48.0,86.4,6.6,54.3,medium
STU-01718,79.3,72.1,68.6,7.9,59.5,low
STU-01719,100.0,77.2,82.2,10.0,97.6,low
STU-01720,46.5,69.5,0.0,3.6,49.6,high
STU-01721,75.2,85.8,83.7,6.9,92.7,low
STU-01722,50.5,30.8,57.5,6.0,48.4,high
STU-01723,100.0,69.4,75.5,7.8,83.6,low
STU-01724,78.9,93.4,93.2,9.2,100.0,low
STU-01725,73.9,95.8,79.7,7.7,64.4,low
STU-01726,82.7,53.4,39.5,5.9,70.9,medium
STU-01727,100.0,67.7,87.4,8.4,63.7,low
STU-01728,59.2,58.5,59.5,5.2,65.4,medium
STU-01729,87.2,75.0,92.7,7.7,52.1,low
STU-01730,100.0,79.5,63.3,6.7,46.7,low
STU-01731,96.6,37.8,60.1,8.0,62.7,high
STU-01732,60.4,52.8,36.1,6.6,34.2,high
STU-01733,16.5,33.1,19.7,2.4,60.0,high
STU-01734,99.6,29.2,60.7,10.0,50.1,high
STU-01735,63.0,43.6,66.6,6.9,82.4,medium
STU-01736,95.6,73.4,70.3,6.3,85.5,low
STU-01737,37.8,26.1,15.6,3.0,45.9,high
STU-01738,63.4,58.1,60.4,5.6,65.0,medium
STU-01739,76.2,65.3,70.3,8.7,58.2,low
STU-01740,94.3,74.2,100.0,8.7,77.0,low
STU-01741,68.2,74.2,49.2,4.2,54.9,medium
STU-01742,73.6,90.8,86.4,8.1,61.0,low
STU-01743,100.0,47.4,52.3,6.7,88.6,medium
STU-01744,51.3,34.6,33.8,5.4,58.1,high
STU-01745,90.1,91.6,90.5,10.0,96.2,low
STU-01746,68.8,0.6,53.6,4.1,51.5,high
STU-01747,100.0,80.4,76.3,5.5,60.2,low
STU-01748,75.4,71.3,62.2,4.6,57.2,high
STU-01749,56.4,38.9,23.7,7.0,40.8,high
STU-01750,86.0,77.6,100.0,8.6,78.4,low
STU-01751,60.1,63.0,72.5,6.5,56.7,medium
STU-01752,71.2,64.5,69.7,4.5,59.5,medium
STU-01753,88.6,54.1,66.3,7.9,54.7,low
STU-01754,93.0,44.8,91.3,7.5,45.2,medium
STU-01755,99.9,95.2,100.0,8.2,79.9,low
STU-01756,26.7,48.6,22.5,1.6,54.1,high
STU-01757,82.2,100.0,85.2,10.0,74.3,low
STU-01758,77.7,98.6,94.7,9.4,100.0,low
STU-01759,68.2,43.5,76.9,8.4,69.3,medium
STU-01760,80.8,70.4,97.8,5.4,58.7,low
STU-01761,73.1,58.4,55.2,5.4,75.0,medium
STU-01762,69.7,74.0,69.3,6.3,46.8,medium
STU-01763,72.5,72.9,25.9,6.3,50.7,medium
STU-01764,75.0,75.2,91.4,6.2,61.9,low
STU-01765,73.1,76.7,74.8,7.8,51.5,low
STU-01766,93.0,79.9,76.9,4.9,43.4,low
STU-01767,59.7,37.8,51.0,7.2,51.3,medium
STU-01768,100.0,100.0,94.3,10.0,85.3,low
STU-01769,65.8,36.4,89.4,5.6,52.0,medium
STU-01770,65.3,100.0,100.0,7.7,100.0,low
STU-01771,66.7,50.1,100.0,9.4,68.5,low
STU-01772,76.4,79.1,80.0,8.7,55.5,low
STU-01773,100.0,76.2,67.3,6.5,60.8,low
STU-01774,100.0,100.0,97.6,10.0,89.9,low
STU-01775,82.8,50.4,60.8,6.9,99.7,medium
STU-01776,100.0,74.7,100.0,10.0,94.9,low
STU-01777,23.8,27.9,33.3,3.5,20.0,high
STU-01778,72.5,81.8,100.0,6.7,87.5,low
STU-01779,65.4,35.7,37.8,3.4,48.9,high
STU-01780,100.0,100.0,100.0,9.8,100.0,low
STU-01781,67.5,60.0,96.1,7.7,76.9,low
STU-01782,76.1,84.2,75.4,4.4,58.1,low
STU-01783,32.8,12.7,16.8,5.1,21.2,high
STU-01784,61.1,51.6,51.6,3.6,33.3,medium
STU-01785,69.6,93.6,54.2,6.0,50.2,low
STU-01786,70.7,67.0,67.8,7.0,74.5,low
STU-01787,66.7,79.7,51.1,4.6,70.6,low
STU-01788,57.8,41.4,42.9,7.0,26.7,high
STU-01789,84.7,68.9,56.6,8.3,79.3,low
STU-01790,62.9,87.3,47.9,6.3,79.4,medium
STU-01791,50.1,11.5,9.5,0.4,22.5,high
STU-01792,95.7,67.1,74.5,9.2,62.4,low
STU-01793,82.9,68.0,77.7,4.7,74.9,medium
STU-01794,71.6,97.0,52.0,8.5,54.4,low
STU-01795,57.4,25.8,87.7,6.0,4.9,high
STU-01796,100.0,81.1,79.3,9.9,83.2,low
STU-01797,100.0,91.2,59.7,7.5,63.3,low
STU-01798,100.0,69.9,100.0,10.0,79.5,low
STU-01799,100.0,80.0,100.0,10.0,73.7,low
STU-01800,53.2,28.2,23.7,2.8,30.4,high
STU-01801,54.5,17.5,37.6,2.6,44.4,high
STU-01802,66.7,60.9,62.5,7.0,71.9,medium
STU-01803,78.4,54.6,66.1,10.0,60.1,medium
STU-01804,55.5,48.9,79.0,3.4,43.3,medium
STU-01805,81.5,67.1,79.3,9.6,74.4,low
STU-01806,76.9,27.3,46.9,4.9,40.3,high
STU-01807,76.9,50.3,54.5,5.9,64.2,medium
STU-01808,65.5,64.6,59.8,3.4,75.3,medium
STU-01809,36.9,80.1,53.5,7.7,71.6,high
STU-01810,81.6,100.0,79.6,6.9,89.6,low
STU-01811,56.2,21.3,29.9,6.1,24.8,high
STU-01812,55.2,38.7,29.0,3.4,29.8,high
STU-01813,82.3,64.0,91.3,9.7,83.1,low
STU-01814,71.9,57.5,70.5,4.9,45.1,medium
STU-01815,83.2,81.6,55.0,7.0,55.3,low
STU-01816,55.8,43.6,69.1,4.1,47.7,medium
STU-01817,56.5,49.2,65.3,3.7,69.7,medium
STU-01818,72.8,94.9,96.6,7.2,80.2,low
STU-01819,100.0,64.3,75.6,9.9,81.6,low
STU-01820,52.0,45.1,30.5,3.7,59.6,high
STU-01821,54.6,51.6,43.6,7.3,38.3,high
STU-01822,100.0,100.0,100.0,10.0,83.0,low
STU-01823,58.5,83.4,50.1,6.5,92.0,low
STU-01824,100.0,66.9,77.3,10.0,98.4,low
STU-01825,23.7,12.8,14.1,2.1,35.2,high
STU-01826,98.3,90.3,72.2,10.0,86.2,low
STU-01827,62.9,81.4,70.4,5.3,71.1,medium
STU-01828,100.0,100.0,100.0,10.0,79.1,low
STU-01829,50.6,33.9,46.4,6.6,24.5,high
STU-01830,62.0,52.3,54.3,5.5,76.3,medium
STU-01831,66.7,74.0,66.6,6.0,83.3,low
STU-01832,64.5,45.8,86.7,4.9,70.1,medium
STU-01833,70.7,59.8,61.4,10.0,69.2,medium
STU-01834,65.2,51.2,83.9,3.9,60.7,medium
STU-01835,100.0,76.6,100.0,10.0,96.4,low
STU-01836,44.8,65.0,59.9,7.2,69.0,high
STU-01837,98.4,88.1,93.2,8.9,70.4,low
STU-01838,43.4,51.1,43.1,0.5,22.8,high
STU-01839,97.1,72.7,66.7,5.8,68.6,low
STU-01840,46.1,17.3,25.9,3.6,70.3,high
STU-01841,93.3,65.6,93.8,10.0,85.2,low
STU-01842,83.1,39.1,52.7,7.8,47.7,high
STU-01843,42.9,76.3,31.0,4.6,42.7,high
STU-01844,35.7,11.4,21.7,0.9,51.4,high
STU-01845,50.0,63.6,38.8,3.4,37.9,high
STU-01846,72.1,21.3,49.1,8.7,27.7,high
STU-01847,80.5,77.5,69.1,9.1,53.5,low
STU-01848,73.1,31.2,60.5,4.1,29.5,high
STU-01849,66.7,50.3,48.8,6.2,73.1,medium
STU-01850,92.7,84.2,74.3,6.2,82.4,low
STU-01851,55.8,55.5,46.5,2.4,25.8,medium
STU-01852,91.5,86.1,76.4,4.5,61.9,low
STU-01853,91.7,71.8,68.4,6.5,82.6,low
STU-01854,67.8,88.4,75.7,7.3,78.3,low
STU-01855,90.2,67.1,75.9,5.9,56.4,low
STU-01856,54.5,61.4,70.2,5.8,46.0,medium
STU-01857,51.6,60.2,52.9,5.8,63.4,high
STU-01858,79.1,85.9,74.7,3.8,87.4,low
STU-01859,79.2,77.6,68.1,6.1,73.1,low
STU-01860,83.4,55.8,43.4,8.9,65.7,medium
STU-01861,65.4,82.4,68.4,6.3,80.5,medium
STU-01862,60.3,59.9,57.5,6.1,20.9,medium
STU-01863,68.9,77.2,71.7,6.4,94.0,medium
STU-01864,98.2,67.6,79.1,9.2,83.5,low
STU-01865,68.2,83.6,83.6,10.0,63.4,low
STU-01866,51.5,76.5,39.3,8.5,66.9,medium
STU-01867,74.3,65.2,46.4,7.3,62.5,medium
STU-01868,64.9,74.5,45.1,4.5,70.3,medium
STU-01869,84.8,36.8,92.4,7.9,53.7,high
STU-01870,61.6,56.5,49.2,7.7,59.5,high
STU-01871,77.8,77.3,58.0,7.1,91.1,medium
STU-01872,68.8,31.0,56.6,7.8,58.4,high
STU-01873,54.2,25.8,68.0,5.1,56.9,medium
STU-01874,73.1,48.8,54.7,5.3,40.9,medium
STU-01875,75.2,36.8,40.8,7.2,62.1,high
STU-01876,42.9,21.3,39.5,3.9,35.3,high
STU-01877,100.0,82.2,98.6,9.8,79.0,low
STU-01878,100.0,80.2,97.1,6.1,100.0,low
STU-01879,90.8,91.7,78.8,7.4,86.6,low
STU-01880,85.5,45.9,60.4,7.0,48.4,medium
STU-01881,95.6,80.1,100.0,10.0,68.0,low
STU-01882,93.5,87.2,97.1,10.0,82.5,low
STU-01883,45.9,50.5,66.5,6.5,66.3,high
STU-01884,71.5,65.9,45.1,3.5,58.8,high
STU-01885,76.8,28.2,58.7,3.6,35.1,high
STU-01886,82.0,50.6,89.4,10.0,73.6,medium
STU-01887,72.4,31.0,51.7,6.5,49.1,medium
STU-01888,14.6,53.1,26.4,0.0,43.9,high
STU-01889,80.8,33.3,48.9,8.2,38.3,high
STU-01890,89.4,80.0,100.0,8.9,74.5,low
STU-01891,75.3,100.0,86.9,3.3,76.1,low
STU-01892,70.6,66.7,67.6,8.4,63.4,medium
STU-01893,70.0,18.5,59.4,6.6,55.5,medium
STU-01894,64.7,39.9,31.6,1.3,44.2,high
STU-01895,83.3,71.5,79.6,10.0,76.1,low
STU-01896,18.4,48.6,57.2,4.2,37.8,high
STU-01897,61.6,39.9,39.5,4.2,31.2,high
STU-01898,100.0,83.7,49.5,5.2,83.6,low
STU-01899,67.6,48.2,44.9,4.1,62.3,high
STU-01900,64.2,26.3,67.4,5.7,62.8,high
STU-01901,88.3,69.0,92.2,9.1,62.6,low
STU-01902,100.0,73.9,99.1,9.0,85.0,low
STU-01903,64.8,100.0,75.9,7.4,82.7,low
STU-01904,35.6,43.0,38.4,3.4,36.6,high
STU-01905,59.8,63.7,44.9,3.7,65.7,medium
STU-01906,87.8,35.0,24.6,5.5,72.7,high
STU-01907,66.4,69.1,54.8,8.3,61.1,medium
STU-01908,84.1,69.0,66.9,4.8,64.7,low
STU-01909,89.2,61.3,85.4,9.1,64.4,low
STU-01910,35.1,79.0,68.8,5.6,92.0,high
STU-01911,85.2,55.2,79.2,8.2,39.8,medium
STU-01912,95.9,79.7,74.4,5.9,86.9,low
STU-01913,84.4,63.9,62.2,5.5,68.9,low
STU-01914,100.0,64.6,74.2,9.6,22.8,medium
STU-01915,66.1,94.5,56.9,5.2,57.6,low
STU-01916,44.6,14.5,11.0,4.0,35.5,high
STU-01917,52.1,61.1,64.6,3.7,59.8,medium
STU-01918,95.0,99.2,87.8,8.8,72.0,low
STU-01919,77.6,59.8,64.7,7.2,47.6,medium
STU-01920,34.8,0.0,45.9,2.1,30.4,high
STU-01921,39.0,20.3,39.3,2.5,49.7,high
STU-01922,95.9,100.0,81.2,10.0,86.7,low
STU-01923,40.9,48.5,71.6,4.9,24.2,high
STU-01924,74.7,98.4,90.4,9.6,89.1,low
STU-01925,66.8,40.4,61.2,6.2,80.3,medium
STU-01926,72.2,55.5,65.0,3.8,56.2,low
STU-01927,69.8,52.0,91.6,3.9,33.7,medium
STU-01928,29.0,50.5,39.1,4.8,31.9,high
STU-01929,92.8,62.9,62.3,6.0,76.4,medium
STU-01930,40.7,60.8,63.5,4.3,72.5,high
STU-01931,61.0,49.4,79.9,6.6,57.0,medium
STU-01932,66.3,89.8,74.3,5.8,62.2,low
STU-01933,98.1,47.2,66.8,6.4,63.1,medium
STU-01934,93.5,78.6,96.6,7.9,60.6,low
STU-01935,57.6,53.0,20.9,5.4,37.6,high
STU-01936,96.8,87.7,100.0,9.7,100.0,low
STU-01937,87.4,53.9,55.3,6.8,93.5,medium
STU-01938,72.1,57.9,68.2,10.0,35.9,medium
STU-01939,95.0,92.6,73.0,8.3,59.2,low
STU-01940,59.5,36.7,20.2,6.3,28.6,high
STU-01941,77.7,39.0,58.9,3.2,43.9,medium
STU-01942,89.9,73.5,86.8,5.7,83.9,low
STU-01943,41.5,26.1,31.5,4.0,51.6,high
STU-01944,19.6,0.0,3.1,2.1,23.8,high
STU-01945,47.7,58.0,58.4,3.0,49.1,high
STU-01946,44.0,33.3,67.4,3.1,69.4,high
STU-01947,64.2,52.9,57.2,6.5,48.5,medium
STU-01948,42.8,34.2,29.0,3.9,36.1,high
STU-01949,62.8,70.7,53.4,5.7,44.5,low
STU-01950,65.0,92.2,94.2,8.0,77.4,low
STU-01951,100.0,59.4,85.6,7.9,77.5,low
STU-01952,98.0,100.0,100.0,9.0,87.4,low
STU-01953,98.2,4.9,57.4,4.8,46.8,high
STU-01954,58.7,44.5,38.1,5.6,61.1,high
STU-01955,87.0,72.0,67.6,6.9,63.9,low
STU-01956,67.5,44.0,50.2,5.5,46.5,high
STU-01957,77.0,56.7,79.4,5.8,93.3,low
STU-01958,66.2,18.9,18.4,5.1,35.3,high
STU-01959,76.9,68.5,52.6,4.2,50.8,high
STU-01960,45.2,71.4,55.8,7.7,67.6,high
STU-01961,95.1,67.5,73.7,6.9,61.3,low
STU-01962,82.4,43.5,84.2,5.7,42.4,low
STU-01963,98.5,48.7,100.0,10.0,56.1,low
STU-01964,100.0,78.3,78.7,5.6,99.7,low
STU-01965,95.7,68.2,86.6,6.3,68.4,low
STU-01966,80.7,30.9,78.6,7.6,79.3,high
STU-01967,51.1,26.1,55.0,2.2,51.4,high
STU-01968,48.7,59.8,50.2,5.5,67.2,high
STU-01969,68.4,54.4,45.2,2.3,76.6,medium
STU-01970,53.9,51.2,42.1,2.3,69.6,medium
STU-01971,31.3,51.2,43.2,7.2,41.8,high
STU-01972,100.0,67.8,66.6,5.3,75.0,medium
STU-01973,75.0,69.2,67.8,6.8,66.4,low
STU-01974,53.1,78.9,94.1,6.2,92.0,medium
STU-01975,76.9,42.9,22.4,4.3,33.0,high
STU-01976,57.5,52.8,64.2,1.0,57.6,high
STU-01977,62.5,21.6,55.0,6.8,30.0,high
STU-01978,79.6,52.0,84.7,9.0,64.7,medium
STU-01979,98.6,88.9,86.8,4.5,88.8,low
STU-01980,39.8,69.9,57.8,2.0,55.1,high
STU-01981,80.6,59.2,62.3,4.8,86.9,medium
STU-01982,70.2,59.2,90.8,5.7,68.8,low
STU-01983,81.0,84.2,81.3,6.8,76.6,low
STU-01984,54.1,62.5,44.0,3.8,52.1,medium
STU-01985,100.0,93.1,77.6,10.0,38.2,low
STU-01986,69.7,80.4,42.4,6.7,65.0,high
STU-01987,59.6,66.5,38.2,4.5,65.5,medium
STU-01988,58.9,25.7,47.0,3.0,53.0,high
STU-01989,36.0,33.9,35.3,2.9,46.0,high
STU-01990,41.9,43.9,34.9,5.6,12.0,high
STU-01991,76.6,96.3,88.8,8.8,68.8,low
STU-01992,99.0,69.5,75.4,7.3,69.4,low
STU-01993,87.5,68.7,64.4,7.9,69.5,low
STU-01994,84.0,62.2,58.0,3.8,81.3,low
STU-01995,75.4,67.4,71.9,8.4,96.8,low
STU-01996,85.2,72.9,82.0,8.6,79.9,low
STU-01997,88.4,76.7,97.0,7.5,63.8,low
STU-01998,84.9,93.0,74.2,6.1,59.4,low
STU-01999,65.6,60.2,75.6,5.1,62.6,medium
STU-02000,85.5,98.6,100.0,8.9,100.0,low
STU-02001,65.7,46.1,67.9,6.3,40.7,medium
STU-02002,82.2,57.9,50.1,8.7,56.5,medium
STU-02003,100.0,77.4,100.0,10.0,81.1,low
STU-02004,74.5,71.9,57.5,7.2,48.9,low
STU-02005,60.0,4.9,86.3,7.2,51.9,medium
STU-02006,67.8,83.3,70.3,6.7,87.2,low
STU-02007,72.0,55.2,35.5,5.0,57.7,medium
STU-02008,84.1,33.9,28.1,5.9,54.2,high
STU-02009,100.0,83.6,73.4,10.0,94.7,low
STU-02010,73.3,87.6,68.8,7.1,98.1,low
STU-02011,74.2,65.1,78.5,8.3,57.8,medium
STU-02012,73.7,88.7,73.7,8.3,78.6,low
STU-02013,61.3,75.4,74.6,4.9,100.0,low
STU-02014,83.9,45.7,70.3,10.0,52.0,medium
STU-02015,80.6,90.4,82.3,9.7,96.7,low
STU-02016,69.6,77.8,84.6,7.6,69.7,low
STU-02017,75.5,91.5,96.6,7.3,67.2,low
STU-02018,67.3,67.9,57.1,5.8,58.8,low
STU-02019,76.7,73.6,51.5,5.0,77.9,medium
STU-02020,56.6,59.8,77.3,6.1,90.6,low
STU-02021,80.7,86.2,76.9,4.6,58.5,low
STU-02022,78.0,48.9,61.3,2.8,60.0,medium
STU-02023,71.8,75.0,85.4,9.8,76.5,low
STU-02024,63.2,60.3,34.0,5.2,94.0,medium
STU-02025,71.4,75.9,69.6,6.5,55.1,low
STU-02026,56.2,23.6,48.4,3.9,23.1,high
STU-02027,100.0,100.0,91.1,10.0,100.0,low
STU-02028,84.8,22.1,26.9,6.7,21.4,high
STU-02029,42.6,66.6,64.5,5.9,51.5,high
STU-02030,70.1,79.6,78.3,7.0,75.5,low
STU-02031,63.8,65.7,100.0,8.2,91.5,low
STU-02032,65.6,51.4,45.8,7.1,52.8,medium
STU-02033,60.0,51.4,54.1,3.8,90.0,high
STU-02034,73.3,54.8,50.0,5.6,46.8,low
STU-02035,59.3,80.1,53.3,5.0,62.8,medium
STU-02036,36.3,56.6,50.6,5.6,74.5,high
STU-02037,49.7,36.8,40.5,1.9,21.0,high
STU-02038,65.6,89.1,95.7,5.8,85.7,low
STU-02039,65.8,26.5,43.3,3.1,49.0,high
STU-02040,70.5,68.4,75.4,5.5,55.1,low
STU-02041,53.8,65.2,70.7,9.5,77.1,low
STU-02042,54.8,74.4,74.1,3.8,71.6,low
STU-02043,74.3,83.9,100.0,8.4,97.5,low
STU-02044,72.6,35.9,48.4,5.3,59.4,medium
STU-02045,59.5,24.4,26.0,3.3,43.8,high
STU-02046,64.5,44.7,42.1,5.8,48.6,high
STU-02047,56.6,93.1,90.9,5.7,83.4,low
STU-02048,68.6,79.2,72.8,8.3,72.9,low
STU-02049,59.0,43.2,33.7,2.8,95.7,high
STU-02050,62.6,40.0,52.6,7.1,62.2,medium
STU-02051,71.7,90.8,79.3,5.9,70.8,low
STU-02052,49.1,21.5,26.1,2.6,20.5,high
STU-02053,80.9,76.9,58.3,6.3,69.5,low
STU-02054,63.6,100.0,100.0,8.9,84.2,low
STU-02055,96.5,72.0,87.3,8.9,81.9,low
STU-02056,71.9,86.6,69.7,5.5,71.0,low
STU-02057,93.2,58.9,100.0,8.6,55.3,low
STU-02058,69.4,50.7,68.4,4.1,47.3,medium
STU-02059,70.3,83.1,47.2,4.8,50.0,medium
STU-02060,68.9,58.7,47.4,4.5,56.3,medium
STU-02061,78.2,37.2,57.1,4.7,38.6,high
STU-02062,94.5,100.0,81.5,9.6,93.8,low
STU-02063,81.0,63.8,80.4,7.5,92.6,low
STU-02064,68.4,84.9,60.0,3.6,78.5,low
STU-02065,66.5,48.1,72.0,5.7,78.8,medium
STU-02066,89.6,100.0,92.1,7.9,72.7,low
STU-02067,99.8,73.8,82.9,8.7,58.5,low
STU-02068,58.2,69.7,30.3,3.6,53.7,high
STU-02069,60.2,38.1,59.2,0.0,44.0,high
STU-02070,42.5,39.3,19.1,2.1,62.5,high
STU-02071,99.1,59.3,97.0,10.0,70.1,low
STU-02072,74.0,21.0,52.2,5.3,60.4,high
STU-02073,56.3,40.6,62.7,4.2,43.9,high
STU-02074,62.0,44.9,94.9,6.5,60.9,medium
STU-02075,50.8,47.1,46.5,5.7,83.9,high
STU-02076,48.1,26.3,28.1,4.1,55.2,high
STU-02077,54.4,71.8,35.0,4.4,60.8,high
STU-02078,67.2,67.9,49.0,6.2,64.4,medium
STU-02079,36.6,26.1,1.5,2.4,38.4,high
STU-02080,26.3,23.7,16.6,1.6,48.2,high
STU-02081,86.1,98.4,79.4,7.4,68.0,low
STU-02082,61.9,51.9,61.7,3.8,51.0,medium
STU-02083,83.2,36.9,59.2,4.6,45.8,medium
STU-02084,79.3,64.7,76.0,7.2,63.5,low
STU-02085,62.5,73.3,73.9,6.9,84.1,medium
STU-02086,70.7,74.3,68.7,5.1,69.2,medium
STU-02087,80.3,51.6,69.7,7.1,59.2,medium
STU-02088,66.2,55.5,57.8,2.6,71.2,medium
STU-02089,76.3,25.8,55.1,6.1,82.5,high
STU-02090,100.0,90.6,100.0,10.0,71.8,low
STU-02091,93.5,63.9,85.4,10.0,70.7,low
STU-02092,45.2,48.7,28.1,3.2,61.3,high
STU-02093,58.2,53.8,56.2,4.3,69.0,medium
STU-02094,89.4,92.0,90.9,5.2,82.6,low
STU-02095,86.3,76.5,84.6,6.5,62.2,low
STU-02096,53.8,62.0,50.8,5.6,75.5,medium
STU-02097,36.4,55.7,38.6,4.5,64.2,high
STU-02098,100.0,70.9,58.3,6.1,53.8,low
STU-02099,63.7,52.1,23.7,4.3,21.5,high
STU-02100,69.6,79.5,62.4,6.9,95.7,low
STU-02101,57.2,37.4,53.0,6.2,75.4,medium
STU-02102,68.4,26.4,42.8,7.5,44.0,high
STU-02103,53.9,52.4,56.5,5.3,58.1,medium
STU-02104,100.0,73.6,83.9,5.3,93.0,low
STU-02105,49.4,39.1,13.5,3.0,65.4,high
STU-02106,29.0,28.2,35.1,5.3,57.5,high
STU-02107,95.9,100.0,100.0,9.4,89.0,low
STU-02108,66.3,26.9,62.0,3.2,30.7,high
STU-02109,78.1,46.5,59.0,5.9,40.3,high
STU-02110,49.0,64.9,57.3,7.0,94.3,high
STU-02111,89.2,76.5,91.8,9.0,75.5,low
STU-02112,85.6,63.1,80.3,8.5,96.7,low
STU-02113,100.0,100.0,96.5,7.8,92.4,low
STU-02114,72.8,44.2,52.1,4.6,64.9,medium
STU-02115,94.6,75.6,86.8,4.0,61.4,low
STU-02116,80.9,72.7,87.4,5.1,53.7,medium
STU-02117,61.6,63.0,51.6,7.4,61.5,medium
STU-02118,81.4,82.4,50.7,1.1,64.5,low
STU-02119,47.9,47.3,42.3,4.7,72.6,high
STU-02120,61.3,70.0,86.5,6.7,70.5,low
STU-02121,66.7,57.0,60.5,5.2,58.9,low
STU-02122,83.3,100.0,80.4,4.1,79.9,low
STU-02123,84.2,59.0,67.4,5.0,78.3,medium
STU-02124,59.1,73.3,56.4,5.0,66.2,low
STU-02125,94.0,76.2,46.5,7.6,72.6,low
STU-02126,75.5,65.7,56.4,5.7,64.4,medium
STU-02127,72.6,100.0,100.0,4.3,96.1,low
STU-02128,80.0,32.7,71.3,6.3,56.6,medium
STU-02129,87.1,80.2,85.4,6.4,70.1,low
STU-02130,59.5,85.2,83.0,6.8,86.8,low
STU-02131,59.0,75.3,47.4,4.8,71.6,medium
STU-02132,84.9,88.4,94.2,10.0,98.3,low
STU-02133,56.7,37.6,59.8,3.9,48.7,medium
STU-02134,78.9,67.8,80.6,8.4,71.6,low
STU-02135,76.3,59.5,65.9,5.3,62.3,medium
STU-02136,80.5,65.3,78.8,5.7,49.0,medium
STU-02137,72.1,47.7,49.8,6.0,51.1,medium
STU-02138,93.7,100.0,64.8,7.5,85.9,low
STU-02139,74.2,68.9,62.9,4.8,66.2,low
STU-02140,80.4,83.2,62.8,6.6,80.1,medium
STU-02141,84.1,65.6,78.8,6.1,78.2,medium
STU-02142,50.7,74.1,56.9,7.6,60.9,medium
STU-02143,61.9,98.1,61.7,3.3,87.2,medium
STU-02144,60.9,96.3,84.3,4.9,72.7,medium
STU-02145,56.7,35.1,58.9,3.1,45.6,high
STU-02146,50.2,27.1,31.1,3.4,63.7,high
STU-02147,99.5,38.0,62.0,5.4,51.0,medium
STU-02148,54.8,74.1,50.4,3.6,57.6,medium
STU-02149,15.2,28.8,21.9,0.4,47.0,high
STU-02150,49.8,76.3,65.5,2.3,51.8,high
STU-02151,75.9,59.6,62.6,6.3,78.8,low
STU-02152,33.8,66.5,22.7,0.0,59.3,high
STU-02153,58.5,30.4,29.8,2.1,55.4,high
STU-02154,26.6,45.8,26.8,3.5,30.1,high
STU-02155,73.3,85.3,67.2,5.7,64.9,low
STU-02156,97.0,82.6,99.2,10.0,89.8,low
STU-02157,83.0,75.1,76.4,8.2,67.2,medium
STU-02158,67.0,52.3,41.2,5.2,39.9,medium
STU-02159,78.9,90.1,88.4,9.6,89.4,low
STU-02160,76.9,68.8,65.2,6.2,56.9,medium
STU-02161,70.8,66.5,49.5,4.3,41.6,medium
STU-02162,75.5,61.6,50.7,6.8,49.8,medium
STU-02163,94.3,100.0,66.7,6.9,77.5,low
STU-02164,87.0,59.9,79.9,8.1,70.3,low
STU-02165,87.4,73.2,93.2,7.9,68.1,low
STU-02166,81.6,68.3,67.8,4.5,80.1,low
STU-02167,97.3,100.0,100.0,8.7,96.1,low
STU-02168,38.1,46.2,8.9,3.6,30.6,high
STU-02169,89.0,60.5,80.5,6.6,71.9,low
STU-02170,57.3,9.5,28.7,3.4,72.3,high
STU-02171,89.9,45.5,72.2,8.6,43.7,medium
STU-02172,37.6,56.5,61.2,8.1,64.1,medium
STU-02173,64.1,43.3,26.3,3.4,84.4,high
STU-02174,62.6,57.1,99.9,5.3,45.5,low
STU-02175,72.1,47.9,52.4,5.8,73.7,medium
STU-02176,93.2,70.5,75.0,6.2,79.2,low
STU-02177,64.1,74.8,83.9,3.3,64.6,low
STU-02178,77.8,83.1,73.9,5.0,84.8,low
STU-02179,89.5,73.2,71.4,7.8,76.9,low
STU-02180,84.2,72.3,70.6,7.9,74.1,low
STU-02181,67.0,100.0,50.7,7.5,100.0,low
STU-02182,50.9,27.9,48.5,2.8,79.8,high
STU-02183,55.9,33.4,69.5,4.0,32.5,high
STU-02184,91.2,23.4,40.8,7.3,58.5,high
STU-02185,58.4,15.2,24.3,2.8,27.7,high
STU-02186,100.0,66.1,100.0,9.6,58.4,low
STU-02187,88.4,67.4,74.5,7.2,64.2,medium
STU-02188,72.0,55.8,39.4,4.7,65.0,medium
STU-02189,60.5,100.0,84.4,5.8,90.0,low
STU-02190,72.3,75.8,63.1,7.8,91.6,low
STU-02191,76.7,83.8,34.4,3.8,76.0,medium
STU-02192,100.0,42.2,56.0,7.1,42.5,medium
STU-02193,100.0,68.7,95.5,8.6,50.4,low
STU-02194,77.6,18.8,71.2,5.9,57.4,medium
STU-02195,75.1,93.9,97.3,7.3,88.3,low
STU-02196,60.7,56.0,42.7,7.6,46.0,medium
STU-02197,61.1,71.7,64.0,6.8,61.6,medium
STU-02198,68.8,98.7,70.0,8.1,76.9,low
STU-02199,45.0,39.6,65.2,8.8,54.5,high
STU-02200,67.1,64.2,66.3,4.2,39.7,high
STU-02201,66.2,49.9,33.4,3.6,36.1,high
STU-02202,61.9,58.8,69.4,3.5,35.0,medium
STU-02203,65.0,47.0,68.8,6.2,51.2,medium
STU-02204,45.0,74.8,60.4,6.9,78.5,medium
STU-02205,67.9,76.5,58.6,0.6,84.4,medium
STU-02206,86.8,54.5,68.7,4.7,52.4,medium
STU-02207,74.8,57.6,43.3,3.3,33.3,high
STU-02208,27.7,42.8,38.3,2.8,60.0,high
STU-02209,65.6,67.5,67.4,6.2,80.1,low
STU-02210,72.3,68.2,53.4,7.8,68.0,medium
STU-02211,78.3,93.4,86.6,5.1,81.7,low
STU-02212,63.0,83.7,68.8,8.5,62.2,low
STU-02213,66.4,89.9,53.9,5.5,88.4,low
STU-02214,90.5,100.0,82.7,9.3,100.0,low
STU-02215,52.5,27.1,42.4,3.7,53.1,high
STU-02216,58.5,67.1,65.1,3.5,52.5,medium
STU-02217,52.5,76.8,53.2,4.6,70.2,medium
STU-02218,75.4,41.9,48.1,4.2,74.1,high
STU-02219,80.7,34.9,53.2,7.0,38.3,medium
STU-02220,94.8,29.9,77.2,6.4,41.2,high
STU-02221,50.1,27.9,65.0,2.9,38.7,high
STU-02222,77.4,42.5,67.2,6.0,46.5,medium
STU-02223,37.3,38.1,18.5,3.7,52.5,high
STU-02224,93.5,82.0,100.0,7.0,40.4,low
STU-02225,41.1,21.7,17.3,0.0,51.6,high
STU-02226,100.0,66.5,95.0,10.0,95.6,low
STU-02227,55.9,65.9,56.7,5.4,63.8,medium
STU-02228,100.0,82.1,86.4,10.0,72.2,low
STU-02229,84.1,100.0,100.0,10.0,100.0,low
STU-02230,71.5,57.3,41.0,5.9,86.2,medium
STU-02231,54.7,84.8,74.2,7.1,79.1,low
STU-02232,57.7,18.2,40.4,4.4,20.2,high
STU-02233,89.2,23.8,55.1,7.6,19.0,high
STU-02234,74.0,95.6,74.3,7.6,76.4,low
STU-02235,66.8,32.2,39.4,3.3,45.6,high
STU-02236,69.8,71.2,62.7,4.4,28.9,medium
STU-02237,33.7,54.0,46.2,4.1,57.2,high
STU-02238,74.1,58.3,59.1,2.4,40.1,high
STU-02239,69.5,59.6,46.7,4.4,51.2,medium
STU-02240,55.1,30.0,81.1,4.1,59.7,medium
STU-02241,65.8,86.9,86.5,8.1,100.0,low
STU-02242,95.9,56.7,85.7,7.9,58.1,low
STU-02243,52.2,51.7,40.4,7.2,37.1,medium
STU-02244,75.8,69.0,82.6,6.9,95.6,low
STU-02245,86.1,73.9,73.2,3.7,80.5,low
STU-02246,100.0,51.4,66.9,8.1,57.9,medium
STU-02247,65.4,33.0,24.6,4.5,30.6,high
STU-02248,76.6,50.5,67.0,3.7,77.3,medium
STU-02249,78.7,68.7,91.1,7.6,55.9,low
STU-02250,46.2,95.2,54.2,5.9,55.5,medium
STU-02251,88.1,55.7,77.0,5.2,54.9,low
STU-02252,100.0,79.8,88.2,7.0,66.8,low
STU-02253,59.7,100.0,62.7,6.6,87.5,low
STU-02254,47.7,17.6,13.5,1.9,23.3,high
STU-02255,69.0,50.4,72.2,9.5,94.6,medium
STU-02256,61.1,22.0,40.7,4.0,5.7,high
STU-02257,90.3,64.0,100.0,10.0,72.8,low
STU-02258,79.3,77.6,91.4,7.2,85.8,low
STU-02259,93.3,95.2,100.0,8.6,76.4,low
STU-02260,53.3,82.2,61.8,4.6,66.1,low
STU-02261,74.4,28.9,47.5,6.9,37.3,high
STU-02262,79.6,68.5,63.8,7.2,52.2,medium
STU-02263,49.0,46.8,71.2,7.2,75.8,high
STU-02264,62.6,69.7,81.2,6.1,55.4,low
STU-02265,100.0,100.0,100.0,7.3,77.6,low
STU-02266,76.7,53.5,88.8,4.2,83.6,low
STU-02267,47.0,60.4,46.6,5.1,54.2,high
STU-02268,41.5,53.4,35.1,5.2,43.7,high
STU-02269,79.6,36.8,49.8,6.4,50.3,high
STU-02270,91.3,79.0,51.9,6.8,49.4,medium
STU-02271,89.2,90.2,93.9,6.6,78.6,low
STU-02272,69.1,47.9,57.6,4.7,58.8,high
STU-02273,64.2,75.4,59.4,4.3,69.1,medium
STU-02274,67.1,72.2,43.6,1.2,71.3,medium
STU-02275,100.0,89.8,100.0,10.0,100.0,low
STU-02276,56.6,8.1,44.6,3.5,48.5,high
STU-02277,61.6,56.0,44.9,4.7,47.0,medium
STU-02278,95.5,89.8,54.5,9.2,91.1,low
STU-02279,44.8,41.7,33.7,5.5,59.9,high
STU-02280,53.9,5.7,30.8,5.3,19.2,high
STU-02281,100.0,100.0,100.0,10.0,100.0,low
STU-02282,82.0,86.8,73.7,8.1,61.4,low
STU-02283,67.4,64.7,60.8,6.5,73.4,low
STU-02284,67.3,57.0,39.9,5.0,50.0,high
STU-02285,54.9,61.4,50.3,5.7,58.7,medium
STU-02286,67.3,83.1,71.3,7.8,84.6,low
STU-02287,91.6,100.0,100.0,9.4,90.9,low
STU-02288,83.3,96.8,74.2,5.9,99.8,low
STU-02289,56.7,28.7,59.0,5.3,100.0,high
STU-02290,76.1,51.2,56.4,4.2,41.0,medium
STU-02291,78.1,74.8,72.9,9.8,73.2,low
STU-02292,53.2,75.0,69.8,4.0,62.4,low
STU-02293,81.1,100.0,100.0,9.3,75.7,low
STU-02294,100.0,60.9,84.1,8.6,52.1,low
STU-02295,61.1,77.3,75.6,5.2,75.4,low
STU-02296,57.2,69.3,82.3,6.3,69.8,low
STU-02297,77.4,100.0,85.5,6.2,99.8,low
STU-02298,35.7,49.5,28.6,6.1,53.8,high
STU-02299,73.3,76.7,64.6,4.3,55.9,medium
STU-02300,74.5,66.6,63.1,5.0,84.9,medium
STU-02301,59.2,46.0,43.8,0.8,60.9,high
STU-02302,98.1,75.9,79.6,7.7,51.3,low
STU-02303,68.8,7.0,42.4,6.4,30.6,high
STU-02304,27.4,61.7,36.5,1.0,51.0,high
STU-02305,49.4,59.4,18.2,4.0,80.2,high
STU-02306,33.6,44.0,44.0,4.3,62.9,high
STU-02307,97.2,97.9,89.9,9.0,100.0,low
STU-02308,91.3,80.1,74.2,7.5,92.4,low
STU-02309,100.0,96.3,100.0,8.6,100.0,low
STU-02310,100.0,67.5,65.0,7.6,77.0,low
STU-02311,67.9,53.8,81.9,3.6,96.7,medium
STU-02312,44.3,53.0,55.2,5.2,74.4,high
STU-02313,90.4,83.5,59.6,6.7,91.5,low
STU-02314,91.8,69.3,79.3,6.0,63.9,low
STU-02315,89.4,67.3,71.7,6.8,45.5,low
STU-02316,85.7,46.5,87.3,9.5,55.0,low
STU-02317,67.0,52.0,54.5,8.7,58.2,medium
STU-02318,100.0,61.6,63.7,8.2,70.9,low
STU-02319,70.4,76.9,71.8,3.0,93.1,medium
STU-02320,100.0,94.7,100.0,10.0,87.3,low
STU-02321,63.1,44.9,56.6,6.3,59.8,medium
STU-02322,95.9,96.4,79.9,8.6,68.2,low
STU-02323,100.0,84.4,94.5,10.0,70.7,low
STU-02324,53.4,50.4,74.2,3.2,49.9,medium
STU-02325,88.3,13.9,63.9,5.5,16.1,high
STU-02326,99.6,84.7,96.0,6.5,78.2,low
STU-02327,41.3,24.4,54.9,2.9,45.9,high
STU-02328,79.9,60.7,85.1,3.9,93.0,medium
STU-02329,83.3,83.5,83.7,6.5,76.9,low
STU-02330,85.5,64.5,77.4,6.7,83.3,low
STU-02331,100.0,64.3,71.6,7.8,41.4,low
STU-02332,74.7,25.1,72.7,2.7,72.8,high
STU-02333,76.2,61.7,55.3,7.3,64.7,low
STU-02334,49.3,50.3,80.2,6.8,77.6,medium
STU-02335,52.2,31.4,21.5,6.0,17.8,high
STU-02336,75.4,57.8,62.2,4.4,62.1,medium
STU-02337,100.0,100.0,100.0,7.9,100.0,low
STU-02338,81.7,92.3,94.9,9.0,80.5,low
STU-02339,91.8,90.7,81.4,5.5,64.6,low
STU-02340,100.0,100.0,100.0,10.0,88.4,low
STU-02341,84.6,100.0,100.0,7.5,100.0,low
STU-02342,76.4,73.1,38.2,3.8,86.8,medium
STU-02343,65.2,1.1,38.7,5.5,52.9,high
STU-02344,56.8,36.5,64.4,7.1,80.5,medium
STU-02345,76.3,70.9,71.5,6.3,98.0,medium
STU-02346,80.9,83.8,71.9,6.1,80.9,low
STU-02347,34.4,86.6,63.8,5.5,44.6,high
STU-02348,77.7,44.5,61.6,4.7,58.8,medium
STU-02349,89.8,88.7,100.0,6.1,76.1,low
STU-02350,87.9,82.6,57.9,6.8,82.4,low
STU-02351,69.4,68.7,62.1,5.4,69.5,low
STU-02352,83.3,72.2,64.3,6.2,72.6,low
STU-02353,90.1,78.7,82.9,8.6,64.9,low
STU-02354,77.7,100.0,45.5,5.0,33.2,medium
STU-02355,39.4,52.4,13.5,0.7,15.9,high
STU-02356,80.7,60.0,48.9,6.0,46.9,medium
STU-02357,77.1,44.1,81.1,7.5,60.6,high
STU-02358,96.6,92.9,74.5,8.5,88.5,low
STU-02359,92.5,78.5,95.4,8.3,86.0,low
STU-02360,100.0,100.0,100.0,10.0,80.4,low
STU-02361,92.5,100.0,78.8,10.0,77.5,low
STU-02362,75.9,48.7,54.2,2.3,36.7,medium
STU-02363,57.0,51.0,77.3,4.7,49.7,medium
STU-02364,74.6,61.4,62.9,7.6,68.7,medium
STU-02365,92.7,100.0,90.1,9.0,100.0,low
STU-02366,65.2,90.0,59.9,7.1,86.0,low
STU-02367,97.0,87.5,61.7,5.9,84.4,low
STU-02368,89.5,81.3,86.5,6.6,73.0,low
STU-02369,71.2,70.1,53.1,2.7,63.6,medium
STU-02370,53.9,57.6,63.7,5.1,60.0,medium
STU-02371,48.5,38.7,23.5,1.6,15.5,high
STU-02372,100.0,83.1,100.0,8.6,62.9,low
STU-02373,76.3,63.2,84.4,8.1,65.9,low
STU-02374,58.7,99.3,74.9,5.8,79.5,low
STU-02375,62.7,68.2,73.4,8.0,69.9,low
STU-02376,94.9,29.6,81.0,8.0,19.6,high
STU-02377,66.1,76.1,90.6,8.5,96.7,low
STU-02378,21.0,24.2,29.4,0.0,50.1,high
STU-02379,82.8,75.8,100.0,9.5,73.9,low
STU-02380,53.8,46.5,41.4,3.5,44.4,high
STU-02381,81.4,39.3,62.7,8.1,57.6,high
STU-02382,59.9,75.8,69.7,5.5,86.9,low
STU-02383,75.2,50.1,30.9,3.7,31.6,high
STU-02384,89.8,57.7,71.0,8.6,50.6,low
STU-02385,50.1,73.0,73.0,2.7,65.5,low
STU-02386,66.2,54.4,61.9,4.4,38.4,medium
STU-02387,77.0,29.9,48.3,7.0,59.0,medium
STU-02388,69.4,97.4,57.6,5.8,79.6,low
STU-02389,55.1,39.2,66.7,2.7,87.8,medium
STU-02390,76.3,62.2,54.7,6.1,81.6,medium
STU-02391,64.6,15.2,24.7,1.4,21.7,high
STU-02392,63.8,94.1,47.6,5.2,73.5,low
STU-02393,59.0,27.6,25.5,2.5,31.3,high
STU-02394,78.6,100.0,98.4,7.3,93.1,low
STU-02395,76.7,53.3,57.4,3.6,48.4,medium
STU-02396,38.5,23.9,47.5,3.5,17.8,high
STU-02397,52.6,24.7,43.2,5.5,47.3,high
STU-02398,99.0,77.3,60.8,8.4,74.3,low
STU-02399,43.5,33.0,50.5,6.1,56.8,high
STU-02400,82.9,70.1,55.8,7.0,74.1,low
STU-02401,86.3,84.9,100.0,10.0,60.3,low
STU-02402,49.4,95.9,83.9,5.7,84.8,high
STU-02403,61.9,50.8,64.8,3.1,70.8,medium
STU-02404,67.7,48.2,60.2,6.4,58.6,medium
STU-02405,68.8,22.4,59.4,6.4,45.7,medium
STU-02406,73.4,4.4,56.1,5.6,37.5,high
STU-02407,83.4,83.7,75.4,3.7,64.9,medium
STU-02408,84.5,75.4,60.8,5.7,76.2,low
STU-02409,50.3,26.6,25.8,5.5,25.5,high
STU-02410,76.9,56.5,53.2,4.3,44.0,medium
STU-02411,96.2,54.4,89.1,9.0,90.3,low
STU-02412,73.9,100.0,100.0,10.0,86.7,low
STU-02413,85.9,15.0,51.7,7.1,30.3,high
STU-02414,80.4,32.5,59.5,6.6,26.9,medium
STU-02415,80.2,78.2,58.2,7.2,68.8,medium
STU-02416,100.0,97.4,91.4,10.0,100.0,low
STU-02417,79.7,51.7,71.4,4.0,33.2,medium
STU-02418,66.3,40.7,56.9,5.5,54.1,medium
STU-02419,84.5,80.7,53.8,7.9,66.1,low
STU-02420,35.2,0.0,6.3,3.3,12.4,high
STU-02421,58.5,36.9,45.1,8.5,17.9,high
STU-02422,75.1,70.5,72.5,7.6,63.3,low
STU-02423,97.8,88.7,100.0,7.6,68.4,low
STU-02424,61.2,55.9,78.9,4.5,54.2,medium
STU-02425,67.9,63.4,66.8,8.1,67.6,medium
STU-02426,52.6,42.7,72.5,1.7,43.1,high
STU-02427,64.3,67.3,72.7,5.3,100.0,low
STU-02428,42.6,49.6,62.4,3.9,26.4,high
STU-02429,62.6,48.0,45.0,2.6,83.9,high
STU-02430,80.4,91.4,72.0,9.5,93.1,low
STU-02431,97.0,51.1,55.9,7.2,33.5,medium
STU-02432,88.9,67.6,74.8,7.2,83.5,low
STU-02433,83.4,23.2,100.0,7.0,44.0,medium
STU-02434,82.0,82.8,55.5,5.7,31.1,low
STU-02435,72.9,75.5,47.8,5.4,75.2,high
STU-02436,46.4,63.1,66.3,6.1,44.9,high
STU-02437,82.5,39.4,60.7,9.5,55.7,high
STU-02438,94.6,68.7,72.8,2.9,67.8,low
STU-02439,69.1,65.2,91.4,8.7,70.8,medium
STU-02440,45.7,47.6,27.5,6.7,40.1,high
STU-02441,42.5,53.2,73.1,7.2,71.1,medium
STU-02442,76.9,68.0,100.0,9.8,86.3,low
STU-02443,26.0,37.0,27.8,3.5,38.5,high
STU-02444,81.1,84.4,100.0,7.9,96.8,low
STU-02445,76.2,100.0,78.4,8.1,79.6,low
STU-02446,94.7,100.0,96.4,6.7,100.0,low
STU-02447,57.2,14.9,52.6,3.7,74.0,high
STU-02448,100.0,45.6,80.7,10.0,81.2,low
STU-02449,100.0,100.0,88.5,9.1,89.7,low
STU-02450,61.0,72.8,100.0,3.9,64.4,medium
STU-02451,61.4,58.8,75.4,6.7,62.9,low
STU-02452,69.5,51.7,63.0,4.7,49.2,high
STU-02453,69.1,94.6,66.4,7.9,83.7,low
STU-02454,66.1,17.0,55.2,3.7,69.4,high
STU-02455,88.9,74.6,55.1,3.1,56.9,low
STU-02456,82.1,97.7,100.0,8.1,60.9,low
STU-02457,71.3,81.2,92.3,5.5,89.6,low
STU-02458,50.9,50.5,55.0,2.3,50.0,high
STU-02459,36.0,14.7,34.0,1.4,48.7,high
STU-02460,57.0,6.9,43.8,6.0,35.7,high
STU-02461,48.4,43.4,45.8,1.8,40.1,high
STU-02462,69.0,45.8,74.0,6.9,46.5,medium
STU-02463,48.9,52.0,45.9,1.3,58.4,high
STU-02464,87.9,54.9,51.2,5.9,23.7,high
STU-02465,52.3,34.4,58.0,3.7,37.9,high
STU-02466,82.2,71.3,48.6,5.2,67.2,medium
STU-02467,57.6,53.5,55.3,6.2,47.8,medium
STU-02468,90.0,100.0,100.0,10.0,94.4,low
STU-02469,74.2,73.5,42.6,6.8,73.5,medium
STU-02470,100.0,94.6,97.7,6.2,66.1,low
STU-02471,88.4,61.6,97.1,7.4,58.3,low
STU-02472,100.0,66.4,86.3,10.0,51.9,low
STU-02473,74.0,85.1,100.0,5.3,49.9,low
STU-02474,89.1,53.2,76.2,8.3,78.8,low
STU-02475,100.0,53.5,76.3,6.4,77.5,medium
STU-02476,76.4,63.3,78.7,9.3,79.8,low
STU-02477,67.3,36.9,50.4,6.3,45.1,high
STU-02478,100.0,69.6,68.4,5.2,80.5,low
STU-02479,83.7,76.3,92.4,5.9,79.1,low
STU-02480,93.8,58.1,68.8,9.0,66.5,low
STU-02481,100.0,100.0,100.0,10.0,89.6,low
STU-02482,42.7,47.9,54.5,2.6,58.2,high
STU-02483,54.2,59.5,74.1,2.7,68.4,medium
STU-02484,46.1,71.6,24.0,5.4,51.0,high
STU-02485,89.0,77.4,59.1,6.5,63.4,low
STU-02486,53.1,54.8,51.2,4.5,43.9,medium
STU-02487,85.9,39.6,94.1,8.6,77.6,high
STU-02488,80.7,80.6,78.1,6.1,100.0,low
STU-02489,51.2,93.3,83.1,4.8,69.6,low
STU-02490,100.0,72.6,100.0,10.0,86.4,low
STU-02491,33.0,71.2,54.0,3.6,86.5,high
STU-02492,84.7,61.5,79.5,10.0,47.0,low
STU-02493,64.8,83.6,86.1,10.0,52.0,low
STU-02494,26.5,53.3,28.1,2.2,43.3,high
STU-02495,100.0,100.0,100.0,8.6,88.2,low
STU-02496,100.0,93.4,100.0,9.9,100.0,low
STU-02497,46.2,35.2,54.8,5.0,75.6,high
STU-02498,39.9,23.0,12.2,2.8,20.5,high
STU-02499,24.7,57.9,43.9,4.0,79.8,high
STU-02500,100.0,82.2,100.0,10.0,76.8,low
STU-02501,61.8,63.6,48.2,2.0,58.0,medium
STU-02502,63.5,91.6,34.5,5.9,51.3,low
STU-02503,55.6,80.5,77.9,7.9,80.0,low
STU-02504,56.5,95.0,47.6,2.8,83.0,low
STU-02505,51.7,66.5,51.6,6.5,65.1,low
STU-02506,76.9,79.5,88.5,7.2,72.9,low
STU-02507,87.4,85.3,93.3,6.7,83.4,low
STU-02508,75.5,49.5,44.1,7.4,67.6,medium
STU-02509,75.6,56.8,67.3,7.1,81.7,low
STU-02510,50.7,51.8,79.1,7.5,52.8,medium
STU-02511,66.9,54.7,48.6,4.6,38.3,high
STU-02512,60.4,78.6,84.3,6.6,87.2,low
STU-02513,71.6,56.6,53.3,5.9,84.2,medium
STU-02514,79.8,93.8,69.1,6.4,86.7,low
STU-02515,73.9,74.0,46.2,5.9,57.4,medium
STU-02516,84.5,58.2,49.9,8.3,61.8,medium
STU-02517,97.1,76.4,72.0,7.6,75.5,low
STU-02518,52.9,59.5,75.0,2.8,94.8,high
STU-02519,78.3,68.2,63.6,5.8,87.9,low
STU-02520,48.8,31.1,45.0,1.0,40.3,high
STU-02521,78.9,72.1,85.6,8.1,57.1,low
STU-02522,81.9,88.3,83.9,4.7,68.5,low
STU-02523,60.0,57.1,51.6,7.1,68.6,medium
STU-02524,65.7,13.9,37.1,4.6,17.8,high
STU-02525,67.5,100.0,74.3,10.0,100.0,low
STU-02526,96.9,85.9,61.8,3.8,65.9,low
STU-02527,100.0,66.6,78.6,6.6,53.9,low
STU-02528,95.5,36.3,72.2,3.3,68.0,medium
STU-02529,91.2,55.9,74.1,6.9,73.2,medium
STU-02530,89.9,87.0,62.4,5.9,65.4,low
STU-02531,90.5,89.4,82.8,10.0,90.2,low
STU-02532,100.0,97.1,100.0,10.0,56.9,low
STU-02533,88.3,65.8,92.8,9.1,94.0,low
STU-02534,100.0,80.9,89.2,10.0,95.8,low
STU-02535,83.9,67.0,88.6,9.4,80.7,low
STU-02536,63.0,80.8,67.8,7.7,91.0,low
STU-02537,74.8,56.5,78.6,6.1,45.9,medium
STU-02538,76.9,27.6,48.8,5.4,57.7,high
STU-02539,99.2,77.4,100.0,9.5,94.3,low
STU-02540,66.5,66.5,70.3,2.4,43.1,medium
STU-02541,77.0,52.5,81.0,9.4,62.9,low
STU-02542,73.3,54.4,87.9,4.4,58.3,low
STU-02543,96.3,60.2,76.2,6.4,81.6,low
STU-02544,73.6,82.0,95.1,8.6,64.0,low
STU-02545,100.0,88.1,100.0,6.2,59.0,low
STU-02546,61.9,37.3,17.3,5.2,33.5,high
STU-02547,100.0,65.2,89.1,4.8,57.8,low
STU-02548,84.5,75.9,100.0,9.0,100.0,low
STU-02549,45.7,38.7,50.6,4.4,19.5,high
STU-02550,95.3,75.9,92.7,7.7,88.9,low
STU-02551,50.6,26.4,28.5,2.5,24.8,high
STU-02552,65.2,71.5,56.1,6.9,89.5,low
STU-02553,45.0,64.2,91.2,4.6,60.1,high
STU-02554,76.8,7.7,50.3,5.5,31.5,high
STU-02555,85.0,100.0,86.3,9.4,74.8,low
STU-02556,82.2,57.1,48.7,3.6,62.0,low
STU-02557,79.2,39.4,6.0,5.0,9.5,high
STU-02558,94.9,100.0,100.0,10.0,89.1,low
STU-02559,79.2,100.0,79.2,4.1,78.8,low
STU-02560,50.6,58.0,66.4,5.5,72.6,high
STU-02561,72.6,70.2,59.2,5.3,93.8,low
STU-02562,39.2,32.8,60.2,3.3,77.8,high
STU-02563,50.1,91.7,49.8,3.4,96.2,high
STU-02564,88.4,100.0,84.6,8.9,100.0,low
STU-02565,76.0,97.5,82.1,7.5,88.1,low
STU-02566,65.5,50.6,57.3,9.7,74.9,medium
STU-02567,97.3,80.3,68.5,8.2,75.6,low
STU-02568,67.4,68.9,76.1,8.0,83.0,low
STU-02569,50.5,24.5,35.1,2.0,49.6,high
STU-02570,94.6,78.2,100.0,8.4,87.5,low
STU-02571,100.0,88.1,100.0,10.0,100.0,low
STU-02572,100.0,67.3,78.5,7.5,87.6,low
STU-02573,94.5,100.0,94.0,10.0,92.1,low
STU-02574,51.5,56.0,47.2,5.6,68.2,high
STU-02575,94.7,73.4,80.6,6.2,77.0,medium
STU-02576,100.0,85.0,100.0,9.0,64.0,low
STU-02577,73.3,46.2,58.2,7.1,44.0,medium
STU-02578,61.2,42.4,48.9,2.1,56.1,high
STU-02579,70.7,79.8,70.4,6.7,86.2,low
STU-02580,75.1,53.4,92.6,5.1,84.6,low
STU-02581,55.6,54.3,36.9,4.8,51.2,high
STU-02582,63.8,100.0,86.4,6.8,58.0,low
STU-02583,89.4,48.4,81.9,8.2,62.8,low
STU-02584,82.0,72.4,73.9,7.5,73.4,medium
STU-02585,81.6,96.3,88.4,8.2,76.6,low
STU-02586,54.9,64.2,38.3,3.2,87.7,high
STU-02587,56.1,66.9,45.3,4.9,59.1,high
STU-02588,58.1,100.0,73.3,4.4,100.0,low
STU-02589,82.1,76.9,98.2,7.9,56.4,low
STU-02590,100.0,90.6,100.0,8.8,93.0,low
STU-02591,97.5,77.0,87.5,8.9,54.7,low
STU-02592,88.9,100.0,100.0,10.0,100.0,low
STU-02593,55.8,64.1,59.3,5.7,76.0,medium
STU-02594,64.7,41.6,14.7,2.5,53.9,high
STU-02595,59.1,45.1,72.5,5.6,41.7,medium
STU-02596,42.6,53.3,52.1,1.2,53.1,high
STU-02597,100.0,95.2,99.5,10.0,95.9,low
STU-02598,45.3,79.3,46.1,3.3,65.8,high
STU-02599,50.0,52.9,62.5,3.1,33.4,medium
STU-02600,47.5,86.5,63.7,5.1,70.0,medium
STU-02601,73.2,50.2,61.2,6.6,34.9,medium
STU-02602,81.2,65.5,100.0,7.3,98.5,low
STU-02603,93.0,68.2,64.1,5.1,75.3,medium
STU-02604,73.9,41.5,74.3,6.1,92.8,medium
STU-02605,100.0,58.3,75.7,9.7,87.1,low
STU-02606,47.6,51.6,65.6,4.6,50.9,high
STU-02607,73.5,64.5,61.6,6.5,52.3,medium
STU-02608,93.7,41.2,69.7,9.3,78.1,medium
STU-02609,73.6,78.0,61.4,9.8,73.2,low
STU-02610,70.9,35.6,37.5,0.1,43.0,high
STU-02611,39.5,27.6,44.2,2.4,37.3,high
STU-02612,81.4,67.7,100.0,8.9,92.9,low
STU-02613,32.2,63.0,28.2,4.2,78.8,high
STU-02614,47.0,30.5,36.4,1.9,58.3,high
STU-02615,69.9,8.1,46.3,4.6,19.5,high
STU-02616,72.0,29.0,41.2,7.4,36.7,high
STU-02617,48.3,59.0,37.4,3.0,71.3,high
STU-02618,89.8,87.8,85.1,9.7,65.0,low
STU-02619,33.1,30.5,45.7,6.3,51.3,high
STU-02620,62.7,99.6,76.6,7.3,81.0,low
STU-02621,63.0,51.4,48.6,5.7,86.0,medium
STU-02622,74.7,17.0,57.3,6.0,36.8,medium
STU-02623,61.4,91.8,53.2,5.3,76.6,low
STU-02624,98.3,90.1,87.0,7.1,82.1,low
STU-02625,59.5,53.2,63.8,7.7,53.7,medium
STU-02626,81.3,65.8,81.6,7.8,58.1,low
STU-02627,66.0,100.0,71.4,4.7,71.1,low
STU-02628,100.0,97.5,100.0,10.0,90.6,low
STU-02629,41.0,31.7,28.3,0.0,30.6,high
STU-02630,26.4,55.2,43.0,5.7,56.2,high
STU-02631,100.0,80.3,78.0,9.1,100.0,low
STU-02632,96.3,46.2,81.8,6.3,78.4,low
STU-02633,73.8,67.0,61.4,6.9,92.4,low
STU-02634,67.7,89.5,73.4,9.0,65.5,low
STU-02635,96.6,100.0,100.0,8.4,95.4,low
STU-02636,100.0,87.1,80.5,7.7,87.5,low
STU-02637,66.1,38.3,50.6,2.8,44.2,high
STU-02638,63.7,56.5,47.2,6.4,42.2,medium
STU-02639,94.3,94.5,58.1,8.9,56.0,low
STU-02640,95.4,42.6,80.1,8.6,64.8,medium
STU-02641,90.0,100.0,100.0,10.0,65.5,low
STU-02642,92.0,64.6,84.3,5.5,54.9,low
STU-02643,54.0,17.4,46.4,1.5,48.1,high
STU-02644,100.0,63.5,60.4,9.1,28.2,low
STU-02645,51.2,70.7,84.6,5.4,100.0,medium
STU-02646,81.1,58.0,53.7,4.9,64.9,medium
STU-02647,65.6,70.3,93.0,6.3,85.1,medium
STU-02648,65.9,48.0,47.5,6.1,46.3,medium
STU-02649,100.0,45.6,100.0,5.8,79.6,medium
STU-02650,70.5,100.0,90.7,6.8,92.0,low
STU-02651,58.0,37.5,60.0,5.2,67.8,medium
STU-02652,61.7,16.3,33.0,2.2,41.8,high
STU-02653,75.7,75.1,75.7,8.1,75.3,low
STU-02654,70.4,43.4,31.6,3.3,45.4,high
STU-02655,59.2,74.5,91.4,8.3,79.4,low
STU-02656,67.9,57.6,49.2,4.0,60.3,medium
STU-02657,100.0,100.0,88.5,10.0,75.6,low
STU-02658,65.9,37.8,49.3,4.9,38.8,medium
STU-02659,17.8,48.3,34.5,2.2,50.0,high
STU-02660,100.0,88.4,83.4,5.4,73.8,low
STU-02661,76.2,65.6,73.0,4.6,55.1,low
STU-02662,50.4,40.1,57.6,5.2,49.1,high
STU-02663,67.5,65.3,55.5,2.2,44.7,medium
STU-02664,55.8,18.7,41.9,0.0,51.7,high
STU-02665,100.0,63.9,79.0,7.5,75.0,low
STU-02666,84.5,61.5,60.6,6.9,54.2,low
STU-02667,41.4,49.3,34.9,3.5,42.3,high
STU-02668,54.9,46.5,79.7,4.7,71.5,high
STU-02669,95.5,60.0,80.7,8.1,59.8,low
STU-02670,51.4,44.4,56.4,6.6,53.1,high
STU-02671,76.5,69.9,33.4,7.1,67.8,medium
STU-02672,55.5,68.8,59.3,7.5,73.6,medium
STU-02673,63.5,52.0,25.2,5.5,39.2,high
STU-02674,89.4,79.9,76.4,8.5,79.7,low
STU-02675,63.8,68.3,66.8,5.8,48.7,medium
STU-02676,39.0,58.0,88.4,3.6,54.7,high
STU-02677,94.2,100.0,93.1,7.8,100.0,low
STU-02678,69.2,76.0,78.5,4.8,64.5,low
STU-02679,65.6,11.4,28.1,6.1,40.3,high
STU-02680,51.8,61.0,42.5,5.4,79.6,medium
STU-02681,59.4,78.0,91.6,6.6,78.0,low
STU-02682,87.6,56.0,69.2,9.0,73.5,low
STU-02683,82.5,100.0,55.7,6.8,71.0,low
STU-02684,64.6,51.1,68.1,4.3,66.0,medium
STU-02685,76.7,30.2,46.3,6.6,50.8,high
STU-02686,74.4,71.7,80.4,7.9,87.8,low
STU-02687,62.7,15.9,58.3,4.4,49.8,medium
STU-02688,67.5,71.6,64.8,8.9,63.6,low
STU-02689,100.0,100.0,100.0,8.5,100.0,low
STU-02690,78.7,42.8,72.9,6.7,53.0,medium
STU-02691,37.8,39.5,67.5,3.3,55.0,high
STU-02692,68.8,36.8,80.1,4.3,41.5,medium
STU-02693,78.3,48.5,73.7,7.3,63.4,medium
STU-02694,100.0,67.9,100.0,10.0,69.5,low
STU-02695,100.0,96.4,100.0,9.6,83.3,low
STU-02696,48.4,46.3,74.5,4.7,76.8,high
STU-02697,86.6,68.3,90.2,9.8,78.8,low
STU-02698,61.6,49.9,62.2,4.4,81.8,medium
STU-02699,100.0,64.7,87.7,8.3,91.7,low
STU-02700,88.8,73.5,52.7,6.7,56.7,low
STU-02701,56.6,76.5,69.0,5.6,67.6,medium
STU-02702,78.2,61.9,79.0,7.5,73.2,medium
STU-02703,90.2,94.2,85.9,8.4,63.6,low
STU-02704,88.0,100.0,74.1,7.0,63.7,low
STU-02705,75.6,66.2,51.1,5.9,73.4,medium
STU-02706,55.9,69.5,46.4,2.8,53.4,high
STU-02707,82.0,59.4,80.9,9.7,70.8,low
STU-02708,53.2,13.2,16.0,5.0,0.0,high
STU-02709,67.7,47.7,93.7,6.7,53.8,medium
STU-02710,85.2,76.7,36.6,4.2,80.8,medium
STU-02711,87.3,70.2,49.0,8.3,82.0,low
STU-02712,86.1,88.9,78.3,5.9,83.8,low
STU-02713,73.6,43.0,73.7,7.2,53.2,medium
STU-02714,28.4,21.0,16.8,0.0,33.7,high
STU-02715,81.0,47.3,74.4,10.0,64.3,medium
STU-02716,89.1,70.4,73.0,6.9,57.4,low
STU-02717,33.7,51.3,55.8,7.1,54.3,high
STU-02718,54.0,57.8,21.9,3.6,54.0,high
STU-02719,83.2,91.4,100.0,5.8,67.6,low
STU-02720,98.0,19.1,68.8,8.6,65.8,medium
STU-02721,75.2,45.6,88.6,7.0,67.1,medium
STU-02722,100.0,95.3,93.8,9.7,83.4,low
STU-02723,100.0,46.2,68.6,7.2,21.1,high
STU-02724,71.9,37.8,68.1,6.5,79.0,medium
STU-02725,61.1,50.3,62.2,4.7,40.8,medium
STU-02726,55.6,39.7,59.9,6.2,63.2,high
STU-02727,61.8,35.5,72.5,5.0,41.2,high
STU-02728,88.1,63.0,91.7,8.6,70.8,low
STU-02729,73.0,98.0,62.0,9.6,77.3,low
STU-02730,72.8,43.2,64.8,6.0,49.9,medium
STU-02731,69.2,18.1,58.6,5.6,47.1,high
STU-02732,76.6,45.2,62.1,7.6,48.2,medium
STU-02733,100.0,100.0,100.0,10.0,100.0,low
STU-02734,92.5,55.8,92.4,5.9,72.6,low
STU-02735,100.0,72.7,81.7,6.2,93.3,low
STU-02736,41.0,45.5,61.1,3.7,36.0,high
STU-02737,100.0,65.2,77.0,10.0,88.0,low
STU-02738,61.5,55.6,78.4,4.7,73.0,medium
STU-02739,83.3,100.0,100.0,7.3,97.4,low
STU-02740,61.9,71.1,50.2,3.5,89.3,medium
STU-02741,91.6,62.7,52.2,7.8,75.9,low
STU-02742,64.6,89.2,48.5,6.1,84.4,low
STU-02743,65.6,52.1,47.9,6.0,40.9,high
STU-02744,36.3,14.0,15.3,3.6,31.3,high
STU-02745,97.2,76.6,100.0,10.0,100.0,low
STU-02746,100.0,98.3,80.9,5.7,85.9,low
STU-02747,100.0,88.4,91.8,10.0,98.9,low
STU-02748,58.2,80.2,38.7,2.2,59.0,high
STU-02749,81.9,100.0,88.4,7.8,57.3,low
STU-02750,34.8,60.1,43.5,4.5,84.3,high
STU-02751,77.4,49.4,62.2,5.1,73.5,medium
STU-02752,56.7,61.0,20.7,8.2,55.0,high
STU-02753,54.2,60.7,54.7,5.1,25.2,medium
STU-02754,47.1,43.5,59.1,4.5,61.1,high
STU-02755,62.8,100.0,69.4,5.2,89.9,low
STU-02756,65.7,6.5,35.1,1.0,42.7,high
STU-02757,58.3,51.6,73.5,3.7,82.2,medium
STU-02758,86.2,75.2,74.8,6.1,70.4,low
STU-02759,51.6,100.0,93.7,10.0,84.0,low
STU-02760,71.2,81.1,90.8,5.3,59.1,low
STU-02761,63.1,67.1,87.9,9.6,64.8,low
STU-02762,56.6,38.5,42.4,2.0,29.2,high
STU-02763,73.4,68.0,42.3,5.4,58.4,high
STU-02764,74.7,77.0,90.6,8.3,54.8,low
STU-02765,77.9,44.9,43.8,7.5,91.0,high
STU-02766,70.0,59.4,38.5,5.7,50.5,medium
STU-02767,93.2,45.0,55.6,6.1,46.5,low
STU-02768,67.9,99.5,88.7,7.4,95.4,low
STU-02769,38.0,63.4,62.7,7.4,70.2,high
STU-02770,72.4,90.7,91.3,8.9,85.2,low
STU-02771,86.1,66.1,73.2,6.4,95.9,low
STU-02772,92.2,73.7,57.6,5.4,73.9,medium
STU-02773,61.8,56.7,44.3,3.5,69.5,medium
STU-02774,47.9,54.2,57.0,6.9,67.0,high
STU-02775,92.7,64.1,50.0,5.6,65.4,medium
STU-02776,100.0,100.0,82.6,8.2,100.0,low
STU-02777,63.7,85.4,84.6,5.8,79.7,low
STU-02778,82.6,63.6,62.7,7.3,61.4,medium
STU-02779,94.1,65.4,81.8,9.5,74.5,low
STU-02780,56.9,22.4,30.0,4.0,51.1,high
STU-02781,64.3,100.0,59.5,5.3,63.2,low
STU-02782,35.5,43.7,6.8,2.9,68.0,high
STU-02783,47.2,62.7,61.5,6.4,66.5,high
STU-02784,57.3,61.2,56.2,7.7,77.1,medium
STU-02785,85.3,94.0,68.9,9.5,59.1,low
STU-02786,91.0,87.6,91.6,4.3,72.8,low
STU-02787,100.0,93.3,97.8,10.0,58.6,low
STU-02788,89.9,56.0,50.7,3.2,38.4,high
STU-02789,84.2,76.9,73.6,9.6,54.3,low
STU-02790,89.9,57.1,96.1,8.8,62.6,low
STU-02791,67.4,91.8,74.6,9.5,76.4,low
STU-02792,91.5,65.1,91.1,6.5,69.3,low
STU-02793,100.0,63.5,91.2,7.9,74.6,low
STU-02794,63.2,28.9,77.4,5.5,59.3,high
STU-02795,100.0,100.0,89.7,7.9,53.1,low
STU-02796,57.5,93.8,56.8,4.2,72.4,medium
STU-02797,51.8,39.1,38.0,0.9,69.7,high
STU-02798,89.2,68.0,61.3,5.3,56.4,medium
STU-02799,47.9,47.8,73.1,6.3,74.7,high
STU-02800,59.6,45.0,42.0,5.3,52.8,high
STU-02801,44.3,32.0,66.1,6.6,48.7,high
STU-02802,65.0,65.8,77.4,5.3,88.9,low
STU-02803,75.2,79.4,84.3,9.1,79.3,low
STU-02804,81.2,66.4,53.4,6.2,47.4,medium
STU-02805,70.8,68.8,44.5,4.7,55.2,medium
STU-02806,85.0,89.1,80.3,7.3,45.6,low
STU-02807,73.5,100.0,71.3,8.3,100.0,low
STU-02808,74.3,36.7,60.2,7.5,25.3,high
STU-02809,71.6,75.9,75.2,8.6,93.9,low
STU-02810,68.2,46.7,24.9,8.6,58.9,high
STU-02811,63.0,40.1,52.0,5.5,44.2,high
STU-02812,58.0,68.3,48.4,5.8,60.3,high
STU-02813,43.6,53.9,42.3,5.3,38.2,high
STU-02814,74.2,72.4,61.2,8.9,47.0,low
STU-02815,61.5,37.7,63.2,6.5,36.1,high
STU-02816,46.0,56.4,47.5,3.6,62.0,high
STU-02817,33.0,55.0,71.8,8.2,37.7,high
STU-02818,91.1,87.9,66.2,9.7,94.0,low
STU-02819,97.2,79.7,57.6,9.3,85.7,low
STU-02820,35.6,55.6,90.2,5.9,59.8,high
STU-02821,44.8,4.3,5.3,4.6,43.8,high
STU-02822,52.3,61.0,44.6,5.5,69.9,medium
STU-02823,56.6,70.4,49.9,5.9,68.0,high
STU-02824,83.6,53.7,71.6,9.4,68.5,low
STU-02825,73.7,79.7,53.4,5.2,58.0,low
STU-02826,50.8,39.6,76.6,6.3,49.9,medium
STU-02827,72.9,87.4,88.2,8.6,88.9,low
STU-02828,77.8,100.0,64.4,8.6,88.3,low
STU-02829,53.6,29.6,21.1,2.3,19.0,high
STU-02830,77.4,99.6,83.2,6.7,64.2,low
STU-02831,88.5,53.7,64.5,9.6,77.2,medium
STU-02832,71.7,90.4,66.2,5.6,94.7,low
STU-02833,100.0,72.5,100.0,10.0,100.0,low
STU-02834,61.6,33.8,13.6,4.2,54.9,high
STU-02835,78.1,86.4,91.0,10.0,75.5,low
STU-02836,87.7,59.2,93.8,10.0,67.9,low
STU-02837,98.2,75.5,51.1,3.9,63.8,medium
STU-02838,55.4,76.0,79.7,7.2,73.8,low
STU-02839,65.0,84.5,53.4,6.2,85.7,low
STU-02840,73.5,83.0,52.3,4.0,57.2,medium
STU-02841,79.0,54.9,55.0,8.5,68.0,medium
STU-02842,87.3,90.9,43.8,4.3,97.7,low
STU-02843,59.7,68.3,43.5,2.9,66.2,medium
STU-02844,100.0,92.2,100.0,10.0,73.0,low
STU-02845,55.3,65.8,40.7,6.7,59.0,medium
STU-02846,73.0,49.7,46.3,4.7,32.7,high
STU-02847,54.9,32.0,43.1,3.6,42.3,high
STU-02848,59.1,61.2,61.5,5.0,57.3,medium
STU-02849,88.4,68.3,65.4,6.8,83.8,low
STU-02850,72.3,77.0,78.0,6.5,81.8,low
STU-02851,91.5,57.6,64.4,6.1,49.3,medium
STU-02852,94.3,100.0,88.4,9.1,100.0,low
STU-02853,80.3,100.0,100.0,7.4,81.2,low
STU-02854,62.0,71.8,66.2,7.2,78.3,low
STU-02855,93.2,46.1,65.1,4.0,44.2,medium
STU-02856,83.3,65.5,100.0,8.0,79.1,low
STU-02857,40.8,51.0,59.9,5.8,63.5,high
STU-02858,99.5,61.0,83.4,6.9,66.3,medium
STU-02859,74.5,64.8,73.7,7.1,62.4,medium
STU-02860,54.0,45.2,48.1,7.2,41.4,medium
STU-02861,73.0,23.3,20.9,5.0,42.3,high
STU-02862,42.9,76.7,68.7,7.3,64.8,medium
STU-02863,60.0,49.2,78.5,7.3,66.6,high
STU-02864,82.9,83.1,100.0,8.7,100.0,low
STU-02865,68.4,55.5,45.6,5.9,43.2,low
STU-02866,100.0,61.6,72.2,3.3,48.5,medium
STU-02867,84.0,76.5,82.7,7.2,72.4,low
STU-02868,100.0,100.0,100.0,9.2,99.9,low
STU-02869,96.2,55.8,52.1,7.5,82.5,low
STU-02870,84.9,57.2,89.1,9.0,70.1,low
STU-02871,39.8,45.8,8.3,0.0,28.0,high
STU-02872,66.2,68.9,66.2,5.9,48.3,medium
STU-02873,68.3,46.2,42.7,0.9,8.3,high
STU-02874,39.2,18.0,26.0,3.6,37.7,high
STU-02875,80.8,84.5,79.7,7.4,82.6,low
STU-02876,54.3,0.0,38.2,2.8,31.7,high
STU-02877,55.0,30.7,37.8,2.6,70.4,high
STU-02878,56.8,60.8,47.7,5.0,49.3,medium
STU-02879,81.7,46.1,49.8,10.0,43.7,medium
STU-02880,81.1,76.4,42.5,4.4,82.1,medium
STU-02881,100.0,73.3,76.8,8.2,85.8,low
STU-02882,68.7,80.0,78.7,6.0,91.7,low
STU-02883,82.7,74.0,74.5,9.9,67.1,low
STU-02884,80.7,97.0,97.6,9.7,78.4,low
STU-02885,76.7,76.3,41.3,3.0,34.4,medium
STU-02886,90.7,80.3,97.5,9.5,100.0,low
STU-02887,78.8,76.1,91.1,7.5,58.2,low
STU-02888,84.6,78.3,78.7,7.0,52.8,low
STU-02889,82.4,33.3,38.2,4.1,52.6,high
STU-02890,72.9,59.1,77.2,7.8,63.1,medium
STU-02891,92.9,67.4,80.9,10.0,73.3,low
STU-02892,98.3,42.9,100.0,4.9,70.7,medium
STU-02893,75.5,69.7,42.0,3.6,52.4,medium
STU-02894,70.7,37.2,60.3,7.6,48.1,high
STU-02895,65.1,49.8,36.0,2.4,39.2,high
STU-02896,93.8,43.2,67.8,9.9,71.0,high
STU-02897,100.0,100.0,76.2,6.7,82.1,low
STU-02898,59.6,53.1,68.9,3.9,69.3,medium
STU-02899,63.3,67.2,47.8,5.4,43.4,medium
STU-02900,82.6,76.3,74.0,8.2,54.3,low
STU-02901,79.3,60.6,95.8,5.9,82.1,low
STU-02902,45.2,51.4,30.3,4.1,44.3,high
STU-02903,89.1,78.4,100.0,8.2,91.9,low
STU-02904,71.1,54.3,40.8,6.4,28.4,high
STU-02905,50.5,56.8,30.4,4.5,52.0,high
STU-02906,70.4,66.7,68.7,5.3,83.4,low
STU-02907,100.0,99.2,100.0,9.5,100.0,low
STU-02908,53.7,51.9,73.3,1.4,55.6,medium
STU-02909,57.7,48.4,31.5,3.2,58.0,high
STU-02910,82.2,83.9,95.6,9.6,98.9,low
STU-02911,69.4,70.5,60.2,7.1,56.3,medium
STU-02912,49.5,97.1,87.8,5.2,100.0,high
STU-02913,85.0,80.8,90.5,9.8,86.4,low
STU-02914,64.2,47.7,54.0,7.0,45.2,high
STU-02915,80.0,68.7,65.6,8.2,84.5,low
STU-02916,64.0,100.0,75.7,5.3,81.7,low
STU-02917,48.4,86.5,63.6,9.5,98.1,high
STU-02918,100.0,79.6,97.0,9.1,94.1,low
STU-02919,44.4,30.5,0.0,5.5,30.4,high
STU-02920,100.0,80.9,89.3,8.6,100.0,low
STU-02921,87.6,69.9,94.6,6.2,60.4,low
STU-02922,90.0,62.1,76.6,4.8,70.5,low
STU-02923,57.2,45.7,35.1,7.6,48.2,high
STU-02924,88.7,76.1,83.6,6.3,40.4,low
STU-02925,84.8,88.3,72.4,10.0,60.1,low
STU-02926,100.0,96.7,95.2,8.9,97.2,low
STU-02927,47.0,79.7,59.5,4.5,69.3,high
STU-02928,78.6,64.0,51.9,6.4,63.3,medium
STU-02929,78.2,21.8,75.9,5.8,50.2,medium
STU-02930,62.7,37.9,58.2,4.8,71.5,medium
STU-02931,100.0,62.1,89.8,7.6,40.7,low
STU-02932,100.0,100.0,100.0,10.0,85.7,low
STU-02933,73.7,76.0,79.5,6.7,80.0,low
STU-02934,76.8,98.3,86.7,4.5,100.0,low
STU-02935,63.2,70.1,37.1,2.4,64.9,high
STU-02936,78.4,0.7,15.8,4.7,2.2,high
STU-02937,54.8,60.1,37.7,4.6,53.0,high
STU-02938,71.2,74.3,100.0,6.5,90.6,low
STU-02939,43.5,75.6,31.1,8.3,33.2,high
STU-02940,16.7,29.1,25.3,0.0,22.4,high
STU-02941,45.6,77.5,66.5,4.1,100.0,high
STU-02942,52.7,78.4,63.4,5.6,86.0,high
STU-02943,62.0,48.0,57.3,4.2,49.3,medium
STU-02944,76.3,81.2,66.1,7.8,81.8,low
STU-02945,58.0,43.3,54.0,5.1,66.7,medium
STU-02946,46.2,50.5,60.3,4.6,59.3,high
STU-02947,78.0,66.1,100.0,5.9,89.8,low
STU-02948,63.8,52.4,56.5,5.6,54.8,medium
STU-02949,86.3,62.8,58.0,5.7,99.8,medium
STU-02950,79.0,69.5,46.3,4.0,65.3,medium
STU-02951,72.3,46.0,44.0,8.2,33.0,high
STU-02952,76.6,54.1,50.4,7.9,74.7,medium
STU-02953,68.4,78.2,66.1,5.7,95.9,low
STU-02954,60.8,12.2,22.5,3.6,3.7,high
STU-02955,82.1,37.4,57.9,6.1,45.6,medium
STU-02956,63.1,56.5,42.0,3.3,48.8,high
STU-02957,91.7,100.0,94.1,7.9,83.9,low
STU-02958,53.7,69.6,61.4,5.6,75.9,low
STU-02959,61.9,63.5,62.2,6.9,58.8,medium
STU-02960,47.4,79.5,86.4,9.5,90.0,medium
STU-02961,38.9,36.1,26.7,4.3,29.6,high
STU-02962,73.2,77.8,48.6,5.7,82.4,medium
STU-02963,100.0,85.3,100.0,10.0,95.1,low
STU-02964,65.1,44.8,49.7,4.0,34.3,medium
STU-02965,66.9,66.5,72.1,3.7,69.8,medium
STU-02966,36.2,0.0,39.5,4.4,46.5,high
STU-02967,55.0,79.8,57.8,5.7,59.6,low
STU-02968,45.1,55.7,43.7,8.9,68.2,high
STU-02969,50.0,96.3,79.9,6.4,94.4,medium
STU-02970,47.2,75.9,64.0,6.8,56.6,medium
STU-02971,90.2,96.9,73.1,5.7,98.5,low
STU-02972,69.3,42.8,42.3,2.1,70.6,high
STU-02973,71.5,64.6,46.9,8.8,43.6,low
STU-02974,75.9,58.1,53.2,3.8,67.5,low
STU-02975,35.5,26.9,35.2,4.0,69.0,high
STU-02976,66.3,64.3,69.9,8.6,40.0,medium
STU-02977,79.8,37.8,60.4,4.0,61.2,high
STU-02978,69.6,57.4,46.3,4.1,53.7,medium
STU-02979,82.3,65.3,72.4,7.9,71.6,low
STU-02980,75.2,90.2,89.7,3.7,83.1,low
STU-02981,100.0,56.9,71.8,8.4,69.6,low
STU-02982,80.4,98.0,75.9,7.1,84.6,low
STU-02983,100.0,95.1,76.8,8.4,53.9,low
STU-02984,65.9,47.3,86.2,10.0,46.3,medium
STU-02985,51.1,40.8,42.8,4.0,56.1,high
STU-02986,62.9,43.4,64.6,0.6,69.8,medium
STU-02987,100.0,72.8,85.7,9.8,76.2,low
STU-02988,100.0,100.0,100.0,10.0,100.0,low
STU-02989,56.8,57.6,60.3,6.1,55.5,medium
STU-02990,100.0,96.4,100.0,7.9,100.0,low
STU-02991,84.4,80.5,87.6,9.2,83.7,low
STU-02992,66.7,62.4,96.5,7.1,91.5,low
STU-02993,100.0,85.6,71.0,6.3,86.2,low
STU-02994,100.0,100.0,100.0,9.8,90.2,low
STU-02995,74.3,42.3,49.2,4.6,29.2,high
STU-02996,76.8,54.3,73.4,7.6,60.6,medium
STU-02997,49.3,59.2,50.1,4.1,42.9,high
STU-02998,66.4,100.0,82.3,5.4,81.5,low
STU-02999,43.1,89.8,51.2,5.4,75.4,high
STU-03000,63.5,58.0,41.8,3.8,61.1,high
STU-03001,100.0,100.0,70.4,6.9,100.0,low
STU-03002,100.0,100.0,93.4,9.6,66.5,low
STU-03003,92.0,100.0,92.4,7.3,94.9,low
STU-03004,79.8,45.8,82.6,6.2,46.3,medium
STU-03005,66.0,32.5,62.9,7.7,77.2,high
STU-03006,85.5,35.8,80.8,8.6,70.8,medium
STU-03007,76.3,38.7,63.3,9.0,29.1,medium
STU-03008,74.8,96.0,82.7,10.0,91.1,low
STU-03009,55.9,42.5,32.1,2.5,46.9,high
STU-03010,76.9,62.5,61.3,5.1,67.5,low
STU-03011,69.3,93.3,93.6,6.8,93.6,low
STU-03012,77.0,69.2,100.0,8.0,56.5,low
STU-03013,96.8,37.3,69.7,9.2,76.1,medium
STU-03014,46.7,55.3,35.1,4.4,68.2,high
STU-03015,90.4,94.7,93.5,10.0,83.4,low
STU-03016,58.4,58.0,55.8,7.4,58.6,medium
STU-03017,90.3,59.0,95.8,6.0,55.0,low
STU-03018,94.8,67.7,76.3,8.8,72.3,low
STU-03019,100.0,67.0,71.3,6.7,64.1,low
STU-03020,72.9,50.2,47.2,6.8,56.1,medium
STU-03021,30.9,22.0,35.8,2.6,28.9,high
STU-03022,100.0,100.0,77.0,5.3,96.7,low
STU-03023,94.4,60.2,69.7,7.2,79.1,low
STU-03024,40.9,48.3,55.7,6.0,36.2,high
STU-03025,68.7,60.0,56.3,5.5,71.1,medium
STU-03026,65.2,59.7,70.7,4.9,68.7,medium
STU-03027,76.8,67.7,61.4,5.3,73.5,medium
STU-03028,20.4,51.1,51.4,4.5,32.2,high
STU-03029,60.5,72.7,54.2,1.9,49.6,high
STU-03030,85.8,73.9,70.3,7.6,76.5,low
STU-03031,8.1,40.8,32.4,2.3,42.4,high
STU-03032,72.1,49.4,36.0,7.0,88.9,medium
STU-03033,46.3,6.3,19.7,2.4,44.3,high
STU-03034,54.4,85.8,58.4,7.5,36.4,medium
STU-03035,81.6,72.7,97.7,10.0,85.5,low
STU-03036,46.3,57.1,51.6,2.8,94.5,high
STU-03037,51.2,74.3,96.8,8.4,75.4,low
STU-03038,100.0,48.6,100.0,10.0,68.3,low
STU-03039,92.3,43.1,66.8,7.2,67.2,low
STU-03040,59.0,45.0,45.5,5.7,37.0,high
STU-03041,100.0,84.2,88.2,5.3,92.9,low
STU-03042,52.1,54.5,30.4,4.9,49.7,high
STU-03043,47.1,49.8,14.8,2.6,43.5,high
STU-03044,65.1,46.1,56.5,5.1,40.0,high
STU-03045,87.9,64.3,89.2,5.7,64.6,low
STU-03046,100.0,64.4,90.1,7.2,30.5,low
STU-03047,61.0,56.9,46.6,6.3,61.9,medium
STU-03048,86.6,80.8,75.7,7.3,75.9,low
STU-03049,88.1,87.6,84.6,6.8,94.5,low
STU-03050,82.2,50.5,88.7,5.4,100.0,low
STU-03051,96.0,90.3,97.7,6.4,69.9,low
STU-03052,45.8,42.1,26.8,2.8,52.4,high
STU-03053,66.6,53.6,47.8,5.7,47.6,medium
STU-03054,65.2,80.7,59.4,7.5,60.9,low
STU-03055,71.8,27.4,58.7,4.3,56.7,medium
STU-03056,73.0,31.3,26.9,9.1,48.1,high
STU-03057,76.9,63.3,73.1,6.9,87.3,medium
STU-03058,99.7,28.4,47.3,4.5,56.9,high
STU-03059,74.7,40.6,42.3,3.5,34.2,high
STU-03060,68.0,71.0,90.6,5.3,62.8,low
STU-03061,47.8,83.5,78.2,10.0,65.3,medium
STU-03062,96.8,69.5,53.9,5.9,63.9,low
STU-03063,76.4,98.0,76.6,4.3,100.0,low
STU-03064,97.1,71.3,75.6,8.7,70.9,medium
STU-03065,83.6,58.2,91.1,7.1,71.0,low
STU-03066,79.7,76.5,54.7,6.5,68.1,low
STU-03067,84.1,55.3,79.1,8.8,77.8,low
STU-03068,78.2,90.2,58.1,6.9,61.6,low
STU-03069,70.6,87.6,69.3,7.2,100.0,low
STU-03070,99.1,70.5,100.0,8.3,43.1,low
STU-03071,74.0,79.3,53.5,6.0,67.5,low
STU-03072,40.0,40.8,32.6,3.0,62.6,high
STU-03073,98.7,61.9,83.0,4.8,55.6,low
STU-03074,85.1,94.2,76.1,9.3,80.8,low
STU-03075,100.0,76.9,100.0,10.0,99.5,low
STU-03076,78.0,49.5,51.2,4.4,36.7,high
STU-03077,50.1,66.6,65.6,5.3,60.6,medium
STU-03078,80.3,16.2,62.6,5.9,48.1,high
STU-03079,24.3,0.0,18.3,3.8,37.9,high
STU-03080,70.0,66.5,51.6,4.5,64.8,medium
STU-03081,60.3,30.1,47.6,5.3,42.1,high
STU-03082,35.2,11.9,12.0,2.0,34.6,high
STU-03083,100.0,56.7,75.8,7.7,82.7,low
STU-03084,43.1,48.4,59.9,6.8,81.2,high
STU-03085,73.6,50.3,67.4,6.9,47.8,medium
STU-03086,86.5,96.0,79.3,7.5,79.4,low
STU-03087,78.5,50.5,82.9,4.5,36.2,medium
STU-03088,44.9,55.2,53.3,1.0,47.9,high
STU-03089,75.7,37.0,49.4,6.5,58.6,medium
STU-03090,96.7,73.4,64.7,6.2,86.3,low
STU-03091,97.1,95.5,92.9,10.0,63.6,low
STU-03092,49.8,58.0,67.5,5.0,49.8,high
STU-03093,68.1,66.2,59.0,5.5,77.9,high
STU-03094,54.2,33.3,38.0,3.7,49.1,high
STU-03095,80.9,93.0,83.0,7.2,99.5,low
STU-03096,74.2,35.0,38.8,1.9,46.1,high
STU-03097,76.2,100.0,64.3,5.8,100.0,low
STU-03098,90.4,54.7,57.3,3.8,70.6,medium
STU-03099,84.8,97.2,84.6,7.0,92.3,low
STU-03100,82.7,59.4,95.9,8.9,69.2,low
STU-03101,86.3,32.9,62.7,5.3,54.1,medium
STU-03102,100.0,67.3,79.1,9.2,77.0,low
STU-03103,98.1,100.0,100.0,8.5,81.8,low
STU-03104,100.0,92.9,100.0,8.7,75.7,low
STU-03105,51.4,54.0,54.5,5.2,72.2,high
STU-03106,34.7,41.6,41.5,5.0,62.8,high
STU-03107,46.3,53.2,76.0,7.4,99.9,high
STU-03108,87.6,79.4,68.3,7.8,61.7,low
STU-03109,71.4,42.8,59.0,5.2,50.9,medium
STU-03110,82.1,65.3,70.6,7.6,63.7,low
STU-03111,47.5,50.1,34.5,0.7,53.2,high
STU-03112,95.5,82.4,100.0,8.5,78.4,low
STU-03113,100.0,98.9,100.0,7.9,96.2,low
STU-03114,45.9,47.6,57.9,3.7,64.2,high
STU-03115,72.6,78.0,57.0,9.3,73.6,low
STU-03116,63.2,78.0,70.9,6.2,78.4,medium
STU-03117,83.1,76.6,39.1,6.9,42.5,low
STU-03118,100.0,57.1,92.3,7.2,61.9,low
STU-03119,67.2,34.0,60.1,4.9,48.6,medium
STU-03120,30.9,24.0,26.1,3.5,38.5,high
STU-03121,89.9,77.4,58.0,6.8,75.8,low
STU-03122,31.3,15.2,59.5,2.5,64.1,high
STU-03123,97.3,93.8,84.4,3.2,90.6,low
STU-03124,88.8,82.1,91.1,10.0,82.8,low
STU-03125,59.4,42.4,51.0,5.3,88.6,medium
STU-03126,77.6,63.5,64.3,7.2,75.6,medium
STU-03127,64.3,45.8,49.6,6.4,42.6,high
STU-03128,63.7,50.6,79.6,5.7,64.3,low
STU-03129,91.3,27.1,78.8,5.7,97.0,medium
STU-03130,70.7,77.3,64.1,3.0,51.3,medium
STU-03131,100.0,73.4,72.8,8.1,85.2,low
STU-03132,64.2,55.0,77.3,6.9,89.0,medium
STU-03133,68.1,85.6,74.5,7.1,55.4,low
STU-03134,64.0,44.6,59.4,1.7,70.1,medium
STU-03135,89.8,43.8,100.0,6.7,84.1,low
STU-03136,97.9,64.9,82.9,5.9,50.9,low
STU-03137,88.4,100.0,88.5,10.0,68.8,low
STU-03138,75.6,89.0,69.5,8.4,89.4,low
STU-03139,68.9,55.5,57.7,4.2,69.0,medium
STU-03140,60.6,71.0,63.1,7.8,89.5,medium
STU-03141,57.3,39.2,42.4,4.2,65.5,high
STU-03142,71.0,100.0,100.0,10.0,100.0,low
STU-03143,88.3,86.7,81.9,8.4,45.3,low
STU-03144,100.0,68.4,100.0,9.7,74.4,low
STU-03145,47.9,43.9,52.8,5.4,61.2,high
STU-03146,57.7,84.7,65.1,5.3,77.5,low
STU-03147,88.9,72.1,56.8,4.7,94.7,low
STU-03148,46.1,80.9,58.7,5.3,35.1,high
STU-03149,100.0,99.8,91.6,8.8,100.0,low
STU-03150,79.3,87.6,70.7,10.0,65.9,low
STU-03151,70.5,75.4,63.1,7.8,72.7,low
STU-03152,90.4,60.4,52.6,4.9,63.8,medium
STU-03153,94.5,74.0,88.7,7.5,65.2,low
STU-03154,83.8,64.9,71.9,6.6,61.2,low
STU-03155,30.5,52.2,65.6,4.1,58.7,high
STU-03156,90.1,68.4,54.7,5.2,49.6,low
STU-03157,76.3,100.0,100.0,10.0,100.0,low
STU-03158,61.5,31.0,49.0,4.6,44.9,high
STU-03159,68.3,43.3,50.4,6.4,58.8,medium
STU-03160,96.4,45.0,68.3,5.4,65.6,medium
STU-03161,84.9,64.1,94.1,7.5,59.9,low
STU-03162,42.0,71.9,69.8,5.6,82.9,high
STU-03163,100.0,100.0,100.0,5.9,86.2,low
STU-03164,84.4,73.1,70.9,8.3,63.8,low
STU-03165,70.3,76.0,73.4,7.0,61.3,low
STU-03166,83.5,50.5,69.2,7.7,77.2,medium
STU-03167,73.3,57.5,1.3,2.6,25.6,medium
STU-03168,32.1,44.9,32.4,3.0,15.0,high
STU-03169,60.9,55.8,59.7,6.0,48.6,medium
STU-03170,100.0,77.8,76.9,6.6,46.5,low
STU-03171,49.9,61.3,62.3,4.3,82.4,high
STU-03172,59.1,86.7,63.5,2.9,62.8,medium
STU-03173,74.7,84.7,79.7,9.2,76.7,low
STU-03174,78.5,55.4,84.8,7.4,89.2,low
STU-03175,93.2,66.1,70.6,10.0,98.2,low
STU-03176,59.8,53.7,25.2,5.4,16.7,high
STU-03177,50.9,90.9,53.0,5.2,93.7,medium
STU-03178,84.0,58.7,70.0,5.7,87.3,low
STU-03179,42.5,63.9,42.1,2.6,61.6,high
STU-03180,70.2,63.5,42.3,6.6,60.5,medium
STU-03181,56.1,48.9,60.1,9.3,29.6,medium
STU-03182,83.1,60.1,65.3,7.0,29.8,low
STU-03183,80.9,53.7,64.1,9.6,59.5,low
STU-03184,81.9,47.0,89.3,6.7,70.4,medium
STU-03185,52.9,62.0,60.3,3.3,60.6,medium
STU-03186,60.1,35.2,37.2,3.4,44.9,high
STU-03187,87.2,48.6,78.1,8.2,79.3,low
STU-03188,92.9,51.5,82.6,7.3,54.2,low
STU-03189,71.9,46.6,99.4,6.2,58.7,medium
STU-03190,50.8,32.5,70.8,2.8,40.6,high
STU-03191,58.7,15.7,24.2,3.6,32.6,high
STU-03192,61.2,62.4,55.4,3.8,74.0,medium
STU-03193,86.3,72.9,77.9,5.8,64.2,low
STU-03194,99.5,48.5,79.3,9.4,66.1,low
STU-03195,85.4,71.1,55.7,8.2,98.2,medium
STU-03196,81.5,81.7,54.9,5.6,100.0,low
STU-03197,61.4,37.4,43.2,1.7,42.5,high
STU-03198,75.2,62.7,73.3,5.5,57.9,medium
STU-03199,94.2,100.0,82.1,8.4,72.4,low
STU-03200,33.5,59.7,35.9,5.6,56.3,high
STU-03201,68.2,41.0,35.2,2.1,30.3,high
STU-03202,92.4,100.0,100.0,6.9,100.0,low
STU-03203,44.8,57.4,22.5,1.6,45.1,high
STU-03204,100.0,100.0,99.2,9.3,91.7,low
STU-03205,45.0,51.8,35.3,6.2,66.1,high
STU-03206,45.8,47.6,78.0,5.0,41.3,high
STU-03207,90.8,65.4,66.7,9.3,90.8,low
STU-03208,80.7,72.3,59.1,8.1,76.6,medium
STU-03209,32.8,63.3,58.8,4.0,71.5,high
STU-03210,60.0,51.4,67.5,6.7,63.6,medium
STU-03211,84.0,74.0,81.6,6.7,65.2,low
STU-03212,77.0,84.8,74.8,6.7,63.1,low
STU-03213,69.7,76.9,55.4,5.4,64.8,low
STU-03214,58.2,43.8,56.8,6.9,50.3,high
STU-03215,76.9,77.4,66.7,7.6,84.2,low
STU-03216,96.4,100.0,100.0,10.0,74.2,low
STU-03217,60.2,43.8,59.3,5.9,46.8,high
STU-03218,56.8,85.5,77.7,7.1,57.7,low
STU-03219,73.1,100.0,100.0,10.0,100.0,low
STU-03220,91.3,76.2,100.0,10.0,74.3,low
STU-03221,63.6,82.0,70.1,5.0,57.6,medium
STU-03222,83.0,56.2,36.6,6.1,62.0,medium
STU-03223,53.3,37.7,43.2,2.9,40.5,high
STU-03224,54.5,9.1,27.7,3.0,24.9,high
STU-03225,49.5,70.3,63.1,2.4,76.0,high
STU-03226,73.4,53.7,83.3,8.7,54.4,medium
STU-03227,47.1,24.6,49.7,0.8,43.9,high
STU-03228,84.5,60.9,52.9,5.1,64.1,medium
STU-03229,100.0,100.0,100.0,10.0,100.0,low
STU-03230,82.9,7.4,61.6,5.3,37.8,high
STU-03231,48.9,46.6,30.5,3.5,83.9,high
STU-03232,31.3,70.3,65.6,4.9,100.0,high
STU-03233,57.2,61.6,58.6,4.6,31.7,medium
STU-03234,89.8,88.3,70.8,7.3,90.0,low
STU-03235,68.0,59.1,76.3,4.8,50.8,medium
STU-03236,56.4,89.2,79.3,6.8,78.0,low
STU-03237,100.0,100.0,76.4,10.0,71.2,low
STU-03238,81.9,77.4,75.2,6.4,76.6,medium
STU-03239,50.5,62.8,54.1,6.0,100.0,medium
STU-03240,80.6,47.4,77.1,8.0,43.1,medium
STU-03241,86.3,87.7,100.0,9.2,100.0,low
STU-03242,77.5,50.7,46.7,3.4,55.4,high
STU-03243,70.3,40.2,67.7,7.7,62.3,high
STU-03244,68.6,88.0,85.1,6.1,89.3,low
STU-03245,71.1,98.3,74.1,8.9,67.0,low
STU-03246,34.1,47.6,51.6,1.5,60.9,high
STU-03247,93.8,69.8,50.7,6.9,58.7,medium
STU-03248,89.4,45.0,60.8,7.7,65.0,medium
STU-03249,96.5,82.8,68.8,9.2,82.4,low
STU-03250,62.9,56.2,72.3,5.5,95.0,medium
STU-03251,93.3,87.7,84.4,7.1,62.5,low
STU-03252,73.4,55.1,67.7,9.4,59.0,low
STU-03253,75.4,47.9,48.8,5.5,60.3,medium
STU-03254,96.3,75.0,85.6,7.0,74.9,low
STU-03255,64.8,42.6,75.6,6.3,62.8,medium
STU-03256,96.6,71.6,69.5,8.6,60.3,medium
STU-03257,96.1,48.6,74.7,7.6,41.2,low
STU-03258,100.0,98.8,100.0,10.0,92.0,low
STU-03259,50.9,41.4,15.6,2.0,58.3,high
STU-03260,70.6,37.8,50.2,7.4,52.2,high
STU-03261,63.3,83.0,66.6,6.1,64.7,low
STU-03262,48.5,51.2,60.4,3.6,39.4,high
STU-03263,55.8,48.2,63.4,4.0,72.3,medium
STU-03264,68.1,92.9,69.8,9.6,71.3,low
STU-03265,72.7,67.9,80.3,7.7,59.3,low
STU-03266,67.7,72.8,81.8,9.2,67.3,low
STU-03267,41.7,40.8,38.2,5.3,10.4,high
STU-03268,86.0,63.3,45.6,4.0,83.5,medium
STU-03269,88.9,86.3,76.4,10.0,45.8,low
STU-03270,77.2,27.2,51.3,2.2,55.8,high
STU-03271,56.9,57.6,58.3,7.0,83.6,medium
STU-03272,64.1,81.0,32.5,7.1,55.5,medium
STU-03273,88.5,69.8,88.7,10.0,98.1,low
STU-03274,53.2,31.6,32.0,4.5,60.0,high
STU-03275,72.7,34.0,60.4,6.3,29.5,high
STU-03276,92.6,70.6,76.0,9.2,61.9,low
STU-03277,42.1,51.7,48.9,0.9,63.7,high
STU-03278,92.7,28.7,42.0,5.3,29.3,high
STU-03279,82.7,29.1,66.1,6.3,71.7,medium
STU-03280,54.1,48.1,56.1,4.8,65.6,medium
STU-03281,58.2,100.0,89.1,5.6,100.0,low
STU-03282,73.4,62.1,59.4,6.0,43.3,medium
STU-03283,52.1,33.5,44.5,6.2,60.4,high
STU-03284,81.1,74.2,89.6,8.9,100.0,low
STU-03285,71.7,38.2,60.4,4.3,37.5,high
STU-03286,82.9,90.1,79.0,5.8,83.0,low
STU-03287,72.6,54.4,88.1,3.0,47.7,low
STU-03288,70.2,81.6,87.8,7.1,86.8,low
STU-03289,47.6,43.1,50.9,0.7,44.1,high
STU-03290,77.7,46.5,62.0,8.3,66.3,medium
STU-03291,66.1,47.7,71.3,6.1,58.2,medium
STU-03292,73.2,71.9,64.9,7.2,100.0,low
STU-03293,59.8,76.5,51.1,4.3,62.7,medium
STU-03294,81.5,62.5,66.2,7.9,100.0,low
STU-03295,78.6,35.1,54.6,7.2,62.9,high
STU-03296,94.3,63.3,91.7,8.0,74.0,low
STU-03297,60.8,75.9,74.8,3.5,69.3,medium
STU-03298,70.0,59.9,69.5,3.4,69.0,medium
STU-03299,30.1,46.1,34.9,4.1,18.5,high
STU-03300,84.2,69.0,82.7,7.8,87.3,low
STU-03301,53.7,81.2,72.8,6.0,76.6,low
STU-03302,95.4,100.0,81.4,10.0,100.0,low
STU-03303,92.0,63.1,91.8,9.2,91.9,low
STU-03304,84.3,98.9,91.6,9.7,68.0,low
STU-03305,76.8,100.0,100.0,10.0,100.0,low
STU-03306,81.2,72.0,77.5,5.0,76.8,low
STU-03307,76.1,69.0,72.9,7.2,53.2,medium
STU-03308,68.7,47.1,50.7,7.2,90.7,medium
STU-03309,65.1,51.1,74.4,4.5,74.1,medium
STU-03310,84.2,42.2,69.3,5.7,50.9,medium
STU-03311,100.0,64.1,96.0,9.8,72.1,low
STU-03312,75.1,94.6,80.2,6.3,77.9,low
STU-03313,57.4,64.1,50.3,6.1,55.3,medium
STU-03314,76.9,61.8,58.8,4.9,61.4,medium
STU-03315,68.5,83.2,68.4,10.0,68.0,low
STU-03316,85.5,43.1,81.4,7.0,84.5,medium
STU-03317,76.5,51.8,64.9,7.4,56.8,medium
STU-03318,74.1,54.8,64.0,3.3,63.7,medium
STU-03319,49.9,62.6,61.0,5.2,71.6,high
STU-03320,34.2,42.2,29.1,4.8,52.5,high
STU-03321,34.5,38.8,54.9,2.9,29.6,high
STU-03322,96.7,81.1,71.9,6.2,68.5,low
STU-03323,78.7,54.0,73.8,4.6,62.4,medium
STU-03324,100.0,100.0,78.7,7.3,72.6,low
STU-03325,80.0,90.2,66.3,4.9,100.0,low
STU-03326,66.1,66.3,84.7,10.0,59.6,low
STU-03327,83.2,73.6,93.5,6.8,98.0,low
STU-03328,85.0,98.8,81.2,5.5,86.9,low
STU-03329,37.6,26.6,57.6,2.7,60.6,high
STU-03330,50.6,50.9,76.6,6.1,71.8,medium
STU-03331,78.7,100.0,75.1,9.3,62.3,low
STU-03332,76.5,57.6,100.0,5.3,59.6,low
STU-03333,71.5,53.4,50.6,4.8,63.5,medium
STU-03334,60.1,31.4,57.2,4.2,66.4,medium
STU-03335,100.0,82.3,91.8,10.0,83.0,low
STU-03336,67.0,67.8,58.9,6.4,50.1,medium
STU-03337,38.7,37.1,45.5,3.1,40.6,high
STU-03338,90.8,71.4,47.0,3.5,57.0,medium
STU-03339,10.9,35.4,39.1,0.0,27.5,high
STU-03340,22.6,13.4,20.0,4.8,31.1,high
STU-03341,98.0,100.0,95.7,10.0,75.5,low
STU-03342,79.9,89.2,61.6,6.0,92.1,low
STU-03343,61.0,78.0,57.5,4.7,100.0,low
STU-03344,62.8,75.0,69.0,5.4,98.3,medium
STU-03345,42.5,57.2,19.4,5.5,21.7,high
STU-03346,68.9,61.8,86.1,6.0,56.9,low
STU-03347,45.0,54.9,57.2,7.7,53.4,high
STU-03348,95.6,85.4,70.4,6.7,84.6,medium
STU-03349,55.8,44.9,68.5,3.3,79.4,medium
STU-03350,100.0,67.2,100.0,7.5,58.3,low
STU-03351,69.2,70.4,54.1,6.8,68.6,medium
STU-03352,77.8,60.5,90.0,6.1,75.4,low
STU-03353,74.5,54.6,71.2,5.9,85.5,low
STU-03354,70.2,46.0,30.5,4.6,67.1,high
STU-03355,61.9,61.3,55.8,6.6,60.0,medium
STU-03356,58.5,0.0,20.2,3.5,16.7,high
STU-03357,100.0,49.7,94.9,9.0,70.4,low
STU-03358,48.0,67.7,53.3,6.5,52.8,high
STU-03359,43.8,36.0,26.5,0.2,44.9,high
STU-03360,54.1,52.6,44.8,5.3,61.0,medium
STU-03361,76.3,83.3,65.9,8.9,85.9,low
STU-03362,65.2,24.7,44.7,6.2,45.8,high
STU-03363,82.1,91.9,59.8,4.1,66.9,low
STU-03364,79.1,65.9,77.6,6.3,84.6,medium
STU-03365,58.6,47.1,79.5,4.0,73.2,medium
STU-03366,58.4,36.8,58.0,7.0,54.8,high
STU-03367,40.5,50.6,65.4,5.4,82.5,high
STU-03368,76.3,67.8,70.8,7.9,91.3,low
STU-03369,77.2,62.1,59.0,2.6,84.8,medium
STU-03370,62.1,48.5,43.6,8.1,71.7,low
STU-03371,100.0,74.2,74.7,7.8,61.7,low
STU-03372,73.1,56.3,56.7,7.1,49.9,medium
STU-03373,59.7,34.6,34.5,5.3,49.9,high
STU-03374,58.5,52.6,25.5,3.9,60.3,high
STU-03375,100.0,63.1,68.2,9.8,71.5,low
STU-03376,66.3,50.5,90.7,6.9,49.9,low
STU-03377,67.7,65.4,68.1,6.1,77.2,medium
STU-03378,54.2,61.6,34.2,5.5,50.1,high
STU-03379,75.8,58.4,62.0,7.1,34.2,medium
STU-03380,72.8,55.3,64.5,4.1,50.9,medium
STU-03381,69.3,61.6,72.1,5.8,63.1,low
STU-03382,88.0,43.2,68.6,9.1,61.7,high
STU-03383,86.3,100.0,100.0,7.5,100.0,low
STU-03384,74.5,22.3,84.0,5.7,38.6,medium
STU-03385,91.8,78.2,88.2,9.6,55.8,low
STU-03386,100.0,82.3,85.2,10.0,95.3,low
STU-03387,76.2,64.1,78.7,6.8,80.2,low
STU-03388,86.5,65.9,63.3,6.4,68.6,low
STU-03389,73.3,26.9,60.5,6.0,59.2,medium
STU-03390,76.0,69.5,72.5,5.8,51.7,medium
STU-03391,87.7,34.3,52.5,7.6,63.1,high
STU-03392,100.0,45.7,53.0,7.6,40.6,medium
STU-03393,70.0,47.5,77.6,6.5,76.8,medium
STU-03394,94.6,44.2,41.3,6.1,55.0,high
STU-03395,98.4,84.6,90.7,10.0,73.2,low
STU-03396,83.0,68.2,59.1,7.3,90.2,low
STU-03397,73.4,53.5,65.5,5.3,45.1,medium
STU-03398,74.7,57.1,81.9,5.9,44.9,medium
STU-03399,55.4,40.7,43.1,2.4,53.7,high
STU-03400,36.7,53.8,0.0,2.4,55.9,high
STU-03401,86.0,86.5,76.9,8.4,67.5,low
STU-03402,60.8,80.2,100.0,5.1,72.2,low
STU-03403,68.8,80.9,62.0,8.1,53.2,low
STU-03404,58.2,51.8,23.4,2.8,63.5,high
STU-03405,56.8,56.7,88.0,7.9,33.1,medium
STU-03406,54.3,56.9,21.9,4.1,40.3,high
STU-03407,73.7,73.8,64.9,4.7,83.9,low
STU-03408,94.6,100.0,74.1,6.6,100.0,low
STU-03409,64.2,92.1,90.0,5.8,62.7,low
STU-03410,93.9,54.0,38.5,8.4,72.7,low
STU-03411,56.7,22.2,34.6,0.9,50.5,high
STU-03412,72.8,41.4,67.4,3.1,25.9,high
STU-03413,43.0,51.0,48.1,4.6,72.9,high
STU-03414,50.5,87.6,53.2,4.6,54.9,medium
STU-03415,88.3,55.3,63.9,6.8,44.3,medium
STU-03416,76.0,70.1,77.2,7.9,69.4,low
STU-03417,76.2,58.0,74.9,6.5,85.1,medium
STU-03418,71.1,76.0,51.0,6.0,58.8,medium
STU-03419,72.6,47.3,57.9,5.5,66.0,medium
STU-03420,100.0,100.0,100.0,10.0,86.2,low
STU-03421,98.1,44.9,100.0,8.7,75.7,medium
STU-03422,44.4,73.4,52.4,2.0,56.2,high
STU-03423,64.0,71.3,76.8,5.0,69.0,medium
STU-03424,79.5,25.8,39.3,6.8,76.2,high
STU-03425,76.5,100.0,95.0,8.0,73.5,low
STU-03426,67.1,64.9,58.3,5.2,75.0,medium
STU-03427,71.1,71.9,80.7,6.0,80.3,low
STU-03428,100.0,100.0,100.0,9.2,82.6,low
STU-03429,61.7,92.6,55.2,7.6,92.5,low
STU-03430,90.0,100.0,96.6,10.0,93.9,low
STU-03431,57.0,27.0,55.5,4.5,30.0,high
STU-03432,79.6,98.0,92.0,9.5,84.9,low
STU-03433,100.0,52.3,84.5,7.7,63.8,low
STU-03434,87.9,72.1,56.3,8.9,75.0,medium
STU-03435,67.2,28.0,53.2,4.1,50.2,medium
STU-03436,65.8,97.7,65.0,6.0,63.8,low
STU-03437,54.6,51.9,53.3,7.1,53.4,medium
STU-03438,72.7,79.3,68.6,7.4,61.7,medium
STU-03439,58.0,60.9,64.6,7.7,47.8,medium
STU-03440,88.0,100.0,94.2,10.0,94.5,low
STU-03441,72.1,66.7,64.6,3.3,75.8,medium
STU-03442,65.4,55.1,39.5,4.7,37.8,high
STU-03443,46.1,40.4,42.4,2.4,60.6,high
STU-03444,76.4,28.1,63.5,7.7,71.5,high
STU-03445,58.5,57.3,51.8,4.5,71.6,high
STU-03446,59.6,69.0,47.6,3.7,68.8,medium
STU-03447,67.1,47.1,46.5,0.8,63.3,high
STU-03448,91.2,90.4,100.0,10.0,77.3,low
STU-03449,55.1,57.2,54.4,3.5,41.2,high
STU-03450,39.9,54.6,29.4,3.5,39.9,high
STU-03451,55.8,46.1,60.7,6.1,44.5,high
STU-03452,84.5,94.7,100.0,8.5,91.8,low
STU-03453,68.1,100.0,96.7,5.3,95.9,low
STU-03454,76.0,70.4,42.7,7.0,66.8,medium
STU-03455,95.0,100.0,100.0,8.3,94.3,low
STU-03456,77.7,38.8,87.0,7.0,65.3,medium
STU-03457,76.0,70.5,69.4,5.9,79.0,low
STU-03458,79.8,57.7,83.6,2.4,54.1,high
STU-03459,64.1,61.4,41.8,4.4,68.1,medium
STU-03460,40.5,61.0,56.8,4.5,85.8,high
STU-03461,53.0,92.9,67.3,6.8,51.2,low
STU-03462,85.5,69.9,72.8,9.1,42.0,low
STU-03463,91.1,52.7,71.8,7.5,38.7,low
STU-03464,79.1,29.1,42.5,8.0,40.2,high
STU-03465,56.9,28.9,35.5,2.3,82.6,high
STU-03466,62.9,100.0,80.1,6.9,82.4,low
STU-03467,63.9,100.0,44.7,5.3,74.1,low
STU-03468,79.5,34.0,52.4,3.3,12.0,high
STU-03469,26.9,55.6,62.8,6.3,90.0,high
STU-03470,73.7,81.1,80.7,7.2,78.5,low
STU-03471,95.9,43.5,85.0,9.1,67.4,medium
STU-03472,99.0,64.0,100.0,4.4,80.5,low
STU-03473,60.8,100.0,100.0,9.0,69.3,low
STU-03474,54.4,76.8,41.7,5.8,67.9,low
STU-03475,24.6,35.4,53.8,1.6,52.5,high
STU-03476,35.1,64.5,19.6,5.4,59.2,high
STU-03477,33.7,17.9,9.4,3.1,35.3,high
STU-03478,82.0,50.5,66.7,5.1,29.6,medium
STU-03479,97.9,95.3,81.2,6.7,84.5,low
STU-03480,51.2,53.9,55.4,4.0,52.4,high
STU-03481,79.7,44.7,60.0,2.7,71.7,medium
STU-03482,96.1,100.0,100.0,10.0,81.7,low
STU-03483,100.0,66.0,100.0,10.0,100.0,low
STU-03484,100.0,86.1,91.8,9.5,96.7,low
STU-03485,71.4,86.9,96.9,7.3,68.4,low
STU-03486,100.0,100.0,100.0,9.9,97.6,low
STU-03487,81.4,94.6,92.9,9.1,90.7,low
STU-03488,51.1,43.3,45.2,0.4,39.7,high
STU-03489,100.0,76.8,100.0,9.1,80.7,low
STU-03490,73.8,59.5,37.0,7.0,52.5,medium
STU-03491,43.7,59.7,29.3,4.8,49.1,high
STU-03492,59.4,56.9,41.7,4.2,51.3,high
STU-03493,79.0,74.5,70.2,7.7,75.3,low
STU-03494,61.9,60.4,64.8,5.0,75.8,medium
STU-03495,76.3,72.7,69.1,6.5,76.6,low
STU-03496,96.8,47.8,61.1,7.3,60.4,medium
STU-03497,64.7,79.6,64.3,6.9,79.0,medium
STU-03498,80.2,96.3,72.4,8.7,98.2,low
STU-03499,45.7,50.2,49.8,4.1,54.5,high
STU-03500,92.8,88.3,55.4,8.4,82.3,low
STU-03501,93.3,56.9,71.6,9.2,78.2,medium
STU-03502,100.0,86.8,83.2,9.4,91.8,low
STU-03503,93.9,98.6,77.9,7.9,99.9,low
STU-03504,84.1,60.8,87.9,7.0,43.7,low
STU-03505,88.9,69.6,60.3,8.7,79.0,medium
STU-03506,100.0,100.0,100.0,10.0,100.0,low
STU-03507,90.9,83.8,100.0,8.1,69.9,low
STU-03508,76.2,83.6,82.6,5.0,44.0,medium
STU-03509,37.5,75.5,63.3,4.6,65.6,high
STU-03510,65.3,40.8,66.7,1.9,24.5,high
STU-03511,70.8,55.2,75.4,6.1,65.1,medium
STU-03512,93.8,42.8,71.4,6.9,44.3,medium
STU-03513,56.8,66.8,49.5,4.3,81.4,medium
STU-03514,86.1,80.2,83.0,10.0,98.0,low
STU-03515,56.2,60.0,64.6,6.0,50.4,high
STU-03516,46.9,68.4,71.8,3.0,54.6,high
STU-03517,70.6,66.7,64.9,4.8,77.0,medium
STU-03518,43.7,54.4,52.9,6.3,61.1,high
STU-03519,51.3,35.3,48.7,5.3,59.2,medium
STU-03520,58.8,79.5,45.2,6.3,65.1,medium
STU-03521,54.3,34.4,34.8,3.5,54.2,high
STU-03522,81.1,43.0,70.6,6.8,69.1,medium
STU-03523,53.0,40.1,51.7,4.4,65.7,medium
STU-03524,53.3,34.1,39.1,2.9,47.8,high
STU-03525,73.8,25.3,55.2,6.0,60.7,high
STU-03526,91.8,80.9,98.5,7.8,96.6,low
STU-03527,100.0,90.5,82.7,10.0,76.4,low
STU-03528,70.6,40.3,58.0,5.8,54.2,high
STU-03529,52.8,25.3,55.2,5.2,30.8,high
STU-03530,58.6,56.0,50.5,5.7,30.1,medium
STU-03531,75.7,100.0,97.3,6.7,69.8,low
STU-03532,67.0,81.7,61.5,5.2,39.6,medium
STU-03533,100.0,96.6,100.0,10.0,99.9,low
STU-03534,32.2,66.7,41.3,2.9,62.9,high
STU-03535,66.9,72.3,73.3,4.0,81.6,medium
STU-03536,84.1,17.8,57.3,7.1,52.1,high
STU-03537,70.1,53.3,76.1,5.4,93.4,low
STU-03538,64.3,37.7,52.1,5.1,69.6,medium
STU-03539,36.6,47.1,67.8,6.8,84.6,high
STU-03540,75.6,59.6,69.9,6.7,68.6,low
STU-03541,50.9,53.4,58.1,6.7,85.3,medium
STU-03542,51.0,62.3,39.3,4.4,88.9,high
STU-03543,71.7,74.2,53.4,10.0,67.8,low
STU-03544,100.0,84.6,78.2,8.2,93.7,low
STU-03545,49.3,45.2,44.6,5.0,52.6,high
STU-03546,68.7,52.2,37.1,0.9,43.2,high
STU-03547,88.9,78.6,72.3,6.1,100.0,low
STU-03548,99.2,100.0,87.5,8.5,89.2,low
STU-03549,44.6,54.5,24.1,4.2,23.1,high
STU-03550,73.6,71.8,55.7,5.7,50.7,medium
STU-03551,88.5,43.1,52.0,2.8,39.9,high
STU-03552,63.2,50.4,52.8,7.0,30.6,medium
STU-03553,71.6,57.2,86.7,5.0,86.0,low
STU-03554,66.5,13.8,95.0,4.7,29.7,high
STU-03555,78.9,95.9,100.0,6.8,81.6,low
STU-03556,80.5,80.0,79.0,7.0,54.5,low
STU-03557,82.3,47.4,75.5,6.2,46.7,medium
STU-03558,58.8,73.8,83.4,9.0,55.8,low
STU-03559,80.5,80.7,52.0,5.3,86.2,medium
STU-03560,51.9,30.2,1.5,4.3,49.6,high
STU-03561,53.0,63.9,31.7,3.1,29.8,high
STU-03562,44.3,63.8,39.0,5.4,51.8,high
STU-03563,68.6,41.7,66.5,5.1,55.8,medium
STU-03564,93.9,64.4,70.8,6.9,70.8,medium
STU-03565,61.9,63.5,55.8,4.2,100.0,medium
STU-03566,90.8,94.3,94.6,7.0,88.8,low
STU-03567,52.5,64.3,66.1,5.9,77.0,high
STU-03568,45.0,29.2,18.1,6.0,29.1,high
STU-03569,72.4,60.2,68.6,3.9,49.6,medium
STU-03570,43.1,70.0,70.2,4.4,77.7,high
STU-03571,87.2,69.8,100.0,7.0,74.5,low
STU-03572,79.3,77.0,71.9,4.3,100.0,low
STU-03573,85.6,72.0,100.0,5.7,67.2,low
STU-03574,68.8,46.1,53.2,4.2,56.2,medium
STU-03575,63.6,22.5,82.9,4.4,54.3,high
STU-03576,83.1,58.1,63.6,10.0,56.2,low
STU-03577,35.2,67.6,54.1,5.0,73.4,high
STU-03578,91.1,66.4,91.2,7.4,52.8,low
STU-03579,100.0,96.8,100.0,10.0,99.2,low
STU-03580,89.1,31.7,79.0,5.3,45.3,high
STU-03581,66.1,68.7,55.2,6.0,38.8,medium
STU-03582,99.3,100.0,100.0,10.0,100.0,low
STU-03583,62.3,59.0,89.8,8.8,51.4,low
STU-03584,55.8,66.3,56.0,5.3,75.9,medium
STU-03585,71.2,60.8,74.5,3.5,72.5,low
STU-03586,86.3,91.3,67.9,7.9,100.0,low
STU-03587,79.8,48.4,36.3,5.4,59.4,medium
STU-03588,79.7,77.4,75.9,9.7,67.9,low
STU-03589,64.2,35.1,56.8,2.7,51.6,medium
STU-03590,75.3,57.3,68.6,5.9,70.9,medium
STU-03591,46.1,65.5,59.7,3.5,59.9,high
STU-03592,66.9,100.0,68.5,10.0,76.0,low
STU-03593,67.0,68.6,77.4,6.5,100.0,low
STU-03594,82.0,44.8,53.9,7.0,66.6,medium
STU-03595,71.7,70.3,28.1,4.6,48.2,high
STU-03596,90.9,100.0,100.0,9.8,100.0,low
STU-03597,74.6,29.0,84.3,5.8,35.6,high
STU-03598,63.1,47.6,87.2,8.1,49.7,low
STU-03599,61.4,24.9,42.3,6.3,28.5,high
STU-03600,82.1,82.1,88.5,7.3,97.1,low
STU-03601,80.4,98.5,96.6,8.5,79.9,low
STU-03602,36.6,90.0,76.7,7.7,92.0,medium
STU-03603,80.9,58.8,50.2,4.5,60.5,medium
STU-03604,91.8,100.0,100.0,9.0,100.0,low
STU-03605,50.7,40.5,51.2,4.2,58.2,high
STU-03606,56.5,68.5,66.4,5.6,77.5,medium
STU-03607,60.4,36.9,32.6,2.9,21.3,high
STU-03608,52.4,79.2,64.4,3.5,78.2,medium
STU-03609,80.1,79.7,54.5,3.6,74.3,low
STU-03610,100.0,65.5,100.0,9.2,54.1,low
STU-03611,56.3,75.0,34.4,2.8,48.6,medium
STU-03612,81.8,55.2,75.6,9.5,54.2,low
STU-03613,64.1,85.7,49.9,5.4,67.3,low
STU-03614,99.6,54.1,90.4,10.0,75.7,low
STU-03615,31.5,63.0,22.6,2.2,24.2,high
STU-03616,97.1,65.0,54.5,9.4,100.0,low
STU-03617,72.9,96.0,69.8,8.8,65.6,low
STU-03618,52.6,57.5,44.6,4.4,57.5,medium
STU-03619,70.8,68.2,95.2,9.5,70.4,low
STU-03620,75.6,71.4,48.5,6.8,78.9,medium
STU-03621,82.0,71.2,100.0,9.8,73.9,low
STU-03622,48.4,46.0,37.7,4.5,45.3,high
STU-03623,51.4,55.4,25.7,4.0,66.7,high
STU-03624,57.0,70.3,66.5,4.1,74.8,low
STU-03625,46.7,46.1,39.0,4.3,66.9,high
STU-03626,83.4,100.0,79.1,9.4,97.1,low
STU-03627,72.8,54.0,86.0,6.9,32.7,high
STU-03628,68.8,35.6,67.8,3.0,78.5,medium
STU-03629,100.0,100.0,95.9,9.3,95.0,low
STU-03630,82.1,88.3,87.7,10.0,75.4,low
STU-03631,86.7,70.5,100.0,6.0,100.0,low
STU-03632,39.4,61.9,41.9,6.4,65.5,high
STU-03633,85.1,34.4,83.2,10.0,50.2,high
STU-03634,82.8,89.5,100.0,10.0,54.0,low
STU-03635,77.2,67.6,72.0,5.3,57.8,medium
STU-03636,39.4,12.2,11.8,3.5,27.4,high
STU-03637,61.2,57.3,44.5,3.4,50.1,medium
STU-03638,89.3,100.0,60.5,7.3,65.0,low
STU-03639,93.0,62.8,100.0,10.0,70.0,low
STU-03640,61.4,31.3,40.3,5.3,49.5,high
STU-03641,70.9,9.2,26.8,2.7,54.8,high
STU-03642,72.3,100.0,80.4,5.6,88.8,low
STU-03643,58.0,50.4,35.6,6.2,50.5,medium
STU-03644,94.3,53.8,61.0,6.3,67.2,medium
STU-03645,80.0,61.5,65.9,2.9,75.5,high
STU-03646,100.0,46.4,60.5,10.0,66.5,medium
STU-03647,100.0,89.0,88.3,7.8,97.6,low
STU-03648,81.7,67.4,53.8,7.0,53.1,low
STU-03649,81.4,78.1,61.2,6.3,85.0,low
STU-03650,53.8,49.6,65.5,4.3,63.5,medium
STU-03651,78.3,80.6,64.6,4.6,51.6,low
STU-03652,44.3,58.9,39.2,6.2,62.6,medium
STU-03653,69.7,95.1,100.0,8.2,100.0,low
STU-03654,77.7,82.0,89.9,4.5,66.3,low
STU-03655,77.2,61.8,91.0,4.1,56.1,low
STU-03656,62.3,91.1,85.5,8.4,62.6,low
STU-03657,81.6,58.3,51.6,4.8,50.7,medium
STU-03658,75.6,84.5,72.1,6.2,100.0,low
STU-03659,67.9,37.4,59.7,4.6,86.2,high
STU-03660,32.2,90.2,67.0,6.0,66.0,medium
STU-03661,92.0,100.0,92.3,7.8,58.7,low
STU-03662,71.2,91.6,41.0,6.6,52.1,low
STU-03663,85.3,62.9,58.5,7.2,74.6,medium
STU-03664,100.0,87.6,88.1,7.7,87.6,low
STU-03665,73.1,84.0,55.5,10.0,78.9,low
STU-03666,70.9,38.4,61.8,7.0,36.7,medium
STU-03667,67.4,76.3,77.5,5.8,89.2,low
STU-03668,86.6,62.6,82.0,9.0,59.1,medium
STU-03669,72.8,62.6,45.5,6.1,29.8,medium
STU-03670,87.2,92.2,95.7,8.3,44.0,low
STU-03671,83.4,70.6,74.1,7.1,65.9,low
STU-03672,46.1,88.6,58.8,5.6,62.7,high
STU-03673,36.8,64.5,55.5,5.9,54.1,high
STU-03674,76.8,31.7,71.5,8.0,46.2,high
STU-03675,37.8,27.4,37.3,4.4,29.2,high
STU-03676,95.3,100.0,89.6,6.5,87.9,low
STU-03677,57.3,37.5,82.6,3.5,38.4,medium
STU-03678,100.0,75.1,93.1,7.2,60.9,low
STU-03679,51.0,27.3,35.1,4.4,44.0,high
STU-03680,79.6,47.6,31.5,3.7,55.2,high
STU-03681,80.8,58.9,73.0,4.9,53.6,medium
STU-03682,57.8,86.4,85.2,6.5,77.5,low
STU-03683,79.4,69.4,55.1,2.8,80.9,low
STU-03684,100.0,77.5,97.7,5.7,80.7,low
STU-03685,56.9,17.4,49.8,1.9,23.9,high
STU-03686,57.7,48.8,54.4,3.7,75.9,medium
STU-03687,67.9,37.5,26.0,4.4,58.5,high
STU-03688,99.2,95.2,80.8,10.0,88.0,low
STU-03689,42.3,86.1,75.3,5.1,90.3,high
STU-03690,93.7,80.6,100.0,6.4,100.0,low
STU-03691,63.3,89.9,58.4,7.3,60.3,low
STU-03692,82.5,54.3,61.8,6.3,78.8,medium
STU-03693,59.4,7.9,34.9,3.5,44.1,high
STU-03694,97.2,59.3,75.6,8.9,60.3,medium
STU-03695,73.7,87.4,82.2,6.2,62.8,low
STU-03696,50.2,37.1,47.6,5.1,51.5,high
STU-03697,49.7,49.0,43.0,2.2,63.1,high
STU-03698,79.6,48.8,75.8,8.2,63.4,medium
STU-03699,62.0,39.1,53.8,6.0,47.8,high
STU-03700,70.1,44.9,64.2,6.6,42.7,medium
STU-03701,74.6,34.6,66.2,6.9,57.3,high
STU-03702,46.9,50.3,54.7,2.3,42.6,high
STU-03703,63.1,28.7,59.1,6.9,67.0,medium
STU-03704,66.3,41.6,71.0,5.6,46.4,high
STU-03705,67.8,82.0,67.0,3.9,75.1,low
STU-03706,77.2,73.2,100.0,7.4,29.7,low
STU-03707,70.5,62.3,63.8,4.0,55.5,medium
STU-03708,85.6,49.1,72.0,5.4,82.7,medium
STU-03709,95.3,62.5,83.6,8.6,81.8,low
STU-03710,37.7,42.1,11.0,4.0,37.4,high
STU-03711,62.4,65.1,62.7,5.3,72.8,medium
STU-03712,100.0,100.0,100.0,7.6,92.0,low
STU-03713,95.0,100.0,98.4,8.9,61.3,low
STU-03714,100.0,92.3,100.0,9.4,55.9,low
STU-03715,76.8,42.8,67.6,5.5,35.1,high
STU-03716,77.1,69.2,69.1,5.4,32.7,low
STU-03717,83.6,76.1,99.0,6.8,90.5,low
STU-03718,84.4,45.5,95.2,7.2,79.7,medium
STU-03719,78.9,57.2,72.5,4.4,68.1,low
STU-03720,95.2,43.3,81.6,9.7,62.4,medium
STU-03721,95.0,63.1,42.5,8.1,82.2,low
STU-03722,65.7,78.2,100.0,5.9,75.8,low
STU-03723,84.1,51.2,60.9,6.3,79.4,medium
STU-03724,68.2,65.8,58.4,6.4,65.9,medium
STU-03725,74.8,38.0,52.2,3.2,45.3,high
STU-03726,52.3,77.7,87.7,3.6,94.2,medium
STU-03727,29.0,43.0,44.9,3.2,61.3,high
STU-03728,53.1,86.1,70.6,7.1,75.0,low
STU-03729,65.5,69.3,92.5,6.8,72.2,low
STU-03730,81.1,91.8,81.4,5.8,82.1,low
STU-03731,77.0,48.8,61.8,7.3,71.0,medium
STU-03732,75.3,100.0,55.1,6.9,62.5,low
STU-03733,95.8,100.0,100.0,6.9,100.0,low
STU-03734,56.4,42.5,39.0,5.7,40.9,high
STU-03735,88.9,100.0,88.6,8.1,72.7,low
STU-03736,100.0,29.6,58.5,6.4,52.1,medium
STU-03737,63.0,44.0,59.0,3.4,50.8,medium
STU-03738,68.6,67.0,93.4,6.3,85.7,low
STU-03739,63.4,20.3,24.5,5.6,46.8,high
STU-03740,70.5,22.3,54.0,4.4,87.4,medium
STU-03741,59.2,39.6,38.3,3.6,11.5,high
STU-03742,65.8,29.5,56.3,3.5,49.3,high
STU-03743,91.1,34.9,61.9,6.3,21.3,medium
STU-03744,97.6,91.1,81.7,5.8,79.1,low
STU-03745,100.0,100.0,100.0,10.0,99.0,low
STU-03746,80.6,72.9,65.1,6.6,64.2,medium
STU-03747,98.2,66.6,54.7,8.1,38.5,medium
STU-03748,77.1,100.0,86.7,10.0,96.1,low
STU-03749,87.1,37.7,72.3,7.1,36.6,medium
STU-03750,76.3,90.3,69.8,5.8,65.6,low
STU-03751,100.0,61.7,85.8,8.7,49.6,low
STU-03752,76.7,45.3,47.1,3.4,56.3,high
STU-03753,36.1,27.9,40.7,1.9,57.3,high
STU-03754,92.5,82.4,79.3,9.0,80.7,low
STU-03755,29.2,44.0,38.8,5.4,63.2,high
STU-03756,50.4,78.6,78.6,8.2,29.6,medium
STU-03757,59.2,37.2,68.6,3.7,54.0,high
STU-03758,68.2,16.7,65.2,6.8,49.8,high
STU-03759,100.0,81.2,100.0,9.4,79.8,low
STU-03760,84.9,18.5,70.9,9.4,39.7,high
STU-03761,85.2,64.0,67.2,7.7,67.2,low
STU-03762,72.0,87.0,79.3,8.9,82.8,low
STU-03763,100.0,85.9,100.0,10.0,100.0,low
STU-03764,100.0,74.6,98.3,9.3,87.3,low
STU-03765,47.0,53.4,40.9,6.0,39.7,high
STU-03766,66.2,97.5,85.2,7.5,94.8,low
STU-03767,70.7,63.3,71.5,6.6,76.9,low
STU-03768,75.6,80.2,73.1,5.8,63.3,low
STU-03769,45.6,53.4,68.2,4.5,52.5,high
STU-03770,87.0,89.0,100.0,9.3,74.9,low
STU-03771,72.4,23.4,55.9,5.3,53.4,medium
STU-03772,10.5,27.2,0.0,2.4,40.4,high
STU-03773,63.6,67.4,59.7,5.2,55.5,medium
STU-03774,46.7,69.1,74.3,4.4,64.4,high
STU-03775,54.5,90.2,74.0,4.3,71.5,low
STU-03776,17.2,10.8,4.8,0.1,26.9,high
STU-03777,46.0,40.5,30.4,5.3,26.3,high
STU-03778,77.9,75.1,18.1,5.4,57.5,medium
STU-03779,63.9,53.5,34.9,4.7,56.6,medium
STU-03780,72.0,43.2,45.2,6.4,44.8,high
STU-03781,91.1,86.5,87.6,8.5,74.8,low
STU-03782,67.9,26.7,56.9,5.4,22.2,medium
STU-03783,78.5,72.8,77.9,9.0,51.4,low
STU-03784,92.4,100.0,100.0,9.3,75.9,low
STU-03785,70.9,76.9,62.6,4.7,98.6,low
STU-03786,49.4,33.7,32.6,6.2,67.0,high
STU-03787,88.7,63.0,64.9,8.4,65.8,low
STU-03788,55.2,67.5,81.8,9.2,72.1,low
STU-03789,65.0,58.7,75.7,8.5,80.1,medium
STU-03790,58.8,48.2,81.2,10.0,62.6,medium
STU-03791,43.1,35.5,30.7,1.6,49.0,high
STU-03792,66.8,63.0,61.7,7.6,96.7,medium
STU-03793,65.6,37.6,29.2,7.0,47.3,high
STU-03794,68.1,82.5,77.1,7.6,77.1,low
STU-03795,72.8,32.3,51.7,4.8,27.5,high
STU-03796,100.0,63.4,90.7,9.0,75.1,low
STU-03797,43.9,7.5,39.6,2.7,24.9,high
STU-03798,52.1,34.2,64.5,1.9,38.3,high
STU-03799,59.2,62.2,81.9,5.7,68.7,medium
STU-03800,49.0,77.1,56.6,2.5,57.0,high
STU-03801,64.6,77.8,52.9,5.2,65.4,medium
STU-03802,51.9,29.0,20.1,3.3,47.6,high
STU-03803,68.1,46.6,73.0,5.1,78.7,high
STU-03804,100.0,93.7,89.1,9.9,68.2,low
STU-03805,65.2,81.8,84.0,5.8,74.9,low
STU-03806,58.9,51.2,39.6,6.5,42.2,medium
STU-03807,82.4,78.5,50.7,6.4,38.4,medium
STU-03808,31.3,24.4,25.3,3.5,73.6,high
STU-03809,62.0,71.3,55.8,6.5,78.0,medium
STU-03810,48.5,60.5,39.2,5.7,51.6,high
STU-03811,52.3,74.0,64.4,4.0,98.7,high
STU-03812,88.3,72.8,53.4,9.5,58.0,low
STU-03813,94.0,79.6,74.6,7.7,43.2,low
STU-03814,70.0,62.1,31.6,3.4,39.0,high
STU-03815,58.3,73.0,82.0,10.0,78.2,low
STU-03816,36.2,30.3,42.5,4.7,42.8,high
STU-03817,46.9,69.3,44.6,2.6,46.7,high
STU-03818,100.0,55.9,76.9,7.0,51.6,low
STU-03819,89.8,100.0,76.2,8.2,71.0,low
STU-03820,49.9,33.4,9.6,3.0,71.9,high
STU-03821,84.1,76.1,63.5,6.2,84.4,low
STU-03822,54.3,73.9,59.0,3.1,91.0,high
STU-03823,100.0,41.4,64.8,4.4,51.2,high
STU-03824,95.5,48.8,89.8,7.1,62.2,low
STU-03825,81.7,74.6,67.1,8.7,48.2,low
STU-03826,85.2,36.7,78.8,4.5,54.7,medium
STU-03827,53.1,100.0,73.0,6.2,89.2,low
STU-03828,63.6,67.4,51.5,8.6,62.8,medium
STU-03829,78.7,58.3,44.2,8.4,69.7,medium
STU-03830,85.2,53.3,46.4,8.3,40.0,low
STU-03831,50.1,11.3,54.7,4.4,58.5,high
STU-03832,85.2,99.7,99.8,9.2,92.5,low
STU-03833,48.9,47.4,42.7,5.4,71.5,high
STU-03834,38.2,26.5,47.3,5.7,43.9,high
STU-03835,83.7,86.6,100.0,10.0,100.0,low
STU-03836,92.5,97.2,82.2,6.1,89.3,low
STU-03837,58.5,77.7,78.9,7.8,74.0,low
STU-03838,100.0,78.9,100.0,9.5,71.1,low
STU-03839,83.6,51.3,46.2,6.6,80.3,medium
STU-03840,71.8,40.6,82.7,4.7,65.4,medium
STU-03841,46.9,26.0,0.0,3.6,44.6,high
STU-03842,80.0,39.5,75.8,7.2,98.3,medium
STU-03843,77.2,60.1,73.8,7.2,76.3,medium
STU-03844,100.0,94.2,93.9,10.0,76.3,low
STU-03845,97.1,54.3,97.4,10.0,79.5,low
STU-03846,43.3,20.8,18.0,2.7,36.5,high
STU-03847,41.5,50.2,55.2,3.1,61.2,high
STU-03848,48.2,81.7,65.1,1.6,79.5,high
STU-03849,96.4,96.3,92.4,7.4,82.3,low
STU-03850,58.3,31.6,80.7,8.7,74.6,high
STU-03851,77.2,56.6,82.9,7.1,56.5,low
STU-03852,31.6,56.5,34.5,3.2,24.6,high
STU-03853,41.6,70.9,50.0,5.2,32.0,medium
STU-03854,65.9,68.8,56.3,7.3,75.3,medium
STU-03855,100.0,78.5,62.9,6.1,43.8,medium
STU-03856,76.0,24.3,53.2,4.5,38.0,high
STU-03857,92.9,40.8,42.7,7.4,56.4,high
STU-03858,77.5,66.4,61.8,6.3,64.6,low
STU-03859,90.1,85.3,49.0,9.7,45.1,low
STU-03860,94.2,82.1,81.1,8.8,76.2,low
STU-03861,40.4,46.1,24.2,1.9,25.5,high
STU-03862,100.0,75.1,100.0,4.3,85.3,low
STU-03863,98.6,61.1,67.3,7.8,40.6,low
STU-03864,95.6,87.9,91.0,6.8,97.9,low
STU-03865,82.5,37.3,50.3,6.1,38.3,medium
STU-03866,93.6,66.2,69.8,10.0,39.4,low
STU-03867,69.9,51.0,39.1,2.0,70.7,high
STU-03868,96.4,89.6,97.2,10.0,95.9,low
STU-03869,91.8,70.9,61.0,6.9,71.8,low
STU-03870,98.1,81.0,81.9,9.1,82.0,low
STU-03871,69.3,67.2,73.9,6.9,78.9,medium
STU-03872,34.1,44.8,12.0,0.0,49.8,high
STU-03873,52.4,69.5,33.2,5.0,59.9,high
STU-03874,69.8,59.6,91.3,7.1,26.0,medium
STU-03875,61.4,46.7,41.9,6.4,37.8,high
STU-03876,49.4,59.3,48.3,6.8,34.0,high
STU-03877,72.5,33.9,42.8,3.4,24.4,high
STU-03878,84.6,81.3,89.4,4.8,86.9,low
STU-03879,92.6,49.5,85.0,5.9,45.3,low
STU-03880,27.4,58.5,27.7,4.7,72.3,high
STU-03881,100.0,66.2,95.5,10.0,59.3,low
STU-03882,55.4,100.0,81.6,5.5,85.1,low
STU-03883,100.0,77.2,82.6,5.5,73.4,low
STU-03884,54.6,84.5,74.9,6.7,100.0,medium
STU-03885,52.1,43.6,45.0,5.8,64.3,high
STU-03886,92.1,93.3,62.9,9.1,58.8,low
STU-03887,56.0,20.4,35.0,3.4,36.1,high
STU-03888,59.3,40.3,68.2,5.0,55.3,high
STU-03889,92.5,80.7,78.3,8.1,96.2,low
STU-03890,56.5,41.9,77.0,4.1,45.2,medium
STU-03891,73.7,37.6,54.5,8.7,35.7,high
STU-03892,40.9,27.9,21.6,5.8,29.1,high
STU-03893,54.7,10.1,28.1,5.6,19.0,high
STU-03894,100.0,62.2,96.5,9.7,60.8,low
STU-03895,74.9,89.4,65.4,2.6,57.2,low
STU-03896,32.1,34.7,32.4,1.7,44.8,high
STU-03897,53.6,52.2,41.8,6.0,32.4,high
STU-03898,74.1,84.0,72.3,5.9,100.0,low
STU-03899,57.6,59.8,28.2,5.7,56.9,high
STU-03900,47.7,49.3,83.4,5.5,65.3,high
STU-03901,81.1,80.0,72.3,9.3,38.6,low
STU-03902,84.2,76.6,87.0,8.8,69.1,low
STU-03903,52.3,56.5,30.3,3.4,36.1,high
STU-03904,87.1,86.8,72.2,6.8,64.1,low
STU-03905,67.1,30.4,61.1,6.6,45.2,medium
STU-03906,76.9,92.6,100.0,8.8,95.6,low
STU-03907,87.9,36.1,80.0,5.1,53.7,medium
STU-03908,81.1,40.0,27.3,6.2,34.8,high
STU-03909,71.6,72.2,53.3,8.1,65.9,low
STU-03910,92.2,52.7,75.6,7.5,59.5,medium
STU-03911,83.9,100.0,92.5,8.3,96.5,low
STU-03912,84.9,100.0,100.0,8.1,100.0,low
STU-03913,84.0,41.5,63.0,1.2,52.7,medium
STU-03914,49.9,29.8,52.5,4.0,40.5,high
STU-03915,54.3,29.1,21.8,1.0,24.2,high
STU-03916,66.6,31.4,43.9,1.3,66.4,high
STU-03917,93.5,42.7,66.2,7.8,65.4,high
STU-03918,63.6,39.1,69.5,4.4,45.1,medium
STU-03919,78.7,89.4,78.3,9.9,71.2,low
STU-03920,70.2,64.9,94.0,9.2,63.9,low
STU-03921,99.3,78.3,98.7,8.0,75.1,low
STU-03922,37.7,32.8,69.3,4.4,50.2,high
STU-03923,36.2,40.1,56.7,0.8,23.2,high
STU-03924,46.7,52.4,35.1,2.6,48.6,high
STU-03925,49.9,69.4,57.2,3.9,59.0,medium
STU-03926,53.9,67.1,50.3,2.9,92.6,high
STU-03927,61.4,78.1,65.4,3.3,48.7,medium
STU-03928,69.5,33.7,54.3,5.4,48.4,high
STU-03929,42.1,33.7,41.8,4.2,60.2,high
STU-03930,51.0,35.1,24.7,2.9,58.3,high
STU-03931,100.0,65.7,96.2,8.2,60.5,low
STU-03932,67.3,81.2,69.5,6.9,73.9,low
STU-03933,77.4,54.7,47.7,3.5,73.5,medium
STU-03934,71.5,76.8,71.3,6.1,98.8,low
STU-03935,59.3,72.4,67.1,5.9,79.8,low
STU-03936,89.9,73.5,47.3,3.3,69.9,medium
STU-03937,91.3,94.9,89.7,8.5,100.0,low
STU-03938,75.3,59.4,77.4,7.2,74.4,low
STU-03939,94.3,81.3,94.0,10.0,76.6,low
STU-03940,80.4,96.6,52.0,4.8,94.8,low
STU-03941,73.2,50.8,82.9,5.9,60.7,low
STU-03942,80.8,48.2,77.0,7.1,100.0,low
STU-03943,83.8,49.2,60.1,9.4,59.6,medium
STU-03944,89.2,84.5,85.4,9.8,80.4,low
STU-03945,87.0,53.3,78.9,4.8,94.4,low
STU-03946,56.6,71.1,36.6,6.9,78.4,medium
STU-03947,40.9,65.2,50.0,4.7,64.6,high
STU-03948,60.3,0.0,52.2,4.6,10.3,high
STU-03949,86.6,56.1,93.3,7.0,65.3,low
STU-03950,96.9,66.2,94.0,9.1,72.5,low
STU-03951,49.0,25.4,45.8,5.7,43.3,high
STU-03952,100.0,100.0,100.0,10.0,100.0,low
STU-03953,51.0,62.4,63.0,6.8,60.4,medium
STU-03954,53.1,60.4,39.5,4.6,33.6,high
STU-03955,48.9,46.3,65.4,5.5,71.7,high
STU-03956,41.2,24.7,30.8,3.9,39.0,high
STU-03957,70.6,46.1,86.2,6.0,58.5,medium
STU-03958,100.0,81.3,97.7,5.8,87.2,low
STU-03959,80.9,62.5,58.6,7.3,49.5,medium
STU-03960,66.9,44.8,54.3,7.1,48.1,medium
STU-03961,64.4,98.4,85.1,3.7,94.4,low
STU-03962,54.9,72.6,52.7,4.5,57.8,medium
STU-03963,99.9,69.8,73.9,7.3,61.9,low
STU-03964,81.6,68.4,84.8,5.2,39.7,low
STU-03965,38.6,65.6,38.5,3.1,77.6,high
STU-03966,60.8,49.9,76.4,6.7,48.0,low
STU-03967,64.5,62.7,31.7,6.0,66.5,medium
STU-03968,86.3,56.0,75.0,7.0,56.1,medium
STU-03969,83.4,42.6,52.6,4.3,73.1,medium
STU-03970,66.0,48.1,44.9,8.0,66.1,high
STU-03971,47.3,25.3,21.3,4.0,25.6,high
STU-03972,57.5,59.1,67.2,2.9,67.2,medium
STU-03973,80.1,60.4,50.5,7.9,57.1,medium
STU-03974,93.9,79.0,97.6,5.3,99.8,low
STU-03975,69.9,53.5,77.1,6.0,68.3,medium
STU-03976,75.8,88.8,94.3,5.9,95.8,low
STU-03977,53.3,77.1,66.6,6.2,85.4,medium
STU-03978,98.5,71.9,70.7,6.6,71.0,low
STU-03979,69.4,92.4,65.6,4.7,80.0,low
STU-03980,72.2,77.4,77.6,7.1,73.7,low
STU-03981,51.0,58.9,77.0,7.3,95.8,high
STU-03982,72.6,56.3,61.4,7.6,50.8,medium
STU-03983,75.1,61.9,92.0,6.3,49.0,medium
STU-03984,48.0,34.7,51.1,3.4,30.4,high
STU-03985,86.9,61.8,82.0,7.4,68.4,low
STU-03986,57.6,63.3,55.0,7.3,65.9,medium
STU-03987,73.1,11.0,37.0,2.5,47.5,high
STU-03988,69.8,58.5,56.6,4.7,69.0,medium
STU-03989,44.3,31.5,61.9,3.7,60.4,high
STU-03990,100.0,60.5,79.7,10.0,62.8,low
STU-03991,59.6,50.0,43.6,1.7,74.5,high
STU-03992,78.0,79.8,80.4,7.5,40.4,low
STU-03993,45.8,72.6,71.5,1.4,40.1,high
STU-03994,60.5,74.1,76.4,10.0,63.9,low
STU-03995,46.5,43.8,30.0,1.9,73.6,high
STU-03996,53.4,35.7,45.5,7.2,63.6,high
STU-03997,100.0,78.5,100.0,8.6,100.0,low
STU-03998,74.7,86.7,49.3,7.2,66.7,low
STU-03999,54.3,36.9,37.7,3.9,31.4,high
STU-04000,29.9,20.5,22.2,0.3,41.9,high
STU-04001,37.8,45.4,41.2,3.6,77.9,high
STU-04002,90.6,73.6,100.0,9.2,78.2,low
STU-04003,59.3,70.8,73.6,5.2,65.8,medium
STU-04004,81.9,100.0,84.8,5.6,72.2,low
STU-04005,84.7,60.9,100.0,8.3,85.7,low
STU-04006,38.1,29.8,28.4,0.7,74.3,high
STU-04007,89.7,65.1,58.7,6.2,56.2,medium
STU-04008,66.1,68.1,85.8,3.4,56.7,medium
STU-04009,90.2,45.7,43.4,7.4,78.5,high
STU-04010,72.1,88.8,75.8,7.9,88.8,low
STU-04011,51.0,37.7,67.1,4.5,69.1,medium
STU-04012,61.0,56.9,28.9,4.9,69.0,high
STU-04013,92.4,88.7,79.5,6.8,70.4,low
STU-04014,86.9,89.1,100.0,7.9,91.1,low
STU-04015,83.6,71.7,65.0,6.3,89.5,low
STU-04016,100.0,53.1,78.9,8.5,58.8,low
STU-04017,67.8,78.0,83.5,7.6,100.0,low
STU-04018,85.0,56.9,82.5,4.0,85.3,medium
STU-04019,70.2,25.6,44.5,6.1,62.1,high
STU-04020,91.9,65.1,90.4,8.5,48.2,low
STU-04021,72.2,76.1,76.0,5.7,75.1,medium
STU-04022,60.5,64.4,47.1,4.0,67.2,medium
STU-04023,35.9,43.9,21.3,2.5,14.9,high
STU-04024,73.6,39.6,45.7,7.2,46.4,high
STU-04025,46.3,12.4,47.0,2.5,41.5,high
STU-04026,67.0,52.0,61.9,5.6,53.4,high
STU-04027,95.0,56.1,96.3,10.0,55.4,low
STU-04028,92.4,83.6,92.8,9.4,66.0,low
STU-04029,96.0,41.9,89.9,8.8,71.6,medium
STU-04030,66.9,59.4,70.2,2.3,60.3,medium
STU-04031,78.7,60.4,65.7,7.5,46.4,low
STU-04032,70.9,64.0,70.0,3.3,41.9,medium
STU-04033,77.5,74.0,61.8,6.1,75.5,low
STU-04034,100.0,90.2,85.3,8.3,93.0,low
STU-04035,58.9,41.8,54.3,5.9,55.6,medium
STU-04036,77.6,62.9,77.1,4.7,62.9,low
STU-04037,53.8,100.0,75.2,7.8,74.3,low
STU-04038,93.8,60.3,87.4,6.0,58.1,medium
STU-04039,53.4,37.9,53.3,1.6,41.4,high
STU-04040,75.5,46.9,52.6,7.4,78.2,high
STU-04041,34.0,61.5,72.6,1.3,68.7,high
STU-04042,64.9,61.2,56.1,9.0,69.4,low
STU-04043,56.4,40.6,43.7,4.0,56.8,high
STU-04044,93.7,55.4,74.6,8.1,62.5,low
STU-04045,59.3,45.1,54.5,4.9,57.7,medium
STU-04046,36.7,45.9,46.2,5.7,33.0,high
STU-04047,69.8,69.7,52.1,4.6,81.0,low
STU-04048,43.0,41.5,35.0,7.8,49.6,high
STU-04049,93.5,44.8,66.0,5.8,78.6,low
STU-04050,51.5,69.4,61.3,0.0,66.9,medium
STU-04051,69.2,65.3,66.2,6.8,61.1,low
STU-04052,91.1,100.0,56.1,5.2,59.1,low
STU-04053,100.0,77.1,85.1,9.7,54.4,low
STU-04054,54.2,25.2,57.3,5.6,46.2,high
STU-04055,58.0,96.2,59.5,5.4,74.8,low
STU-04056,56.6,71.4,70.6,6.4,73.3,medium
STU-04057,76.5,65.8,49.8,3.8,59.8,medium
STU-04058,47.2,71.8,50.3,4.1,67.1,high
STU-04059,83.4,51.8,56.3,5.8,74.0,medium
STU-04060,54.4,25.4,45.1,4.1,68.6,high
STU-04061,36.3,82.2,63.0,6.0,52.8,high
STU-04062,90.4,67.4,100.0,10.0,84.3,low
STU-04063,68.7,76.5,62.7,3.9,39.6,low
STU-04064,80.6,60.4,70.0,6.0,39.8,medium
STU-04065,72.3,63.4,45.5,3.9,79.1,medium
STU-04066,68.2,64.8,64.5,4.8,91.9,medium
STU-04067,58.3,84.8,69.7,1.7,57.1,high
STU-04068,53.3,50.1,30.4,5.2,58.3,high
STU-04069,50.8,55.8,81.6,6.6,59.6,medium
STU-04070,45.7,26.4,20.1,5.0,41.4,high
STU-04071,72.2,50.6,50.8,7.8,11.4,high
STU-04072,74.6,55.4,86.3,8.9,97.8,low
STU-04073,74.5,69.4,100.0,9.4,69.6,low
STU-04074,98.8,100.0,98.8,10.0,61.2,low
STU-04075,62.6,70.0,59.5,6.5,79.0,medium
STU-04076,65.8,77.8,62.5,7.7,20.7,low
STU-04077,47.8,0.0,31.0,1.4,0.0,high
STU-04078,45.5,54.7,20.2,1.8,36.6,high
STU-04079,43.1,31.6,44.0,2.5,49.9,high
STU-04080,61.1,39.7,59.8,4.7,71.6,high
STU-04081,53.3,74.8,42.2,6.7,77.7,medium
STU-04082,96.9,81.6,100.0,10.0,75.4,low
STU-04083,93.2,60.2,67.1,10.0,68.8,low
STU-04084,57.7,18.5,52.9,6.5,51.6,high
STU-04085,100.0,100.0,100.0,8.4,100.0,low
STU-04086,66.7,71.7,55.4,5.1,76.0,medium
STU-04087,76.3,53.8,52.8,7.6,47.5,medium
STU-04088,81.5,25.3,64.8,6.9,37.1,high
STU-04089,100.0,82.6,97.6,8.7,40.0,low
STU-04090,71.4,72.0,53.3,9.4,82.8,medium
STU-04091,71.9,100.0,77.9,10.0,100.0,low
STU-04092,49.4,26.4,54.0,1.7,61.7,high
STU-04093,77.1,67.4,87.4,6.9,67.4,low
STU-04094,42.6,37.1,56.4,6.5,66.1,high
STU-04095,95.1,76.8,49.2,7.8,68.7,low
STU-04096,50.4,17.6,22.0,2.6,27.3,high
STU-04097,58.1,79.0,80.2,6.7,92.2,low
STU-04098,85.6,91.9,100.0,7.7,82.6,low
STU-04099,69.7,63.5,61.2,8.1,68.7,low
STU-04100,71.0,72.8,76.1,9.3,99.4,low
STU-04101,73.7,87.1,45.3,6.1,73.6,low
STU-04102,80.2,96.5,96.6,8.8,95.6,low
STU-04103,66.2,35.1,71.8,6.2,46.2,high
STU-04104,50.4,100.0,79.5,5.4,84.0,medium
STU-04105,81.0,35.2,78.1,4.3,33.6,medium
STU-04106,100.0,100.0,89.2,10.0,93.4,low
STU-04107,66.2,15.5,41.6,2.9,38.1,high
STU-04108,76.2,97.1,77.2,6.1,86.0,low
STU-04109,100.0,100.0,100.0,10.0,100.0,low
STU-04110,89.6,76.3,98.3,8.9,82.6,low
STU-04111,100.0,79.9,89.1,8.7,58.8,low
STU-04112,63.8,75.2,80.9,6.8,76.4,low
STU-04113,90.1,51.7,76.4,4.7,79.9,low
STU-04114,84.8,95.7,79.6,8.6,73.9,low
STU-04115,21.8,30.5,41.3,2.4,23.3,high
STU-04116,100.0,25.7,58.7,7.6,71.3,high
STU-04117,100.0,95.4,82.7,6.2,84.2,low
STU-04118,66.9,89.2,62.4,5.5,77.7,low
STU-04119,70.9,50.3,66.9,6.1,47.4,medium
STU-04120,39.3,27.3,32.6,0.9,57.4,high
STU-04121,38.0,21.7,58.0,3.7,38.5,high
STU-04122,80.8,76.2,91.8,8.8,100.0,low
STU-04123,58.6,52.5,73.1,6.7,52.4,medium
STU-04124,59.7,25.3,25.9,5.6,71.8,high
STU-04125,66.6,78.8,62.3,5.4,85.7,low
STU-04126,85.4,70.5,77.6,7.9,52.6,low
STU-04127,63.1,98.0,78.5,6.5,86.0,low
STU-04128,91.4,78.3,71.3,5.2,62.9,medium
STU-04129,68.6,58.4,71.8,8.8,75.4,medium
STU-04130,37.5,11.9,35.1,0.0,41.8,high
STU-04131,60.5,69.7,81.2,7.9,56.1,medium
STU-04132,77.0,66.0,49.6,3.7,60.8,medium
STU-04133,33.1,63.3,47.0,2.9,34.6,high
STU-04134,35.7,59.4,26.1,3.5,58.4,high
STU-04135,30.1,29.8,47.8,1.9,68.8,high
STU-04136,48.7,54.7,60.0,4.4,70.3,high
STU-04137,77.6,69.9,99.3,6.2,93.8,low
STU-04138,100.0,89.1,86.0,6.3,66.8,low
STU-04139,72.0,33.8,53.8,6.0,50.6,medium
STU-04140,79.9,47.9,76.7,9.6,87.3,low
STU-04141,70.9,90.9,62.3,6.7,51.1,low
STU-04142,93.0,100.0,100.0,9.2,100.0,low
STU-04143,100.0,69.4,56.2,5.9,57.8,medium
STU-04144,56.4,27.4,32.9,4.3,53.0,high
STU-04145,100.0,100.0,100.0,9.0,91.1,low
STU-04146,37.8,24.6,5.4,0.0,29.3,high
STU-04147,36.9,47.9,43.1,3.3,64.3,high
STU-04148,89.7,100.0,90.3,7.4,100.0,low
STU-04149,61.4,76.2,57.4,5.5,59.8,low
STU-04150,45.1,28.7,25.1,0.7,34.3,high
STU-04151,55.4,18.1,65.8,5.2,68.7,high
STU-04152,63.7,66.7,67.4,6.7,83.3,medium
STU-04153,73.4,100.0,63.8,10.0,76.7,low
STU-04154,100.0,59.8,65.2,9.8,65.6,low
STU-04155,100.0,66.0,100.0,7.2,53.4,low
STU-04156,26.3,29.6,54.1,1.6,50.7,high
STU-04157,48.3,50.6,62.0,4.6,53.4,high
STU-04158,38.3,93.3,69.6,3.4,75.1,high
STU-04159,100.0,100.0,100.0,9.7,100.0,low
STU-04160,80.3,86.7,74.6,6.8,72.5,low
STU-04161,66.6,48.4,62.5,6.7,47.0,medium
STU-04162,58.7,50.7,65.3,7.0,10.5,high
STU-04163,70.0,72.2,82.5,6.1,79.0,low
STU-04164,57.9,14.0,25.3,0.4,63.6,high
STU-04165,91.2,44.2,66.8,8.5,52.9,medium
STU-04166,80.9,86.4,58.5,5.2,83.0,low
STU-04167,29.7,33.5,47.3,3.1,32.7,high
STU-04168,73.3,56.8,66.3,6.2,30.0,medium
STU-04169,68.2,61.9,63.6,5.9,55.7,medium
STU-04170,69.1,78.5,82.9,6.1,65.3,low
STU-04171,55.5,86.9,58.5,5.1,82.9,low
STU-04172,73.0,91.8,98.1,8.5,75.2,low
STU-04173,93.7,56.3,63.2,7.9,54.3,medium
STU-04174,40.7,60.1,37.9,3.8,55.6,high
STU-04175,72.0,37.0,47.1,5.7,64.7,high
STU-04176,72.9,61.0,66.2,4.6,67.0,medium
STU-04177,79.9,58.9,77.7,8.2,76.4,low
STU-04178,85.4,76.0,67.5,9.2,74.6,medium
STU-04179,61.7,12.0,8.3,3.3,35.9,high
STU-04180,78.5,55.5,64.0,5.3,48.6,medium
STU-04181,44.6,82.2,65.2,4.2,86.6,high
STU-04182,71.2,65.5,74.5,6.3,49.0,medium
STU-04183,45.5,63.7,57.9,4.5,18.3,high
STU-04184,100.0,100.0,100.0,9.1,100.0,low
STU-04185,61.3,59.0,58.7,6.3,49.8,medium
STU-04186,75.6,74.6,78.3,7.8,64.4,low
STU-04187,53.7,62.4,54.8,4.0,49.1,medium
STU-04188,60.0,64.4,77.3,5.1,65.1,low
STU-04189,51.5,26.9,38.6,6.0,38.8,high
STU-04190,100.0,100.0,100.0,10.0,100.0,low
STU-04191,55.3,59.8,68.4,7.9,87.7,medium
STU-04192,83.2,86.9,73.5,7.3,82.0,low
STU-04193,88.2,90.8,67.3,5.2,95.6,low
STU-04194,57.1,37.4,28.5,3.8,28.9,high
STU-04195,96.6,50.2,63.2,5.7,84.5,medium
STU-04196,66.2,27.1,71.4,5.6,23.8,high
STU-04197,64.3,77.7,89.8,8.1,63.1,medium
STU-04198,39.1,0.0,8.1,0.0,10.1,high
STU-04199,64.6,31.3,54.6,0.9,41.3,high
STU-04200,79.4,91.7,83.7,8.0,91.6,low
STU-04201,82.6,70.0,56.0,7.1,51.5,low
STU-04202,100.0,34.6,69.3,8.1,69.0,high
STU-04203,61.2,72.0,45.7,5.1,57.7,high
STU-04204,100.0,100.0,100.0,6.8,89.9,low
STU-04205,97.2,68.0,85.3,5.8,80.0,low
STU-04206,100.0,82.5,81.5,7.0,73.8,low
STU-04207,75.0,83.7,59.5,3.4,77.5,low
STU-04208,60.8,73.3,34.6,3.0,79.3,medium
STU-04209,80.9,84.0,100.0,9.4,82.8,low
STU-04210,63.9,64.6,52.3,6.6,71.9,medium
STU-04211,61.2,79.8,64.8,6.3,56.9,medium
STU-04212,29.1,74.1,47.7,3.0,100.0,high
STU-04213,79.9,100.0,94.2,10.0,95.9,low
STU-04214,68.7,35.1,60.8,4.8,34.1,medium
STU-04215,100.0,80.0,94.8,9.0,64.6,low
STU-04216,59.9,94.4,77.9,5.5,75.1,low
STU-04217,82.8,92.9,64.1,5.1,100.0,low
STU-04218,80.9,90.4,77.4,8.3,67.1,low
STU-04219,82.6,100.0,77.7,5.4,62.9,low
STU-04220,64.1,30.9,56.4,6.7,71.7,medium
STU-04221,62.2,90.8,66.5,5.4,47.2,medium
STU-04222,78.6,76.8,43.0,7.0,66.9,medium
STU-04223,100.0,100.0,100.0,8.5,100.0,low
STU-04224,55.0,53.7,36.4,4.0,34.5,high
STU-04225,67.4,34.8,42.1,2.3,69.9,high
STU-04226,52.5,89.3,52.8,6.6,74.9,medium
STU-04227,88.6,83.1,62.8,7.7,60.0,low
STU-04228,91.2,100.0,94.4,8.9,100.0,low
STU-04229,62.9,36.8,49.1,6.8,75.7,medium
STU-04230,62.0,77.5,64.2,8.0,79.4,low
STU-04231,100.0,100.0,100.0,10.0,100.0,low
STU-04232,63.2,78.0,74.1,8.2,80.3,medium
STU-04233,62.4,36.4,67.8,2.5,39.5,medium
STU-04234,93.1,95.0,79.0,6.5,64.3,low
STU-04235,58.5,78.2,64.8,2.8,88.5,medium
STU-04236,76.1,92.4,97.0,8.2,94.1,low
STU-04237,73.5,99.0,78.1,5.7,80.8,low
STU-04238,87.3,59.9,54.7,4.2,53.4,low
STU-04239,79.0,72.0,84.1,8.5,74.8,low
STU-04240,91.3,97.5,68.7,10.0,93.0,low
STU-04241,59.4,70.1,68.4,6.0,82.3,low
STU-04242,88.9,32.8,55.3,6.4,61.6,medium
STU-04243,84.3,66.1,76.9,10.0,57.4,low
STU-04244,53.2,33.1,52.7,2.2,39.4,high
STU-04245,100.0,90.8,100.0,9.4,78.9,low
STU-04246,49.2,45.5,52.8,6.9,75.2,high
STU-04247,60.4,76.2,73.2,6.1,56.0,low
STU-04248,58.4,57.4,43.9,6.6,55.7,medium
STU-04249,30.0,55.9,41.6,1.6,58.6,high
STU-04250,74.1,95.2,100.0,6.4,98.5,low
STU-04251,94.9,70.6,86.6,7.9,91.3,low
STU-04252,47.6,57.4,48.4,5.9,67.3,high
STU-04253,75.5,60.4,78.3,9.0,67.5,low
STU-04254,72.4,57.9,64.6,6.7,57.1,medium
STU-04255,92.0,60.4,55.8,8.2,61.6,low
STU-04256,100.0,91.5,100.0,10.0,100.0,low
STU-04257,85.9,39.3,85.6,6.6,40.5,medium
STU-04258,75.9,82.5,88.5,3.7,88.6,low
STU-04259,87.2,100.0,88.5,5.9,85.4,low
STU-04260,83.4,49.9,70.1,4.9,34.9,medium
STU-04261,77.9,63.9,75.2,3.5,93.5,medium
STU-04262,72.2,74.7,69.2,3.1,66.5,medium
STU-04263,68.7,70.8,66.3,3.0,46.6,medium
STU-04264,99.8,100.0,100.0,9.9,76.9,low
STU-04265,100.0,84.2,58.7,8.4,84.6,low
STU-04266,66.8,54.2,36.4,7.7,63.0,high
STU-04267,64.6,71.8,53.3,4.2,62.2,medium
STU-04268,86.3,97.5,64.0,9.2,89.5,low
STU-04269,51.0,81.0,71.4,6.0,85.3,medium
STU-04270,51.4,68.0,37.6,4.5,63.1,high
STU-04271,88.6,48.9,77.1,8.1,57.6,medium
STU-04272,57.4,72.5,46.2,7.9,69.1,medium
STU-04273,61.2,58.6,33.2,3.9,50.4,high
STU-04274,87.2,100.0,100.0,10.0,84.0,low
STU-04275,68.1,88.7,78.5,6.1,85.3,low
STU-04276,24.0,17.5,48.0,3.7,50.8,high
STU-04277,100.0,78.5,96.1,9.0,74.1,low
STU-04278,72.8,59.6,57.5,3.9,90.6,medium
STU-04279,50.9,42.5,9.6,2.5,35.7,high
STU-04280,60.5,46.9,51.3,3.7,51.1,high
STU-04281,80.4,100.0,100.0,6.3,90.9,low
STU-04282,58.8,6.5,40.7,1.8,19.3,high
STU-04283,61.2,57.8,68.2,3.5,67.7,medium
STU-04284,48.4,39.3,37.2,2.1,48.8,high
STU-04285,42.5,55.4,50.8,4.8,72.2,high
STU-04286,52.2,100.0,80.8,3.5,84.0,medium
STU-04287,65.4,66.5,74.0,9.2,63.3,low
STU-04288,69.7,66.4,76.1,7.4,47.7,medium
STU-04289,60.1,64.7,77.5,7.9,72.1,medium
STU-04290,54.9,55.9,61.1,5.2,80.7,high
STU-04291,44.9,39.8,34.5,7.6,53.9,high
STU-04292,84.8,23.9,45.4,4.1,52.7,high
STU-04293,100.0,49.3,55.2,8.5,52.2,low
STU-04294,83.6,94.3,73.7,10.0,83.7,low
STU-04295,46.8,47.8,47.2,1.2,59.0,high
STU-04296,71.6,67.0,88.0,5.3,73.0,low
STU-04297,66.6,40.7,60.7,3.7,61.5,medium
STU-04298,56.1,81.0,51.6,4.1,30.8,medium
STU-04299,63.2,79.3,60.3,7.1,73.7,low
STU-04300,91.6,68.8,70.5,4.0,43.6,low
STU-04301,76.8,69.8,52.9,6.7,39.5,medium
STU-04302,86.8,92.2,85.7,10.0,93.5,low
STU-04303,52.1,27.6,42.2,1.6,41.3,high
STU-04304,56.1,62.2,48.4,4.5,45.7,medium
STU-04305,35.4,29.9,12.4,4.0,78.9,high
STU-04306,74.9,85.0,70.6,4.0,78.5,low
STU-04307,62.8,64.3,69.1,5.6,43.3,medium
STU-04308,98.9,100.0,100.0,10.0,93.6,low
STU-04309,75.7,53.5,74.0,10.0,60.1,low
STU-04310,77.4,13.2,41.0,5.9,32.8,high
STU-04311,45.2,65.7,52.6,4.9,51.3,high
STU-04312,47.8,83.0,65.1,4.8,51.7,high
STU-04313,41.3,59.6,41.0,4.5,65.9,high
STU-04314,77.4,75.4,99.1,9.3,68.5,low
STU-04315,100.0,83.4,100.0,10.0,56.6,low
STU-04316,83.6,99.4,76.0,5.8,67.5,low
STU-04317,63.3,65.9,100.0,5.7,74.6,low
STU-04318,58.0,74.6,73.2,4.4,58.2,medium
STU-04319,57.7,41.1,48.6,4.1,31.4,high
STU-04320,100.0,100.0,100.0,7.4,100.0,low
STU-04321,87.7,59.9,70.4,10.0,53.2,low
STU-04322,78.8,66.7,69.8,5.7,52.9,medium
STU-04323,40.8,45.8,39.8,4.5,42.5,high
STU-04324,62.9,36.0,57.3,10.0,77.0,high
STU-04325,74.2,53.2,65.3,5.4,60.3,medium
STU-04326,57.6,44.3,66.0,4.8,72.6,medium
STU-04327,66.2,65.9,90.0,5.9,69.2,low
STU-04328,91.3,62.6,88.1,8.9,56.7,low
STU-04329,82.4,69.3,81.0,5.8,69.9,low
STU-04330,54.9,32.5,34.9,8.2,4.7,high
STU-04331,92.6,100.0,100.0,10.0,91.8,low
STU-04332,72.7,23.8,46.4,6.4,44.2,high
STU-04333,77.3,95.8,93.7,7.1,84.8,low
STU-04334,100.0,96.9,100.0,10.0,100.0,low
STU-04335,79.3,53.2,72.9,8.5,75.0,medium
STU-04336,42.4,32.2,20.1,5.0,51.7,high
STU-04337,70.8,53.6,53.8,5.2,69.7,medium
STU-04338,99.4,68.5,71.2,7.5,45.9,low
STU-04339,53.5,46.3,39.2,5.2,66.8,high
STU-04340,68.1,33.2,67.1,5.1,50.2,medium
STU-04341,52.3,23.7,53.5,7.9,40.7,high
STU-04342,66.5,57.8,66.6,5.2,87.6,high
STU-04343,80.6,77.6,71.8,5.9,52.8,medium
STU-04344,75.3,82.0,80.5,9.1,53.6,low
STU-04345,46.4,68.0,74.9,3.4,52.9,medium
STU-04346,50.2,50.4,61.4,6.7,57.1,high
STU-04347,46.5,55.0,8.6,5.4,66.1,high
STU-04348,63.0,33.8,58.1,5.1,32.0,high
STU-04349,100.0,61.9,83.7,6.7,57.7,low
STU-04350,67.6,59.0,83.4,5.9,96.9,medium
STU-04351,42.8,48.7,43.6,4.2,60.6,high
STU-04352,44.9,42.6,62.4,6.6,44.8,high
STU-04353,94.1,79.6,79.2,7.0,91.7,low
STU-04354,41.0,30.9,39.7,2.2,41.4,high
STU-04355,82.8,35.3,30.0,4.6,44.2,high
STU-04356,55.5,59.9,21.3,4.2,26.2,high
STU-04357,77.4,74.7,81.9,6.2,46.9,medium
STU-04358,78.2,57.8,66.8,7.9,76.8,low
STU-04359,100.0,69.8,75.7,10.0,72.3,low
STU-04360,56.3,99.3,100.0,9.3,94.8,low
STU-04361,58.5,50.8,33.9,6.9,68.5,medium
STU-04362,99.0,63.0,72.5,7.7,78.7,low
STU-04363,98.6,97.2,50.4,7.3,70.8,low
STU-04364,45.5,25.5,65.8,2.6,42.5,high
STU-04365,73.8,46.9,68.7,6.8,44.0,medium
STU-04366,78.5,86.0,78.3,8.8,87.2,low
STU-04367,83.6,88.1,78.9,9.6,66.8,low
STU-04368,81.1,70.3,82.6,5.0,36.0,low
STU-04369,75.8,90.8,78.6,7.5,54.5,medium
STU-04370,76.3,92.8,100.0,7.2,67.5,low
STU-04371,50.9,50.2,35.0,6.4,52.6,high
STU-04372,78.1,74.2,81.8,7.1,47.0,low
STU-04373,62.2,66.5,46.3,9.4,34.7,medium
STU-04374,72.6,100.0,96.8,8.4,89.8,low
STU-04375,80.2,83.6,53.3,5.7,88.8,low
STU-04376,66.1,16.4,56.1,4.4,39.4,high
STU-04377,65.9,44.8,45.9,7.7,34.0,high
STU-04378,74.5,67.5,88.1,8.0,58.8,medium
STU-04379,51.4,19.9,55.0,5.8,51.0,medium
STU-04380,79.7,48.9,72.9,7.2,68.6,low
STU-04381,98.6,100.0,100.0,10.0,73.1,low
STU-04382,78.7,50.1,54.8,9.7,51.2,medium
STU-04383,80.2,55.0,85.5,6.9,100.0,low
STU-04384,86.6,70.6,58.5,5.1,71.1,medium
STU-04385,83.5,100.0,97.7,8.6,60.5,low
STU-04386,80.3,35.7,30.5,0.1,91.7,high
STU-04387,94.8,64.3,49.6,7.7,70.6,low
STU-04388,76.9,79.1,100.0,5.4,79.5,low
STU-04389,30.1,32.3,3.3,1.7,46.4,high
STU-04390,59.1,86.8,94.1,7.8,80.2,low
STU-04391,83.7,67.5,39.2,9.1,65.1,low
STU-04392,100.0,100.0,89.2,8.3,89.4,low
STU-04393,100.0,37.0,73.0,8.9,58.4,high
STU-04394,61.0,37.8,51.9,5.7,53.0,medium
STU-04395,54.6,36.6,35.2,5.1,43.9,high
STU-04396,53.5,75.4,39.3,2.6,54.9,medium
STU-04397,100.0,57.2,94.5,7.6,76.1,low
STU-04398,68.4,51.3,54.2,5.0,64.6,high
STU-04399,100.0,63.4,68.3,5.8,54.5,low
STU-04400,51.0,45.9,58.6,4.0,37.7,high
STU-04401,69.8,72.5,58.2,7.7,61.5,low
STU-04402,43.3,42.0,36.5,3.7,31.0,high
STU-04403,45.8,46.5,30.4,3.1,68.2,high
STU-04404,86.7,71.8,90.4,7.9,100.0,low
STU-04405,61.7,69.2,75.4,9.3,80.1,low
STU-04406,100.0,100.0,94.2,10.0,78.7,low
STU-04407,73.7,34.0,56.3,5.4,48.8,high
STU-04408,78.0,50.5,56.8,5.3,63.7,medium
STU-04409,66.1,50.1,43.7,6.4,64.2,medium
STU-04410,70.2,23.3,29.9,3.9,24.4,high
STU-04411,100.0,100.0,100.0,10.0,100.0,low
STU-04412,87.4,54.6,46.1,6.7,78.1,medium
STU-04413,65.7,70.5,100.0,8.0,84.9,low
STU-04414,63.3,59.3,68.9,4.3,55.7,medium
STU-04415,75.8,52.0,41.2,7.2,59.5,medium
STU-04416,83.9,65.0,81.8,9.3,45.8,low
STU-04417,51.7,79.4,78.5,5.7,50.9,medium
STU-04418,64.5,73.7,51.0,4.6,79.9,low
STU-04419,60.7,43.3,57.6,3.4,68.3,high
STU-04420,66.9,91.2,66.4,9.1,99.9,low
STU-04421,87.2,88.3,92.6,8.7,91.3,low
STU-04422,60.9,67.6,50.9,4.3,72.8,medium
STU-04423,70.4,23.4,80.8,5.8,44.9,high
STU-04424,66.9,56.8,77.0,8.3,45.7,medium
STU-04425,77.1,54.6,35.3,5.0,32.5,high
STU-04426,76.9,63.0,83.6,6.6,59.6,medium
STU-04427,70.7,60.8,79.1,6.3,55.8,medium
STU-04428,91.7,46.0,39.8,3.7,37.7,high
STU-04429,62.6,84.9,73.2,2.2,72.4,medium
STU-04430,93.1,59.0,76.6,6.4,55.5,low
STU-04431,41.5,56.2,36.7,3.1,38.1,high
STU-04432,100.0,48.2,89.6,9.6,60.6,low
STU-04433,81.9,72.6,65.6,6.9,74.9,low
STU-04434,67.9,55.5,87.3,7.5,82.2,low
STU-04435,68.7,90.2,75.8,7.8,98.5,low
STU-04436,100.0,100.0,80.2,5.4,62.5,low
STU-04437,58.2,55.9,67.2,5.6,60.2,low
STU-04438,75.0,66.8,65.0,4.4,95.2,low
STU-04439,60.4,24.2,42.6,2.2,24.3,high
STU-04440,62.7,44.1,55.7,4.5,36.2,high
STU-04441,59.2,56.1,95.4,7.3,46.6,low
STU-04442,73.7,13.8,37.0,5.5,25.5,high
STU-04443,71.4,84.5,53.9,6.8,45.1,medium
STU-04444,69.5,25.4,64.5,2.9,33.9,high
STU-04445,63.8,48.4,55.7,4.6,66.0,medium
STU-04446,60.5,45.0,39.1,6.7,56.1,high
STU-04447,85.5,69.1,82.7,9.8,48.9,low
STU-04448,70.2,70.9,71.7,6.9,62.6,low
STU-04449,100.0,100.0,91.3,8.9,88.4,low
STU-04450,67.5,42.5,99.5,4.9,63.4,medium
STU-04451,69.6,63.8,49.7,7.8,65.0,medium
STU-04452,83.7,50.1,41.8,9.2,70.6,medium
STU-04453,42.1,21.9,39.7,1.2,46.3,high
STU-04454,68.0,96.5,62.7,7.9,73.6,low
STU-04455,74.3,52.0,71.6,7.1,69.3,medium
STU-04456,76.3,100.0,88.3,6.1,92.7,low
STU-04457,59.0,64.1,27.3,3.6,60.1,medium
STU-04458,83.8,50.7,79.6,9.9,50.4,low
STU-04459,36.9,35.2,34.8,4.8,39.3,high
STU-04460,65.5,57.0,82.6,6.5,71.3,medium
STU-04461,100.0,73.6,83.4,9.0,88.6,low
STU-04462,55.2,51.1,61.7,3.4,56.2,high
STU-04463,47.8,94.6,99.0,4.9,89.7,medium
STU-04464,49.9,38.5,34.7,4.7,45.8,high
STU-04465,51.1,88.7,64.1,5.1,75.1,low
STU-04466,87.2,91.7,65.4,4.7,77.4,low
STU-04467,52.4,61.9,70.8,3.1,49.7,medium
STU-04468,93.1,70.3,73.2,10.0,72.2,low
STU-04469,89.8,100.0,100.0,10.0,100.0,low
STU-04470,85.2,19.3,67.0,7.6,53.8,high
STU-04471,89.0,85.8,91.1,6.5,76.0,low
STU-04472,80.7,50.6,43.3,2.8,56.9,medium
STU-04473,91.4,97.6,76.0,5.1,63.7,low
STU-04474,96.8,96.4,100.0,8.3,65.0,low
STU-04475,100.0,51.1,68.3,5.9,71.8,low
STU-04476,100.0,94.5,100.0,10.0,88.3,low
STU-04477,88.1,97.8,68.7,5.6,68.7,low
STU-04478,80.3,71.2,82.1,6.5,62.1,low
STU-04479,100.0,100.0,100.0,10.0,98.1,low
STU-04480,42.1,90.7,75.6,9.0,91.9,high
STU-04481,68.8,48.5,78.2,5.9,61.6,medium
STU-04482,77.2,74.7,59.0,5.9,82.3,medium
STU-04483,58.6,55.6,63.6,5.1,74.7,medium
STU-04484,55.8,53.2,50.0,9.6,57.0,medium
STU-04485,44.6,47.2,42.7,2.7,49.4,high
STU-04486,42.4,72.8,40.1,4.7,67.8,high
STU-04487,100.0,86.0,83.7,5.8,100.0,low
STU-04488,77.9,28.1,85.6,6.1,52.3,medium
STU-04489,66.1,60.4,100.0,9.2,91.7,low
STU-04490,53.5,57.2,31.0,5.5,59.7,medium
STU-04491,100.0,100.0,100.0,10.0,100.0,low
STU-04492,71.8,20.3,75.6,7.0,53.8,medium
STU-04493,61.0,33.0,65.0,4.5,36.3,medium
STU-04494,34.7,35.9,47.8,0.9,37.9,high
STU-04495,60.9,75.8,55.2,6.5,60.2,medium
STU-04496,75.6,41.4,58.6,6.3,61.3,medium
STU-04497,57.0,65.8,56.2,4.4,61.4,medium
STU-04498,62.0,38.9,51.1,5.0,28.0,high
STU-04499,60.6,59.2,71.0,6.9,84.5,medium
STU-04500,59.2,41.8,29.0,2.9,30.1,high
STU-04501,76.0,28.0,38.0,7.2,28.3,high
STU-04502,86.5,100.0,100.0,10.0,100.0,low
STU-04503,73.2,40.6,55.6,8.5,57.9,high
STU-04504,69.0,60.4,82.4,7.3,56.5,low
STU-04505,91.6,64.6,96.6,10.0,64.4,low
STU-04506,64.2,98.3,79.0,5.5,67.9,low
STU-04507,66.7,76.9,98.3,4.8,66.6,low
STU-04508,100.0,74.9,87.2,7.9,64.1,low
STU-04509,94.7,65.0,85.7,5.3,52.8,low
STU-04510,71.4,73.2,71.3,7.6,72.3,low
STU-04511,54.2,50.5,58.4,3.6,49.8,high
STU-04512,39.7,42.3,53.4,3.7,73.3,high
STU-04513,100.0,66.9,87.6,7.2,93.2,low
STU-04514,77.3,68.8,58.4,3.8,43.5,medium
STU-04515,75.2,61.2,53.3,5.7,68.2,high
STU-04516,64.8,48.0,47.3,5.0,70.4,high
STU-04517,81.9,98.0,94.4,8.9,72.1,low
STU-04518,68.5,58.2,67.0,4.4,61.7,high
STU-04519,51.3,64.5,70.9,4.3,77.2,medium
STU-04520,95.0,39.2,59.0,4.8,32.2,medium
STU-04521,93.0,51.2,79.6,7.4,66.3,medium
STU-04522,91.9,91.5,84.0,7.1,90.9,low
STU-04523,60.8,74.1,87.8,8.7,72.4,low
STU-04524,65.5,59.3,51.3,5.3,76.7,medium
STU-04525,91.4,100.0,77.0,7.2,80.4,low
STU-04526,66.7,59.1,61.9,6.8,54.4,medium
STU-04527,48.0,64.3,36.5,6.5,60.7,high
STU-04528,96.1,62.4,98.1,10.0,57.9,low
STU-04529,30.1,17.5,40.1,1.9,30.0,high
STU-04530,93.3,100.0,82.3,5.7,100.0,low
STU-04531,100.0,56.1,87.8,9.4,77.6,low
STU-04532,45.5,61.2,56.4,8.5,61.2,high
STU-04533,75.3,96.4,100.0,6.4,100.0,low
STU-04534,64.3,34.9,57.6,4.9,42.4,high
STU-04535,80.8,75.5,88.4,5.1,81.7,low
STU-04536,53.8,66.1,42.1,1.1,63.0,medium
STU-04537,56.7,28.4,0.0,5.1,30.1,high
STU-04538,58.3,74.2,69.7,4.5,78.3,medium
STU-04539,37.2,39.9,29.6,0.8,28.9,high
STU-04540,27.0,62.2,40.9,4.1,85.1,high
STU-04541,54.7,63.7,91.5,9.2,84.5,medium
STU-04542,98.5,77.5,93.5,8.6,68.7,low
STU-04543,42.0,57.7,36.4,7.0,41.5,high
STU-04544,83.0,36.2,68.1,4.1,43.7,high
STU-04545,53.5,88.0,63.2,7.1,59.3,low
STU-04546,83.9,44.9,80.3,6.5,71.3,medium
STU-04547,81.9,18.5,53.9,6.3,41.4,high
STU-04548,50.8,71.7,76.7,4.2,84.1,high
STU-04549,100.0,93.5,100.0,8.9,66.2,low
STU-04550,66.2,52.9,53.8,7.7,36.2,medium
STU-04551,67.2,100.0,53.6,6.3,78.7,low
STU-04552,46.1,50.3,76.2,8.0,41.9,high
STU-04553,90.0,54.0,71.8,5.3,54.7,medium
STU-04554,100.0,80.7,100.0,9.7,79.6,low
STU-04555,100.0,100.0,95.8,7.8,100.0,low
STU-04556,95.7,81.9,100.0,10.0,100.0,low
STU-04557,80.8,60.0,55.5,6.5,81.4,medium
STU-04558,80.1,65.3,81.7,8.5,76.4,low
STU-04559,45.1,78.6,47.5,4.7,67.7,high
STU-04560,76.5,26.3,67.6,4.5,51.1,medium
STU-04561,100.0,100.0,100.0,10.0,95.2,low
STU-04562,25.2,31.9,22.6,3.1,45.7,high
STU-04563,86.0,77.4,79.0,4.5,96.1,low
STU-04564,78.6,68.6,64.2,6.0,71.4,medium
STU-04565,78.8,70.9,79.3,7.5,87.3,medium
STU-04566,57.3,66.2,85.9,3.4,51.8,low
STU-04567,69.7,10.6,43.2,4.2,3.6,high
STU-04568,69.1,72.5,42.0,4.6,56.5,medium
STU-04569,91.6,65.8,78.5,7.2,76.6,low
STU-04570,78.5,54.2,66.1,5.4,67.8,low
STU-04571,100.0,89.8,100.0,6.4,76.9,low
STU-04572,75.1,91.5,74.8,8.0,100.0,low
STU-04573,90.6,46.1,64.8,6.0,71.7,medium
STU-04574,77.5,59.9,72.1,4.5,75.0,low
STU-04575,98.5,100.0,92.3,8.8,87.4,low
STU-04576,87.2,74.1,73.2,8.4,88.5,low
STU-04577,82.3,43.8,58.1,6.9,61.0,medium
STU-04578,38.1,0.0,3.0,3.6,20.2,high
STU-04579,76.5,41.4,51.2,0.8,66.1,medium
STU-04580,80.9,74.9,96.5,10.0,93.5,low
STU-04581,59.2,57.5,57.2,4.6,66.8,medium
STU-04582,80.7,84.2,82.6,7.2,81.6,low
STU-04583,50.9,54.0,54.1,5.0,71.3,high
STU-04584,97.2,84.6,90.7,10.0,87.7,low
STU-04585,46.7,74.6,48.9,3.4,43.6,high
STU-04586,85.7,54.8,42.5,6.9,61.7,medium
STU-04587,47.6,57.6,74.8,7.0,77.5,medium
STU-04588,59.8,83.2,75.2,7.0,93.2,low
STU-04589,57.0,35.1,25.7,3.7,30.8,high
STU-04590,73.1,63.1,40.9,9.2,75.9,medium
STU-04591,72.0,83.5,73.2,5.3,60.2,low
STU-04592,85.6,100.0,83.6,7.6,91.7,low
STU-04593,73.7,93.2,51.5,4.5,57.7,low
STU-04594,70.3,40.2,72.1,8.0,66.1,high
STU-04595,96.1,87.5,93.8,9.7,65.0,low
STU-04596,72.3,72.2,96.0,6.8,57.1,low
STU-04597,77.0,87.8,71.5,4.5,52.7,low
STU-04598,100.0,86.4,100.0,10.0,87.9,low
STU-04599,55.2,55.6,70.4,5.6,85.5,medium
STU-04600,91.2,96.6,54.5,4.5,72.9,low
STU-04601,82.7,85.7,89.8,7.7,92.4,low
STU-04602,36.0,66.3,56.8,3.5,62.9,high
STU-04603,60.3,51.2,76.5,6.3,72.9,medium
STU-04604,67.0,73.8,86.0,6.4,66.5,low
STU-04605,52.6,52.5,39.0,4.1,36.3,high
STU-04606,44.6,56.0,56.5,6.1,86.1,high
STU-04607,81.4,57.0,75.5,6.2,50.3,medium
STU-04608,86.4,98.3,98.2,10.0,100.0,low
STU-04609,88.0,65.6,85.0,7.7,46.4,low
STU-04610,62.1,59.3,63.3,7.5,61.0,medium
STU-04611,95.8,72.1,89.3,5.4,44.1,medium
STU-04612,52.8,64.1,55.3,3.9,74.3,low
STU-04613,77.8,78.9,87.6,7.3,79.3,medium
STU-04614,42.0,22.9,0.0,2.7,54.3,high
STU-04615,18.5,51.3,36.9,3.3,62.0,high
STU-04616,71.9,96.3,83.8,7.1,97.1,low
STU-04617,83.3,17.4,9.0,2.7,24.6,high
STU-04618,56.4,53.0,47.0,5.3,59.1,medium
STU-04619,100.0,95.5,100.0,10.0,100.0,low
STU-04620,76.3,70.3,73.3,5.9,80.7,low
STU-04621,80.3,52.5,53.0,6.1,47.3,medium
STU-04622,89.6,100.0,84.7,8.9,83.7,low
STU-04623,80.8,77.4,94.9,8.9,60.4,low
STU-04624,100.0,49.2,85.9,8.1,77.2,low
STU-04625,53.1,86.5,100.0,7.7,72.4,low
STU-04626,64.5,65.7,65.8,7.9,56.1,low
STU-04627,37.5,58.2,39.3,3.1,51.9,high
STU-04628,66.9,78.5,80.3,6.4,87.4,low
STU-04629,40.0,25.2,41.5,4.7,72.3,high
STU-04630,55.4,56.3,28.1,2.8,45.4,high
STU-04631,78.9,42.4,57.8,6.6,32.9,medium
STU-04632,11.6,10.2,34.2,0.0,29.1,high
STU-04633,63.7,47.8,56.5,1.1,47.5,high
STU-04634,71.6,31.1,53.2,6.7,67.1,medium
STU-04635,78.9,65.0,65.5,3.2,69.9,low
STU-04636,60.1,31.0,47.6,6.3,29.1,high
STU-04637,55.5,0.9,47.4,5.5,18.4,high
STU-04638,73.3,52.3,40.0,4.6,45.9,high
STU-04639,27.0,18.9,23.1,4.1,49.7,high
STU-04640,69.7,64.3,79.4,2.4,49.2,medium
STU-04641,67.4,92.1,67.8,6.3,100.0,low
STU-04642,74.2,45.0,33.5,5.7,47.1,high
STU-04643,70.7,81.0,82.4,7.6,59.7,low
STU-04644,86.7,54.3,77.4,7.6,59.0,medium
STU-04645,63.4,45.8,81.7,7.9,61.4,low
STU-04646,38.0,31.6,57.9,4.4,32.0,high
STU-04647,46.7,23.8,39.6,1.5,53.7,high
STU-04648,100.0,41.5,74.0,8.4,80.1,medium
STU-04649,85.1,47.4,66.4,5.3,53.1,medium
STU-04650,62.8,69.2,50.6,3.7,38.4,low
STU-04651,81.8,31.2,65.9,8.0,61.0,high
STU-04652,88.2,89.8,100.0,6.6,83.6,low
STU-04653,100.0,100.0,85.4,9.5,75.5,low
STU-04654,66.6,69.8,48.2,7.6,73.1,medium
STU-04655,84.9,71.0,95.1,9.2,65.4,low
STU-04656,51.2,48.7,40.0,4.4,37.3,high
STU-04657,60.6,50.6,42.2,4.4,61.3,high
STU-04658,66.5,92.2,37.8,7.6,63.7,low
STU-04659,71.0,61.3,82.0,4.5,55.3,low
STU-04660,83.0,69.2,82.4,9.4,32.6,medium
STU-04661,65.9,68.5,57.4,5.6,27.3,medium
STU-04662,58.0,53.9,53.3,3.0,52.0,high
STU-04663,42.7,80.2,56.6,3.8,53.9,high
STU-04664,98.2,71.4,82.0,10.0,74.5,low
STU-04665,86.4,100.0,100.0,7.4,100.0,low
STU-04666,85.5,70.0,70.6,5.1,78.3,low
STU-04667,65.4,68.9,53.5,5.7,96.8,medium
STU-04668,92.6,73.3,100.0,7.9,71.5,low
STU-04669,77.9,100.0,73.9,8.0,94.7,low
STU-04670,61.3,64.6,56.7,6.3,54.4,medium
STU-04671,47.9,27.2,7.2,0.0,29.1,high
STU-04672,81.7,52.9,68.9,5.3,61.8,medium
STU-04673,53.8,76.4,64.9,6.8,78.9,low
STU-04674,13.5,48.3,7.7,0.9,44.5,high
STU-04675,77.0,64.7,60.2,6.5,60.4,high
STU-04676,49.4,76.1,72.4,2.8,80.5,high
STU-04677,61.4,48.4,62.4,4.1,78.1,medium
STU-04678,63.8,76.3,86.2,6.6,82.7,low
STU-04679,100.0,59.8,100.0,10.0,68.9,low
STU-04680,62.8,62.6,51.9,4.7,38.1,medium
STU-04681,81.7,100.0,86.7,8.4,75.2,low
STU-04682,71.0,71.8,63.9,7.4,62.9,medium
STU-04683,95.7,88.6,69.6,5.7,50.9,low
STU-04684,65.4,59.1,39.9,5.4,45.1,medium
STU-04685,56.1,69.0,76.7,6.1,53.3,medium
STU-04686,61.8,55.5,50.8,6.4,40.6,medium
STU-04687,37.5,5.5,3.7,2.0,25.1,high
STU-04688,100.0,47.8,80.4,8.1,38.9,medium
STU-04689,100.0,93.8,100.0,10.0,54.7,low
STU-04690,57.2,51.4,51.0,5.6,40.6,medium
STU-04691,53.6,66.1,55.7,4.6,62.9,medium
STU-04692,100.0,78.9,91.5,9.8,82.4,low
STU-04693,59.3,57.8,50.0,5.0,62.1,medium
STU-04694,69.5,71.6,63.5,5.9,57.2,medium
STU-04695,51.9,78.0,24.6,3.7,54.0,high
STU-04696,100.0,88.4,96.9,10.0,90.2,low
STU-04697,60.1,72.9,69.0,4.7,75.8,medium
STU-04698,65.2,76.5,76.5,3.0,70.7,medium
STU-04699,38.5,68.0,41.3,2.2,69.2,high
STU-04700,67.9,51.5,52.3,5.1,64.5,high
STU-04701,60.8,69.1,66.4,6.9,60.2,medium
STU-04702,71.8,70.0,58.2,5.0,53.7,medium
STU-04703,78.3,33.5,35.3,4.4,43.4,high
STU-04704,85.5,52.8,81.0,9.4,67.8,medium
STU-04705,56.1,62.8,53.5,5.9,68.2,medium
STU-04706,66.8,61.8,66.8,6.0,80.6,medium
STU-04707,69.2,81.9,74.1,3.6,73.5,low
STU-04708,82.9,51.9,55.7,6.4,62.0,medium
STU-04709,67.9,46.0,74.3,8.4,50.7,medium
STU-04710,99.3,72.8,98.1,7.0,87.9,low
STU-04711,85.3,84.9,100.0,10.0,64.5,low
STU-04712,76.8,72.8,73.0,8.2,63.4,medium
STU-04713,56.1,83.7,85.0,5.3,74.6,low
STU-04714,86.4,66.7,73.9,6.5,59.7,medium
STU-04715,91.3,83.7,85.6,9.2,71.7,low
STU-04716,40.1,54.7,44.6,3.6,84.1,high
STU-04717,95.9,91.8,95.4,7.2,94.9,low
STU-04718,71.6,57.8,75.0,10.0,71.6,low
STU-04719,100.0,63.3,100.0,10.0,73.1,low
STU-04720,53.5,68.1,88.4,7.1,73.8,low
STU-04721,55.4,25.6,48.3,3.0,24.8,high
STU-04722,87.8,71.5,54.1,3.9,64.9,medium
STU-04723,60.8,38.4,57.5,8.1,41.5,high
STU-04724,71.6,63.1,30.9,6.8,71.2,medium
STU-04725,42.4,85.3,56.1,5.9,42.0,high
STU-04726,100.0,100.0,100.0,9.0,96.2,low
STU-04727,77.2,13.5,87.0,5.8,67.7,high
STU-04728,55.9,68.1,35.0,2.3,40.8,high
STU-04729,100.0,85.5,50.4,2.2,79.1,low
STU-04730,100.0,35.1,72.5,6.7,50.1,medium
STU-04731,95.6,58.4,78.0,8.3,57.1,low
STU-04732,66.3,68.9,53.9,4.7,41.9,medium
STU-04733,25.3,84.3,19.5,1.4,76.6,high
STU-04734,61.1,18.8,43.7,6.1,44.5,high
STU-04735,38.4,50.8,34.5,3.3,70.3,high
STU-04736,66.1,76.6,94.1,8.5,66.8,low
STU-04737,71.7,49.4,40.5,8.4,59.6,medium
STU-04738,92.9,87.3,100.0,10.0,100.0,low
STU-04739,87.5,100.0,99.9,10.0,81.3,low
STU-04740,89.8,63.2,57.4,7.2,61.6,medium
STU-04741,95.0,54.1,100.0,7.3,81.2,low
STU-04742,78.5,64.1,100.0,5.3,63.2,low
STU-04743,100.0,61.4,100.0,9.9,58.1,low
STU-04744,55.1,53.8,65.7,3.5,74.8,medium
STU-04745,65.1,26.1,35.7,3.5,73.2,high
STU-04746,83.4,91.7,100.0,10.0,75.0,low
STU-04747,75.0,90.2,83.1,5.3,76.9,low
STU-04748,69.9,40.3,62.6,7.2,63.0,medium
STU-04749,50.6,31.6,34.0,4.8,35.6,high
STU-04750,99.4,37.6,65.9,6.1,54.0,medium
STU-04751,35.5,47.3,42.3,3.2,85.5,high
STU-04752,53.8,79.0,74.9,5.0,50.9,low
STU-04753,78.9,59.9,90.4,6.0,55.2,low
STU-04754,67.5,34.6,66.9,4.6,23.5,high
STU-04755,98.8,94.0,88.5,9.4,92.2,low
STU-04756,41.6,58.4,42.1,3.8,33.4,high
STU-04757,72.4,69.1,82.9,6.1,85.1,medium
STU-04758,85.2,100.0,100.0,9.7,72.3,low
STU-04759,100.0,70.0,100.0,5.9,55.7,low
STU-04760,77.1,76.0,69.3,8.7,64.5,low
STU-04761,53.4,59.0,54.9,3.4,54.8,medium
STU-04762,69.2,92.1,94.3,7.8,100.0,low
STU-04763,100.0,83.6,100.0,10.0,87.4,low
STU-04764,98.0,89.3,100.0,10.0,100.0,low
STU-04765,71.9,57.5,71.0,5.4,89.1,medium
STU-04766,48.6,71.9,73.4,3.3,42.2,medium
STU-04767,58.1,39.2,43.4,4.2,53.5,high
STU-04768,74.7,78.3,87.1,8.8,89.1,low
STU-04769,80.5,45.1,56.6,6.9,49.3,medium
STU-04770,51.0,77.9,54.3,5.0,79.6,medium
STU-04771,69.3,92.4,61.1,8.2,82.8,low
STU-04772,21.9,9.8,14.6,2.0,11.5,high
STU-04773,89.4,66.5,63.4,9.4,70.3,medium
STU-04774,71.8,87.1,78.3,7.1,79.1,low
STU-04775,72.9,55.5,35.5,6.9,60.3,medium
STU-04776,87.0,87.4,61.4,8.4,77.1,low
STU-04777,76.7,68.7,69.1,3.6,67.7,medium
STU-04778,75.2,34.7,55.9,9.4,68.6,high
STU-04779,72.6,51.3,72.0,7.0,89.4,low
STU-04780,90.0,59.8,70.7,6.3,67.9,low
STU-04781,64.2,51.6,59.4,5.6,61.0,medium
STU-04782,75.4,100.0,76.5,9.9,89.7,low
STU-04783,82.9,42.5,79.6,8.7,49.6,high
STU-04784,65.8,65.2,53.7,7.8,79.0,medium
STU-04785,99.0,62.7,88.8,8.1,65.9,low
STU-04786,34.6,52.7,27.8,2.8,43.4,high
STU-04787,33.8,36.1,15.9,0.0,18.6,high
STU-04788,54.6,69.2,78.9,6.7,73.6,low
STU-04789,82.5,100.0,87.3,10.0,100.0,low
STU-04790,76.4,55.1,48.0,5.6,65.4,medium
STU-04791,22.0,49.4,9.1,2.7,24.4,high
STU-04792,55.7,0.0,47.0,6.6,10.9,high
STU-04793,83.1,96.9,79.9,4.6,72.2,low
STU-04794,59.8,62.9,55.3,5.1,76.8,low
STU-04795,61.5,77.4,63.2,5.5,78.4,low
STU-04796,52.1,63.1,74.9,5.6,37.6,medium
STU-04797,87.0,89.5,53.0,5.1,63.8,low
STU-04798,75.3,84.1,80.7,6.5,54.5,low
STU-04799,65.1,43.0,47.8,1.1,44.0,high
STU-04800,44.2,59.1,62.7,4.1,43.1,high
STU-04801,82.0,70.1,90.0,9.1,54.7,low
STU-04802,58.3,69.3,65.6,4.0,62.9,medium
STU-04803,89.1,78.5,64.0,7.5,51.5,low
STU-04804,98.0,98.8,75.8,10.0,85.7,low
STU-04805,52.8,48.1,73.9,1.9,56.4,high
STU-04806,87.2,40.2,67.3,7.5,53.8,medium
STU-04807,100.0,100.0,100.0,8.3,100.0,low
STU-04808,61.1,27.6,71.8,5.7,21.6,high
STU-04809,47.2,39.9,48.9,5.8,48.0,high
STU-04810,68.0,79.6,97.5,7.7,85.7,low
STU-04811,77.5,76.1,60.0,3.4,92.9,low
STU-04812,37.4,37.9,49.8,0.0,57.6,high
STU-04813,67.4,65.7,70.2,9.8,65.0,low
STU-04814,71.8,72.2,63.8,7.9,55.9,low
STU-04815,86.1,82.6,100.0,7.3,87.8,low
STU-04816,49.5,11.7,32.3,4.2,20.9,high
STU-04817,83.1,81.9,76.6,9.4,90.5,low
STU-04818,72.6,74.6,60.6,9.7,82.5,low
STU-04819,52.8,100.0,81.1,6.3,33.9,low
STU-04820,31.2,14.0,44.5,1.8,34.4,high
STU-04821,72.0,63.6,83.9,9.2,44.5,low
STU-04822,48.6,44.8,59.0,4.9,60.4,high
STU-04823,100.0,100.0,100.0,10.0,100.0,low
STU-04824,20.9,28.8,45.8,3.4,55.1,high
STU-04825,79.6,74.4,64.7,7.8,100.0,low
STU-04826,87.3,51.3,57.8,8.2,59.9,medium
STU-04827,80.3,37.6,66.5,3.7,76.1,medium
STU-04828,56.4,31.8,51.8,4.1,34.5,high
STU-04829,58.5,76.0,59.7,4.7,76.3,medium
STU-04830,100.0,52.1,71.0,6.2,25.2,low
STU-04831,65.5,34.5,62.8,4.8,50.2,high
STU-04832,85.1,58.0,64.7,8.5,35.5,medium
STU-04833,95.8,20.3,79.4,9.3,49.7,high
STU-04834,66.6,36.5,74.9,1.3,52.2,medium
STU-04835,56.2,20.8,38.4,6.1,51.2,high
STU-04836,68.2,54.6,62.1,3.0,58.2,medium
STU-04837,88.9,32.9,67.5,7.1,42.4,medium
STU-04838,45.4,43.5,56.5,3.5,49.3,high
STU-04839,100.0,100.0,100.0,9.8,100.0,low
STU-04840,57.9,79.7,51.1,4.0,61.1,medium
STU-04841,55.9,65.8,25.6,4.3,45.6,medium
STU-04842,53.4,54.6,53.4,9.3,66.4,medium
STU-04843,39.6,28.7,32.2,1.5,30.6,high
STU-04844,100.0,75.3,92.4,10.0,60.6,low
STU-04845,89.7,100.0,76.1,8.2,80.9,low
STU-04846,79.5,100.0,100.0,9.4,72.9,low
STU-04847,92.4,80.5,80.1,10.0,73.2,low
STU-04848,69.5,71.6,61.8,6.3,51.9,low
STU-04849,49.8,45.6,37.6,0.1,40.4,high
STU-04850,92.7,68.6,73.9,8.8,86.6,low
STU-04851,61.5,58.3,44.8,2.1,52.0,high
STU-04852,86.3,76.8,100.0,8.2,88.1,low
STU-04853,98.7,100.0,97.9,8.8,100.0,low
STU-04854,63.7,18.0,44.7,5.3,29.0,high
STU-04855,75.9,38.9,73.1,4.9,54.6,low
STU-04856,80.5,84.0,88.7,7.7,100.0,low
STU-04857,57.5,36.3,45.7,4.1,50.7,high
STU-04858,90.6,38.6,79.0,8.8,59.5,medium
STU-04859,86.7,57.1,60.1,8.2,65.3,low
STU-04860,82.0,79.2,71.5,7.7,56.4,low
STU-04861,48.6,37.9,23.9,4.2,3.6,high
STU-04862,100.0,87.1,97.6,9.9,82.2,low
STU-04863,38.0,45.0,52.8,3.4,49.4,high
STU-04864,92.2,94.2,84.0,5.7,70.7,low
STU-04865,90.3,48.4,55.2,6.3,38.4,high
STU-04866,62.0,60.3,58.7,3.8,59.8,high
STU-04867,83.0,61.3,67.0,8.4,42.5,medium
STU-04868,61.2,60.2,53.9,7.2,60.4,medium
STU-04869,68.4,100.0,100.0,6.8,100.0,low
STU-04870,89.6,81.5,69.9,8.2,75.4,low
STU-04871,49.2,38.7,41.9,0.9,21.4,high
STU-04872,100.0,73.0,100.0,7.3,50.6,low
STU-04873,30.1,29.9,25.0,0.0,16.8,high
STU-04874,65.6,41.8,47.9,7.0,60.6,high
STU-04875,47.5,48.3,47.0,8.8,77.0,high
STU-04876,69.4,46.9,34.4,4.1,46.5,high
STU-04877,89.2,77.0,84.3,8.0,68.6,low
STU-04878,85.4,60.9,73.4,7.1,91.9,low
STU-04879,100.0,78.1,84.8,6.8,73.2,low
STU-04880,84.4,44.0,79.7,6.1,49.2,medium
STU-04881,86.1,83.5,65.8,7.3,60.7,low
STU-04882,85.1,85.1,53.5,7.2,61.9,low
STU-04883,70.9,47.0,71.1,4.9,42.5,low
STU-04884,44.0,50.6,43.2,5.0,58.0,high
STU-04885,64.7,82.5,82.1,5.8,68.0,medium
STU-04886,52.5,83.5,68.0,6.6,35.4,medium
STU-04887,100.0,88.1,84.9,10.0,62.5,low
STU-04888,72.0,69.3,99.2,4.6,89.2,low
STU-04889,69.3,76.0,71.1,3.5,56.9,medium
STU-04890,56.9,88.6,55.0,2.8,83.3,low
STU-04891,74.0,100.0,60.3,7.7,68.5,low
STU-04892,60.5,29.5,17.7,3.6,62.2,high
STU-04893,25.3,37.8,73.5,3.6,42.8,high
STU-04894,78.4,68.5,90.8,8.6,60.9,low
STU-04895,80.6,43.5,83.1,6.6,48.1,medium
STU-04896,71.3,58.2,100.0,9.8,65.0,low
STU-04897,97.5,84.3,76.1,6.1,52.5,low
STU-04898,77.4,64.2,78.5,8.4,84.6,low
STU-04899,82.9,48.9,44.7,8.9,94.1,low
STU-04900,85.8,73.6,69.2,5.0,73.4,low
STU-04901,78.4,42.5,54.5,3.6,16.1,high
STU-04902,59.4,82.2,61.4,6.4,69.6,medium
STU-04903,100.0,87.5,100.0,10.0,81.6,low
STU-04904,75.2,65.9,75.2,6.0,86.7,low
STU-04905,86.6,100.0,83.0,2.2,81.5,low
STU-04906,62.3,66.6,39.8,1.6,100.0,medium
STU-04907,45.8,60.0,51.1,3.0,70.6,high
STU-04908,64.5,42.5,53.3,5.3,36.8,high
STU-04909,71.0,59.2,81.3,4.8,34.4,low
STU-04910,95.7,66.8,77.3,7.7,65.3,low
STU-04911,83.6,29.0,54.8,5.8,55.1,high
STU-04912,85.2,76.0,99.4,9.5,62.4,low
STU-04913,59.9,70.3,68.2,4.8,79.0,medium
STU-04914,44.5,46.1,59.9,5.5,54.5,high
STU-04915,55.6,74.6,78.1,8.3,81.4,low
STU-04916,86.7,84.3,82.4,7.7,62.6,low
STU-04917,58.4,0.0,13.9,1.1,29.9,high
STU-04918,94.5,71.3,69.5,6.8,89.6,low
STU-04919,82.2,92.7,61.0,4.5,56.6,low
STU-04920,100.0,79.3,69.9,6.6,61.6,low
STU-04921,61.5,58.6,71.0,5.4,54.7,medium
STU-04922,58.1,75.5,83.5,6.5,67.8,low
STU-04923,56.9,62.0,54.6,7.0,42.6,medium
STU-04924,61.9,37.1,60.2,6.3,56.2,high
STU-04925,51.6,66.4,55.4,5.1,25.2,medium
STU-04926,100.0,100.0,100.0,10.0,74.3,low
STU-04927,84.1,78.3,97.7,9.4,96.2,low
STU-04928,75.6,59.0,85.8,6.3,88.5,low
STU-04929,69.0,90.6,77.8,7.4,100.0,low
STU-04930,92.6,57.2,92.5,6.7,64.5,low
STU-04931,58.5,86.3,63.7,6.1,78.1,medium
STU-04932,69.8,41.6,47.8,8.0,32.9,high
STU-04933,67.5,100.0,89.4,9.5,93.7,low
STU-04934,92.6,82.4,66.0,7.2,73.2,low
STU-04935,75.6,73.4,56.9,7.0,32.7,medium
STU-04936,82.8,62.1,58.2,5.3,63.2,medium
STU-04937,60.1,79.8,66.1,5.2,69.6,medium
STU-04938,89.3,60.7,69.1,7.1,54.0,low
STU-04939,88.7,75.4,53.9,7.9,61.9,low
STU-04940,81.8,97.8,81.5,10.0,90.3,low
STU-04941,88.6,76.0,91.6,6.5,74.6,low
STU-04942,68.8,61.9,74.0,8.2,65.8,low
STU-04943,62.3,41.7,59.2,0.9,75.1,high
STU-04944,100.0,58.7,83.3,8.4,59.7,low
STU-04945,72.1,61.1,52.1,3.9,47.3,medium
STU-04946,70.4,100.0,84.0,6.7,100.0,low
STU-04947,72.8,100.0,71.5,7.5,83.9,low
STU-04948,95.4,68.5,100.0,9.5,85.5,low
STU-04949,58.6,71.2,55.2,5.7,61.9,medium
STU-04950,60.1,57.1,86.7,6.8,100.0,low
STU-04951,68.9,100.0,70.1,6.0,81.0,low
STU-04952,97.8,44.7,75.0,10.0,51.1,medium
STU-04953,60.2,95.4,73.1,4.6,70.3,low
STU-04954,51.1,19.0,22.5,2.3,23.1,high
STU-04955,86.6,61.7,83.7,10.0,77.0,low
STU-04956,68.8,100.0,77.2,6.2,100.0,low
STU-04957,80.9,72.5,59.0,9.7,53.2,low
STU-04958,76.9,23.8,53.5,2.4,47.0,high
STU-04959,84.0,88.9,85.5,7.6,98.4,low
STU-04960,100.0,71.9,92.4,8.4,55.1,low
STU-04961,68.1,51.2,39.2,4.0,53.5,high
STU-04962,74.8,96.1,92.3,5.4,67.0,low
STU-04963,100.0,82.2,93.5,8.2,90.0,low
STU-04964,63.7,59.2,52.2,4.1,37.0,medium
STU-04965,59.6,39.0,72.7,4.7,63.6,medium
STU-04966,78.5,74.7,69.3,7.4,65.4,low
STU-04967,62.3,52.0,59.9,6.6,48.8,high
STU-04968,28.7,17.0,51.5,3.4,30.8,high
STU-04969,78.9,59.5,76.9,8.8,68.5,low
STU-04970,45.3,55.0,72.1,5.7,47.6,high
STU-04971,100.0,84.1,59.1,4.8,75.4,low
STU-04972,63.5,22.3,52.8,7.2,46.9,high
STU-04973,100.0,100.0,100.0,10.0,84.9,low
STU-04974,70.6,11.3,18.6,4.8,30.5,high
STU-04975,80.0,19.0,58.2,4.6,45.6,high
STU-04976,45.0,29.5,41.7,2.6,47.1,high
STU-04977,57.0,64.3,45.4,3.8,63.2,medium
STU-04978,91.1,80.1,62.3,7.9,57.0,low
STU-04979,96.4,91.9,100.0,10.0,84.3,low
STU-04980,64.2,26.8,55.3,3.8,28.2,high
STU-04981,100.0,79.8,94.1,10.0,76.9,low
STU-04982,100.0,61.0,77.8,10.0,51.7,low
STU-04983,55.9,35.2,53.6,1.8,23.0,high
STU-04984,100.0,100.0,90.2,10.0,92.1,low
STU-04985,29.1,40.4,44.7,3.3,43.1,high
STU-04986,65.2,48.4,50.3,7.6,59.9,medium
STU-04987,55.5,53.3,72.9,4.5,48.3,medium
STU-04988,92.7,100.0,100.0,10.0,73.3,low
STU-04989,31.1,50.9,11.4,0.5,73.2,high
STU-04990,55.1,63.2,49.4,6.2,49.1,medium
STU-04991,70.8,17.0,41.9,3.0,45.6,high
STU-04992,90.8,88.9,59.2,8.3,74.8,low
STU-04993,69.9,82.9,73.0,4.8,87.6,low
STU-04994,85.7,36.7,66.0,5.7,58.3,medium
STU-04995,80.1,65.1,59.5,8.3,77.2,medium
STU-04996,93.4,86.4,86.9,6.7,81.9,low
STU-04997,73.5,66.4,66.6,5.6,60.9,low
STU-04998,100.0,98.0,100.0,8.0,94.6,low
STU-04999,87.3,88.7,59.8,6.8,57.3,low
STU-05000,39.8,28.2,30.0,1.5,86.1,high
STU-05001,65.2,63.7,54.9,8.0,74.1,low
STU-05002,77.7,74.6,69.5,9.8,61.2,low
STU-05003,68.5,62.3,56.8,9.2,50.9,low
STU-05004,100.0,70.7,100.0,6.7,76.4,low
STU-05005,59.5,58.1,62.2,6.9,66.9,medium
STU-05006,50.3,30.0,28.5,4.3,48.3,high
STU-05007,58.1,61.1,45.8,7.4,44.1,medium
STU-05008,81.2,60.2,55.6,7.6,92.0,low
STU-05009,98.0,57.7,85.0,8.0,47.3,low
STU-05010,70.6,83.2,82.7,5.7,71.1,low
STU-05011,71.6,60.4,80.6,5.7,63.2,low
STU-05012,96.9,49.0,54.7,5.1,41.0,medium
STU-05013,80.5,20.1,55.1,6.9,40.6,high
STU-05014,95.8,100.0,91.1,9.0,100.0,low
STU-05015,100.0,76.8,79.8,6.9,65.8,low
STU-05016,39.1,46.8,31.9,2.2,68.9,high
STU-05017,20.8,15.1,38.3,1.9,56.4,high
STU-05018,82.9,68.2,74.2,9.1,72.5,low
STU-05019,66.3,45.5,57.0,4.8,33.3,medium
STU-05020,54.2,97.9,66.5,6.8,97.7,medium
STU-05021,80.2,64.5,57.6,5.5,50.4,low
STU-05022,100.0,78.8,91.5,10.0,87.8,low
STU-05023,89.0,56.4,69.0,7.0,72.3,medium
STU-05024,84.2,44.3,92.3,7.5,41.9,medium
STU-05025,59.7,51.8,54.7,4.9,69.9,low
STU-05026,31.7,8.3,18.8,1.7,29.6,high
STU-05027,39.1,40.3,20.2,0.5,89.7,high
STU-05028,87.4,100.0,89.5,6.8,69.3,low
STU-05029,73.6,80.5,81.7,7.6,82.0,low
STU-05030,98.0,59.0,39.1,7.1,66.8,medium
STU-05031,73.1,88.3,96.3,7.1,62.7,low
STU-05032,60.1,47.0,61.5,6.8,80.3,medium
STU-05033,72.2,84.7,55.9,3.1,80.4,low
STU-05034,65.8,72.1,38.8,3.5,76.0,high
STU-05035,84.0,89.8,81.1,6.1,100.0,low
STU-05036,56.7,33.3,32.3,4.8,27.8,high
STU-05037,95.7,91.2,88.1,7.2,100.0,low
STU-05038,49.9,32.8,43.3,4.8,64.3,high
STU-05039,57.0,45.2,32.5,5.5,54.7,high
STU-05040,39.4,22.2,2.2,0.0,40.5,high
STU-05041,77.3,57.5,53.5,7.5,75.9,low
STU-05042,61.8,54.9,56.4,4.1,39.4,high
STU-05043,64.4,63.7,55.0,6.7,92.3,medium
STU-05044,26.7,41.9,31.7,4.0,17.4,high
STU-05045,71.4,32.3,55.0,5.7,18.4,high
STU-05046,74.3,73.5,66.1,5.5,80.6,low
STU-05047,46.8,63.1,100.0,7.7,71.4,high
STU-05048,100.0,52.7,86.4,10.0,63.6,low
STU-05049,73.9,98.1,66.3,6.1,61.7,low
STU-05050,73.8,83.3,68.9,7.7,72.7,low
STU-05051,54.8,78.4,59.5,6.8,54.8,low
STU-05052,52.7,42.1,52.8,0.6,78.9,high
STU-05053,66.0,68.4,88.7,5.6,89.3,medium
STU-05054,96.3,68.2,87.0,10.0,48.9,low
STU-05055,88.3,86.1,67.7,5.9,72.4,low
STU-05056,81.8,48.5,71.8,6.5,62.4,medium
STU-05057,82.6,43.6,63.0,3.1,36.0,medium
STU-05058,31.4,47.6,33.7,1.0,28.9,high
STU-05059,67.5,81.3,59.4,4.0,75.4,medium
STU-05060,97.3,89.8,100.0,7.9,95.0,low
STU-05061,73.7,59.4,77.0,8.4,60.3,medium
STU-05062,99.6,79.0,100.0,8.8,76.5,low
STU-05063,69.3,25.1,52.7,4.4,54.3,high
STU-05064,35.0,25.2,33.3,0.0,56.1,high
STU-05065,58.1,37.6,66.8,3.2,22.2,high
STU-05066,83.5,76.8,77.7,8.7,80.3,low
STU-05067,61.3,10.7,53.6,6.3,34.8,high
STU-05068,71.4,83.5,67.7,6.9,100.0,low
STU-05069,52.6,43.2,69.4,3.8,77.4,high
STU-05070,100.0,85.6,100.0,8.9,88.2,low
STU-05071,58.5,63.8,48.3,5.7,60.6,medium
STU-05072,80.3,52.2,69.1,4.5,67.4,low
STU-05073,82.6,100.0,89.1,8.5,90.5,low
STU-05074,77.8,67.7,57.2,6.5,41.0,low
STU-05075,41.1,65.4,70.4,5.5,71.7,high
STU-05076,69.4,78.1,57.5,5.4,57.6,low
STU-05077,87.1,71.0,78.4,8.8,96.5,low
STU-05078,93.7,92.3,100.0,8.7,74.5,low
STU-05079,89.8,92.1,94.9,10.0,76.3,low
STU-05080,39.0,23.3,49.5,6.3,40.5,high
STU-05081,49.6,16.7,32.0,2.0,47.8,high
STU-05082,87.9,55.6,86.6,7.1,56.2,low
STU-05083,83.3,85.2,81.4,10.0,57.4,low
STU-05084,71.7,58.7,61.4,7.2,50.1,medium
STU-05085,71.9,71.1,65.8,7.0,97.4,medium
STU-05086,70.7,76.3,76.0,1.9,76.9,medium
STU-05087,76.4,25.4,69.9,8.4,68.0,high
STU-05088,98.3,71.8,74.5,7.3,36.2,low
STU-05089,54.2,51.5,32.9,4.2,54.0,high
STU-05090,86.3,100.0,74.8,5.4,100.0,low
STU-05091,89.3,73.5,100.0,10.0,87.7,low
STU-05092,56.8,55.1,50.2,4.0,48.7,high
STU-05093,78.8,39.0,85.3,10.0,52.9,medium
STU-05094,70.0,47.2,73.5,6.0,53.8,medium
STU-05095,59.2,100.0,69.1,5.7,56.0,low
STU-05096,88.3,58.7,61.2,4.8,36.7,medium
STU-05097,61.1,92.9,53.8,5.6,66.3,low
STU-05098,92.2,100.0,100.0,9.8,92.7,low
STU-05099,87.5,56.0,47.2,7.2,64.5,medium
STU-05100,97.4,41.3,72.2,8.2,46.2,high
STU-05101,79.2,56.9,58.9,5.5,49.9,medium
STU-05102,85.9,74.1,88.4,7.5,100.0,low
STU-05103,76.1,91.1,66.7,8.8,82.6,low
STU-05104,64.1,43.6,45.7,6.9,51.4,high
STU-05105,100.0,70.3,95.4,9.8,75.6,low
STU-05106,100.0,51.2,69.0,8.1,46.8,low
STU-05107,83.6,98.9,49.1,5.2,56.0,low
STU-05108,69.5,15.7,47.5,4.5,59.1,high
STU-05109,100.0,100.0,100.0,7.1,77.0,low
STU-05110,62.6,64.8,82.5,8.5,72.9,low
STU-05111,68.6,57.8,46.4,6.2,59.6,high
STU-05112,100.0,78.0,92.5,10.0,63.5,low
STU-05113,73.0,64.7,71.3,7.1,82.7,low
STU-05114,70.4,87.6,48.3,6.9,80.0,medium
STU-05115,94.9,100.0,78.6,6.1,88.5,low
STU-05116,59.6,92.5,70.2,0.9,80.4,low
STU-05117,89.8,91.2,60.6,8.2,93.2,low
STU-05118,64.1,52.7,48.5,4.4,63.8,medium
STU-05119,66.4,39.0,46.1,5.8,63.4,high
STU-05120,72.1,62.0,57.9,6.5,79.2,low
STU-05121,79.6,80.5,77.1,6.2,65.4,low
STU-05122,69.5,56.3,52.2,3.9,51.0,high
STU-05123,68.7,74.1,61.8,3.9,48.8,medium
STU-05124,73.5,17.0,49.4,7.7,50.5,high
STU-05125,85.4,23.7,77.1,4.0,63.5,high
STU-05126,100.0,100.0,100.0,10.0,91.7,low
STU-05127,56.4,69.1,69.2,5.8,82.6,low
STU-05128,77.0,93.8,100.0,8.4,93.3,low
STU-05129,74.0,92.0,88.4,7.2,99.7,low
STU-05130,66.0,81.8,54.7,5.3,53.1,low
STU-05131,62.5,51.8,51.1,7.1,63.5,medium
STU-05132,84.7,43.0,66.5,4.2,58.9,medium
STU-05133,71.8,48.6,44.1,6.0,70.0,medium
STU-05134,71.5,35.6,36.3,0.9,49.7,high
STU-05135,48.3,56.2,41.8,3.3,59.0,high
STU-05136,66.4,41.3,64.6,3.6,66.5,medium
STU-05137,45.7,64.9,26.7,4.1,67.2,high
STU-05138,100.0,59.7,99.6,9.5,76.8,low
STU-05139,100.0,33.5,94.3,8.4,77.7,medium
STU-05140,70.4,61.6,72.9,2.1,85.2,medium
STU-05141,93.0,85.3,79.9,5.0,61.1,low
STU-05142,53.7,42.3,55.5,4.2,14.3,medium
STU-05143,60.2,22.3,37.2,2.9,54.2,high
STU-05144,75.2,69.6,93.3,9.9,89.7,low
STU-05145,62.6,41.0,30.6,1.9,15.1,high
STU-05146,100.0,78.2,92.7,8.4,81.3,low
STU-05147,87.7,100.0,100.0,4.6,79.0,low
STU-05148,62.1,68.0,67.9,7.2,32.5,medium
STU-05149,64.0,75.4,63.2,2.6,69.3,medium
STU-05150,100.0,46.6,82.3,6.5,39.4,low
STU-05151,80.7,95.4,82.7,7.3,100.0,low
STU-05152,92.4,100.0,75.4,10.0,79.7,low
STU-05153,55.2,71.8,70.1,7.5,72.1,medium
STU-05154,99.2,91.0,100.0,7.5,100.0,low
STU-05155,95.3,71.6,58.0,10.0,89.3,low
STU-05156,59.6,20.5,47.9,3.5,36.0,high
STU-05157,32.7,16.3,8.8,0.2,54.9,high
STU-05158,96.6,69.0,61.9,7.7,69.4,low
STU-05159,79.1,25.8,50.1,7.1,64.5,high
STU-05160,82.0,13.6,43.1,7.4,31.5,high
STU-05161,74.7,31.6,53.3,7.6,49.5,high
STU-05162,87.2,36.0,100.0,7.7,52.9,high
STU-05163,92.0,100.0,100.0,8.3,88.6,low
STU-05164,35.9,43.0,38.5,1.4,69.5,high
STU-05165,55.5,48.3,63.7,5.1,70.6,medium
STU-05166,69.6,59.4,36.9,4.4,29.6,medium
STU-05167,94.1,63.0,58.7,7.2,40.6,low
STU-05168,87.6,80.8,57.1,6.1,58.8,medium
STU-05169,97.5,89.1,62.2,9.3,85.9,low
STU-05170,78.4,98.0,100.0,7.9,100.0,low
STU-05171,63.7,64.0,59.9,5.4,75.6,medium
STU-05172,79.3,67.2,47.6,4.0,40.5,medium
STU-05173,53.3,39.6,35.4,0.8,69.9,high
STU-05174,76.2,39.9,27.7,2.7,55.3,high
STU-05175,52.3,88.2,56.6,6.8,82.2,medium
STU-05176,41.3,35.9,62.1,0.9,45.1,high
STU-05177,80.3,70.4,86.4,8.4,100.0,low
STU-05178,75.7,84.0,90.5,8.6,93.4,low
STU-05179,47.0,52.8,46.0,3.7,41.7,high
STU-05180,66.8,67.8,48.3,4.7,59.1,medium
STU-05181,59.3,57.5,36.8,4.2,52.5,high
STU-05182,69.8,53.1,89.8,3.8,37.7,medium
STU-05183,63.6,45.3,43.3,3.5,54.6,high
STU-05184,68.5,100.0,89.4,8.3,100.0,low
STU-05185,38.0,17.3,36.6,2.4,48.5,high
STU-05186,80.1,74.3,62.6,5.5,66.0,low
STU-05187,67.2,94.2,78.2,5.7,71.6,low
STU-05188,60.1,68.7,69.0,6.9,82.0,low
STU-05189,74.7,69.0,82.3,9.3,89.5,low
STU-05190,66.5,64.1,62.2,5.8,54.2,medium
STU-05191,97.2,73.3,74.9,7.0,82.3,low
STU-05192,46.7,59.4,53.0,3.9,67.5,high
STU-05193,78.5,87.2,71.0,7.1,77.0,low
STU-05194,89.9,47.5,96.1,6.4,79.5,low
STU-05195,86.7,98.5,70.9,7.3,82.3,low
STU-05196,100.0,84.9,100.0,7.0,100.0,low
STU-05197,95.8,76.0,91.0,7.8,98.1,low
STU-05198,63.1,46.9,79.0,7.9,48.1,medium
STU-05199,47.3,41.7,36.6,3.5,59.3,high
STU-05200,49.4,55.6,40.7,4.9,58.9,high
STU-05201,76.2,70.1,76.0,6.0,67.4,low
STU-05202,78.6,55.0,41.9,4.1,56.6,medium
STU-05203,49.1,44.0,37.3,3.6,62.3,high
STU-05204,31.5,33.6,59.7,5.5,27.5,high
STU-05205,80.9,36.1,57.0,6.9,32.7,medium
STU-05206,97.1,74.5,99.8,10.0,81.9,low
STU-05207,62.5,31.8,71.8,2.7,48.6,high
STU-05208,24.8,61.2,50.7,5.5,64.2,high
STU-05209,73.7,63.7,77.7,4.0,65.2,medium
STU-05210,65.0,37.1,66.7,5.6,50.5,medium
STU-05211,59.5,76.1,58.9,6.0,68.7,low
STU-05212,82.5,74.9,95.9,4.7,94.4,low
STU-05213,56.5,69.9,49.5,4.3,67.1,medium
STU-05214,79.7,73.9,83.8,6.4,47.1,low
STU-05215,100.0,76.1,81.1,7.4,82.9,low
STU-05216,58.9,58.5,39.4,2.5,63.9,high
STU-05217,55.0,47.0,51.2,2.9,48.7,high
STU-05218,81.5,71.8,86.6,8.3,95.3,medium
STU-05219,90.9,95.8,60.1,8.6,98.8,low
STU-05220,76.9,45.7,67.4,9.9,72.3,medium
STU-05221,47.6,22.4,43.9,5.0,79.2,high
STU-05222,75.9,48.2,67.6,7.7,34.0,medium
STU-05223,86.3,100.0,96.0,8.7,99.4,low
STU-05224,40.8,60.4,52.3,4.9,49.7,high
STU-05225,100.0,100.0,89.2,7.9,97.2,low
STU-05226,78.2,69.0,50.7,5.9,90.8,low
STU-05227,74.1,61.1,55.4,6.8,55.9,low
STU-05228,100.0,79.3,100.0,8.6,84.3,low
STU-05229,100.0,73.8,100.0,10.0,79.6,low
STU-05230,65.8,63.1,100.0,7.3,57.6,low
STU-05231,99.9,85.1,60.0,8.5,78.3,low
STU-05232,41.6,29.1,8.4,0.2,34.1,high
STU-05233,11.8,33.4,15.3,2.3,42.1,high
STU-05234,76.2,100.0,100.0,6.4,100.0,low
STU-05235,100.0,47.8,100.0,7.6,59.1,low
STU-05236,39.6,42.2,62.7,8.1,62.2,high
STU-05237,79.7,71.4,53.8,5.3,78.1,low
STU-05238,66.3,61.9,49.7,4.6,66.4,high
STU-05239,68.1,48.7,44.7,5.2,45.0,medium
STU-05240,84.1,48.4,81.0,7.8,63.5,low
STU-05241,85.8,100.0,90.9,5.4,95.2,low
STU-05242,68.9,37.5,47.7,2.3,52.4,high
STU-05243,100.0,83.0,100.0,10.0,95.3,low
STU-05244,41.8,66.5,57.9,3.8,62.8,high
STU-05245,89.8,74.9,88.2,7.5,81.7,low
STU-05246,35.2,63.2,46.8,5.5,75.4,high
STU-05247,97.0,99.9,100.0,10.0,98.0,low
STU-05248,81.9,100.0,79.6,8.3,60.4,low
STU-05249,91.9,89.8,72.4,7.4,68.7,low
STU-05250,32.3,44.5,63.1,5.1,45.3,high
STU-05251,52.5,36.1,79.8,7.0,58.9,medium
STU-05252,68.9,76.1,81.1,8.1,84.0,low
STU-05253,72.4,87.0,69.7,6.4,87.8,low
STU-05254,77.6,78.7,100.0,7.7,87.2,low
STU-05255,100.0,65.7,82.1,8.9,97.4,low
STU-05256,69.1,59.6,72.3,8.0,58.5,medium
STU-05257,61.2,74.4,72.2,7.7,71.6,low
STU-05258,60.7,41.8,55.8,9.3,56.7,high
STU-05259,70.8,54.0,88.3,8.2,14.1,low
STU-05260,74.3,74.2,100.0,10.0,79.0,low
STU-05261,100.0,83.9,91.5,10.0,92.3,low
STU-05262,88.3,89.6,96.5,7.4,74.7,low
STU-05263,100.0,95.1,78.4,7.3,87.3,low
STU-05264,83.7,77.2,63.5,4.7,63.9,medium
STU-05265,69.9,65.1,62.0,3.9,53.3,medium
STU-05266,76.6,72.0,100.0,6.5,53.0,low
STU-05267,85.6,24.8,50.8,6.1,57.5,high
STU-05268,44.1,40.9,37.2,4.1,32.2,high
STU-05269,54.3,65.5,59.2,6.7,75.3,low
STU-05270,64.6,38.1,52.7,3.4,51.7,high
STU-05271,64.3,84.2,50.4,7.0,90.3,low
STU-05272,81.9,100.0,100.0,10.0,95.3,low
STU-05273,68.7,41.0,53.4,7.6,71.8,high
STU-05274,63.2,77.9,76.4,5.1,64.2,low
STU-05275,45.7,70.0,59.9,6.9,57.2,high
STU-05276,64.6,29.1,23.9,2.1,52.7,high
STU-05277,79.8,58.2,42.6,4.5,85.9,medium
STU-05278,53.7,30.8,57.4,5.7,24.0,high
STU-05279,87.2,93.7,70.7,8.4,66.3,low
STU-05280,86.4,84.6,72.5,6.4,73.3,low
STU-05281,97.1,35.1,83.2,9.0,47.7,medium
STU-05282,54.9,64.9,44.4,5.6,60.0,medium
STU-05283,56.2,48.9,54.5,3.8,50.5,high
STU-05284,98.6,100.0,93.9,9.9,86.8,low
STU-05285,100.0,70.5,100.0,10.0,67.4,low
STU-05286,64.0,68.0,56.2,6.8,77.7,low
STU-05287,67.3,50.0,61.2,5.7,38.9,high
STU-05288,83.8,67.1,68.8,8.2,45.4,low
STU-05289,79.9,90.1,80.9,4.1,76.2,low
STU-05290,62.7,89.3,64.5,3.6,84.9,low
STU-05291,14.3,65.6,28.1,1.8,63.2,high
STU-05292,50.6,22.0,37.3,2.2,49.5,high
STU-05293,100.0,90.5,88.5,10.0,72.0,low
STU-05294,100.0,100.0,100.0,10.0,100.0,low
STU-05295,77.0,63.0,87.1,8.3,67.0,low
STU-05296,68.2,79.2,73.8,4.8,84.3,medium
STU-05297,70.1,54.8,69.0,7.0,35.1,low
STU-05298,94.7,58.8,86.1,8.9,72.9,low
STU-05299,80.0,100.0,76.6,8.0,85.9,low
STU-05300,32.8,70.0,9.4,3.4,68.8,high
STU-05301,100.0,90.8,100.0,10.0,70.8,low
STU-05302,85.9,51.1,84.4,9.6,71.8,medium
STU-05303,83.2,66.8,100.0,5.5,86.3,low
STU-05304,49.5,76.7,56.8,3.5,75.3,high
STU-05305,100.0,100.0,100.0,8.6,93.5,low
STU-05306,89.3,80.2,98.5,8.4,89.1,low
STU-05307,80.7,73.9,63.9,7.1,54.9,medium
STU-05308,100.0,77.2,55.5,7.5,71.6,low
STU-05309,70.9,56.1,72.9,6.0,82.9,low
STU-05310,66.9,67.4,88.0,6.0,87.6,low
STU-05311,80.3,69.3,81.0,9.2,77.3,low
STU-05312,76.2,53.4,23.3,5.8,63.9,medium
STU-05313,89.3,63.1,82.9,6.4,62.0,low
STU-05314,85.5,82.2,77.3,9.0,61.9,low
STU-05315,37.9,42.4,35.5,1.8,64.2,high
STU-05316,47.0,73.6,72.3,4.5,83.8,high
STU-05317,59.8,61.9,100.0,8.0,94.6,low
STU-05318,62.7,82.3,61.7,4.4,78.0,medium
STU-05319,55.0,40.3,35.6,1.9,15.8,high
STU-05320,100.0,72.2,67.9,8.2,63.6,low
STU-05321,52.9,84.3,77.8,6.9,91.0,medium
STU-05322,41.0,21.2,11.3,3.7,33.7,high
STU-05323,53.7,63.9,72.3,5.4,63.4,medium
STU-05324,71.3,42.9,61.5,6.4,47.6,medium
STU-05325,66.1,86.5,63.2,4.8,56.2,low
STU-05326,100.0,100.0,90.3,8.8,100.0,low
STU-05327,100.0,100.0,100.0,7.0,82.6,low
STU-05328,64.5,52.2,63.1,6.7,57.8,medium
STU-05329,74.0,57.4,39.2,4.6,88.7,high
STU-05330,77.3,63.1,64.2,5.8,42.5,medium
STU-05331,81.3,69.7,61.3,6.1,56.0,low
STU-05332,69.2,52.1,69.3,5.3,69.8,medium
STU-05333,95.3,66.6,97.0,7.0,67.4,low
STU-05334,77.3,84.5,73.8,6.9,92.5,low
STU-05335,79.4,98.4,100.0,10.0,100.0,low
STU-05336,87.1,50.1,52.3,4.3,37.8,high
STU-05337,85.6,100.0,91.7,9.1,82.6,low
STU-05338,81.3,80.8,97.3,9.2,69.9,low
STU-05339,52.5,59.3,66.5,6.7,52.4,medium
STU-05340,76.6,68.6,65.1,4.7,91.9,low
STU-05341,50.9,65.8,13.5,8.2,43.6,medium
STU-05342,33.3,70.3,21.0,1.8,40.8,high
STU-05343,67.1,60.3,51.3,3.9,64.5,medium
STU-05344,79.6,34.0,55.2,5.7,44.1,high
STU-05345,60.7,63.1,74.0,5.5,52.8,medium
STU-05346,57.1,54.4,52.6,4.7,44.0,high
STU-05347,66.4,49.8,20.7,3.9,20.5,high
STU-05348,70.3,100.0,48.9,1.0,84.8,low
STU-05349,100.0,91.5,90.6,10.0,80.7,low
STU-05350,49.0,69.7,85.1,7.2,63.6,medium
STU-05351,77.0,47.0,60.0,2.4,36.8,medium
STU-05352,85.7,62.4,37.9,5.9,76.9,medium
STU-05353,75.4,90.2,92.6,8.0,80.6,low
STU-05354,94.1,51.0,78.4,6.5,67.7,medium
STU-05355,60.2,58.0,51.7,5.0,51.6,medium
STU-05356,89.9,97.7,72.8,10.0,89.0,low
STU-05357,61.4,28.9,51.2,4.9,23.5,medium
STU-05358,67.9,54.2,60.9,3.0,73.5,high
STU-05359,79.3,55.7,54.4,5.4,40.9,medium
STU-05360,72.9,41.9,42.2,5.4,62.9,high
STU-05361,31.6,55.7,53.3,2.3,34.5,high
STU-05362,76.5,66.9,55.7,6.4,65.5,medium
STU-05363,79.4,80.7,65.6,7.2,100.0,low
STU-05364,98.5,69.6,61.8,7.9,48.1,low
STU-05365,45.0,78.7,77.7,6.1,77.2,medium
STU-05366,82.9,92.3,80.4,9.1,100.0,low
STU-05367,20.2,46.5,21.6,0.2,20.0,high
STU-05368,51.6,98.6,70.3,6.5,95.9,medium
STU-05369,92.4,96.3,79.1,4.5,82.6,low
STU-05370,55.4,82.6,64.7,5.8,77.4,low
STU-05371,53.3,79.7,77.0,8.8,67.7,low
STU-05372,50.8,49.9,39.6,3.7,41.8,high
STU-05373,96.3,69.9,79.6,7.0,51.5,low
STU-05374,71.3,65.6,91.2,9.0,76.3,low
STU-05375,90.4,85.4,86.6,5.6,64.7,low
STU-05376,67.5,59.3,38.9,1.8,76.6,medium
STU-05377,84.1,77.2,71.9,7.2,60.9,low
STU-05378,100.0,69.5,95.7,9.0,67.6,low
STU-05379,100.0,56.1,97.3,9.9,91.2,low
STU-05380,100.0,94.5,73.0,6.0,100.0,low
STU-05381,72.2,50.7,64.0,0.4,79.8,medium
STU-05382,74.8,53.2,47.5,9.0,53.8,medium
STU-05383,74.8,62.7,79.2,10.0,52.0,low
STU-05384,59.1,69.2,79.3,4.9,80.6,medium
STU-05385,67.2,100.0,100.0,7.1,93.1,low
STU-05386,72.3,78.4,53.5,7.8,96.0,low
STU-05387,77.0,49.5,62.7,2.7,25.0,medium
STU-05388,34.3,37.8,17.7,3.0,42.7,high
STU-05389,51.6,76.3,51.6,4.7,43.4,high
STU-05390,86.9,54.3,69.3,5.5,67.3,medium
STU-05391,78.1,72.9,75.3,8.9,72.0,low
STU-05392,38.7,8.2,19.7,1.7,34.0,high
STU-05393,58.2,40.1,28.0,5.3,49.3,high
STU-05394,97.4,29.4,94.7,5.8,57.5,medium
STU-05395,79.6,51.5,38.4,4.4,73.5,medium
STU-05396,71.3,56.7,51.5,9.9,64.7,medium
STU-05397,84.6,84.1,96.6,6.8,72.8,low
STU-05398,78.3,100.0,86.5,5.9,68.8,low
STU-05399,78.5,29.9,69.9,8.5,56.8,high
STU-05400,57.0,83.4,39.5,7.2,84.6,medium
STU-05401,99.2,36.9,98.2,7.4,71.3,low
STU-05402,100.0,75.6,78.7,10.0,84.6,low
STU-05403,69.5,45.8,43.5,4.5,57.8,high
STU-05404,62.8,57.4,67.0,5.6,89.9,high
STU-05405,86.7,83.8,78.5,6.5,70.9,low
STU-05406,86.9,58.3,80.4,8.2,87.6,low
STU-05407,84.6,33.9,80.1,4.6,50.3,medium
STU-05408,55.1,60.2,56.8,4.4,77.7,high
STU-05409,47.8,54.1,47.1,6.4,59.9,high
STU-05410,6.2,63.4,34.1,2.2,67.7,high
STU-05411,75.9,79.5,62.8,6.8,86.6,low
STU-05412,90.0,82.8,100.0,9.5,98.3,low
STU-05413,28.4,32.1,46.5,3.1,31.2,high
STU-05414,42.8,100.0,29.1,4.7,85.8,high
STU-05415,93.2,72.6,59.8,7.3,77.5,low
STU-05416,88.9,25.7,56.3,6.2,44.5,medium
STU-05417,89.2,87.1,95.8,8.4,66.4,low
STU-05418,53.7,51.2,52.0,1.9,67.4,medium
STU-05419,34.4,71.0,58.2,4.5,55.6,high
STU-05420,76.7,81.3,50.9,4.9,63.8,low
STU-05421,66.1,68.2,48.7,6.1,68.7,medium
STU-05422,66.6,47.8,31.9,7.6,65.5,high
STU-05423,74.8,36.8,56.0,6.3,42.3,medium
STU-05424,74.0,73.8,50.1,6.6,45.9,medium
STU-05425,93.8,60.1,70.3,10.0,74.5,low
STU-05426,90.8,38.7,56.4,7.0,67.9,medium
STU-05427,93.5,63.0,64.9,8.7,48.0,low
STU-05428,86.3,80.8,81.3,7.5,55.0,low
STU-05429,93.2,60.1,75.3,9.2,100.0,low
STU-05430,65.0,96.0,94.7,7.8,98.9,low
STU-05431,54.5,11.2,22.4,3.4,58.7,high
STU-05432,75.6,70.7,65.2,7.0,86.9,low
STU-05433,61.1,28.0,55.2,5.5,54.8,high
STU-05434,100.0,87.2,100.0,8.7,100.0,low
STU-05435,44.3,50.3,54.6,6.9,42.8,high
STU-05436,100.0,57.5,59.3,8.0,40.3,low
STU-05437,57.7,59.4,57.9,3.5,61.2,medium
STU-05438,69.2,57.2,65.2,6.5,56.9,medium
STU-05439,100.0,97.2,95.2,8.9,88.9,low
STU-05440,68.4,68.7,56.5,4.5,82.3,medium
STU-05441,57.9,54.6,52.5,4.9,52.9,medium
STU-05442,68.2,42.7,39.1,2.8,32.7,high
STU-05443,66.0,71.5,82.8,7.9,75.7,low
STU-05444,49.0,57.6,58.6,6.4,80.2,high
STU-05445,47.6,90.9,78.2,5.7,67.8,high
STU-05446,79.4,61.5,73.9,4.9,75.4,low
STU-05447,88.1,35.9,44.5,5.2,21.0,high
STU-05448,63.1,83.8,96.4,7.2,90.6,low
STU-05449,88.6,69.6,81.7,8.9,89.0,low
STU-05450,49.9,63.3,73.8,5.9,74.8,high
STU-05451,65.3,47.0,56.4,7.5,67.5,medium
STU-05452,45.6,44.3,63.9,3.6,18.5,high
STU-05453,77.7,98.6,77.8,6.0,84.8,low
STU-05454,50.2,40.8,25.8,3.0,38.8,high
STU-05455,69.6,51.2,41.3,6.1,65.6,medium
STU-05456,84.9,83.4,70.8,9.7,77.6,low
STU-05457,54.1,25.0,29.9,4.4,51.7,high
STU-05458,55.2,100.0,92.0,6.7,100.0,low
STU-05459,57.3,50.7,82.1,4.7,80.8,medium
STU-05460,100.0,80.8,87.1,8.9,88.1,low
STU-05461,65.3,72.4,44.5,8.4,56.0,medium
STU-05462,76.6,84.7,80.6,5.1,72.2,low
STU-05463,80.8,39.5,57.8,4.4,43.7,high
STU-05464,56.7,58.4,39.6,4.1,81.4,high
STU-05465,79.4,30.3,95.4,4.7,31.8,medium
STU-05466,61.1,65.6,72.8,4.9,64.6,low
STU-05467,100.0,94.8,100.0,6.4,94.2,low
STU-05468,85.5,100.0,85.5,7.8,100.0,low
STU-05469,100.0,80.5,83.1,10.0,89.4,low
STU-05470,68.9,69.8,80.3,7.5,97.0,low
STU-05471,71.1,46.0,17.8,1.4,54.5,high
STU-05472,100.0,37.9,68.2,4.4,83.1,medium
STU-05473,85.4,93.0,63.4,4.2,78.2,low
STU-05474,84.7,40.1,59.2,4.1,66.2,medium
STU-05475,65.8,71.2,68.6,4.4,71.4,high
STU-05476,19.8,32.2,25.4,0.9,34.7,high
STU-05477,47.9,41.3,7.2,2.4,47.4,high
STU-05478,88.9,92.2,90.0,9.1,87.4,low
STU-05479,83.4,75.3,42.2,8.2,82.9,low
STU-05480,94.1,60.0,76.7,10.0,25.7,low
STU-05481,54.1,74.9,52.6,3.7,57.2,medium
STU-05482,55.8,71.2,28.6,1.0,45.2,high
STU-05483,94.1,54.3,94.7,6.6,50.0,low
STU-05484,80.8,62.9,87.5,6.7,75.7,low
STU-05485,79.2,61.2,82.4,8.8,90.5,low
STU-05486,57.6,52.8,69.2,4.8,82.5,medium
STU-05487,89.9,79.9,77.5,4.9,100.0,low
STU-05488,62.7,27.3,37.1,4.8,62.9,high
STU-05489,82.2,30.9,51.5,2.4,56.8,medium
STU-05490,88.3,74.2,81.9,7.3,61.7,low
STU-05491,97.9,80.7,72.8,7.5,87.0,low
STU-05492,48.6,4.6,39.0,1.8,15.4,high
STU-05493,62.2,43.9,45.8,4.3,73.7,high
STU-05494,52.5,79.6,42.3,1.5,66.7,medium
STU-05495,80.1,89.2,100.0,7.5,88.4,low
STU-05496,81.0,71.3,53.3,7.2,70.1,medium
STU-05497,72.5,58.9,55.6,7.3,49.7,high
STU-05498,83.7,70.2,72.3,9.7,74.8,low
STU-05499,75.1,100.0,77.1,5.9,56.8,low
STU-05500,100.0,66.8,83.2,9.8,78.9,low
STU-05501,75.5,53.0,23.5,6.8,48.8,high
STU-05502,82.7,14.0,64.3,7.5,32.7,high
STU-05503,70.8,47.0,61.0,10.0,31.6,medium
STU-05504,72.7,47.0,60.0,7.7,42.5,high
STU-05505,33.6,56.7,27.5,3.0,91.2,high
STU-05506,42.2,36.4,41.0,5.5,42.2,high
STU-05507,60.4,51.3,48.7,4.5,68.0,medium
STU-05508,68.6,33.6,43.4,5.2,29.1,high
STU-05509,69.2,43.2,41.2,3.2,45.2,high
STU-05510,71.8,61.7,95.0,8.9,75.5,low
STU-05511,89.8,76.7,72.7,10.0,77.3,low
STU-05512,100.0,75.0,80.4,5.6,63.3,low
STU-05513,51.7,30.5,41.3,6.0,38.5,high
STU-05514,59.4,32.7,20.7,4.2,39.8,high
STU-05515,94.4,57.6,51.9,8.1,76.1,low
STU-05516,74.0,66.3,87.0,8.2,93.6,low
STU-05517,76.7,51.3,66.9,6.1,80.2,medium
STU-05518,99.9,94.4,79.6,10.0,72.4,low
STU-05519,68.3,100.0,71.9,6.4,82.7,low
STU-05520,76.2,40.1,50.1,5.7,39.2,high
STU-05521,92.9,61.0,91.6,7.0,71.7,low
STU-05522,94.8,95.2,80.8,6.2,84.0,low
STU-05523,81.0,70.3,78.1,7.0,55.6,low
STU-05524,100.0,100.0,85.2,8.4,82.7,low
STU-05525,80.0,63.3,51.2,7.9,64.8,medium
STU-05526,56.9,32.1,53.6,5.6,33.6,high
STU-05527,53.9,52.9,42.2,5.0,54.9,medium
STU-05528,71.6,76.6,65.9,6.2,60.3,medium
STU-05529,82.2,82.0,80.5,8.1,58.7,low
STU-05530,67.8,50.3,65.2,4.9,69.7,medium
STU-05531,82.2,11.6,64.6,6.5,62.4,medium
STU-05532,74.4,76.7,91.2,6.0,73.7,low
STU-05533,90.9,57.8,83.0,8.1,71.1,low
STU-05534,95.9,66.6,92.7,8.9,85.6,low
STU-05535,79.0,78.4,100.0,8.3,74.5,low
STU-05536,45.2,38.4,14.3,2.6,45.6,high
STU-05537,78.6,27.7,41.0,0.7,47.7,high
STU-05538,45.5,23.8,42.3,5.0,24.0,high
STU-05539,83.5,73.0,55.3,6.4,57.9,low
STU-05540,48.5,8.0,72.7,4.7,32.1,high
STU-05541,53.2,69.6,73.5,4.5,77.9,medium
STU-05542,52.3,61.9,80.2,7.0,48.4,medium
STU-05543,93.6,61.0,85.8,7.8,100.0,medium
STU-05544,35.6,21.5,19.3,1.1,30.3,high
STU-05545,100.0,84.4,83.9,10.0,52.7,low
STU-05546,74.3,94.9,85.1,6.0,84.8,low
STU-05547,97.9,100.0,100.0,9.5,68.4,low
STU-05548,73.2,83.2,76.2,7.0,55.7,low
STU-05549,62.9,58.3,100.0,7.8,74.6,low
STU-05550,70.9,5.3,51.4,6.2,29.1,high
STU-05551,92.6,85.5,82.8,9.9,61.1,low
STU-05552,81.9,68.4,61.2,4.5,62.2,low
STU-05553,86.6,83.7,81.0,8.8,82.7,low
STU-05554,36.7,49.9,55.5,0.3,53.9,high
STU-05555,93.3,54.5,74.9,7.2,70.0,medium
STU-05556,91.6,63.1,73.0,5.6,67.5,low
STU-05557,50.8,47.4,64.3,5.5,71.3,medium
STU-05558,88.9,98.3,91.4,10.0,94.4,low
STU-05559,93.0,55.6,90.4,10.0,65.8,low
STU-05560,22.0,52.1,18.7,0.6,39.7,high
STU-05561,87.5,87.6,100.0,8.4,57.9,low
STU-05562,82.1,100.0,100.0,10.0,100.0,low
STU-05563,92.5,68.7,40.9,10.0,93.0,low
STU-05564,90.7,71.0,60.7,8.5,44.1,low
STU-05565,99.8,78.7,56.8,7.9,65.7,low
STU-05566,49.4,70.8,100.0,7.3,77.5,medium
STU-05567,91.8,100.0,100.0,10.0,89.6,low
STU-05568,95.5,67.5,37.5,9.0,56.1,low
STU-05569,57.5,63.2,46.1,4.8,55.3,medium
STU-05570,47.1,50.2,42.1,4.3,59.0,high
STU-05571,92.5,90.5,97.8,10.0,78.5,low
STU-05572,61.3,41.0,37.6,2.8,44.2,high
STU-05573,56.1,34.7,37.6,5.5,24.9,high
STU-05574,77.1,62.2,52.0,6.9,67.4,medium
STU-05575,86.9,92.3,90.4,8.2,85.6,low
STU-05576,72.0,35.9,40.3,3.9,57.7,high
STU-05577,70.5,45.1,83.6,8.2,59.1,medium
STU-05578,86.9,53.7,97.3,8.2,96.6,low
STU-05579,61.2,43.3,82.0,4.0,58.8,high
STU-05580,100.0,77.5,100.0,8.7,70.0,low
STU-05581,85.1,61.0,95.5,4.0,76.0,medium
STU-05582,82.6,93.9,100.0,9.9,82.9,low
STU-05583,87.9,100.0,80.4,7.3,100.0,low
STU-05584,91.7,20.1,68.2,7.3,59.1,medium
STU-05585,70.8,50.4,73.4,5.9,86.4,medium
STU-05586,69.8,86.6,86.4,7.6,63.5,low
STU-05587,68.9,68.0,75.5,8.3,51.3,medium
STU-05588,78.6,100.0,100.0,10.0,74.9,low
STU-05589,62.5,66.4,55.4,6.7,72.1,low
STU-05590,80.5,39.1,60.7,5.8,41.2,medium
STU-05591,59.1,68.1,47.6,4.2,57.6,medium
STU-05592,97.0,77.7,81.4,7.0,76.9,low
STU-05593,64.7,82.7,71.5,7.8,75.9,low
STU-05594,52.5,48.3,21.6,2.8,62.5,high
STU-05595,76.3,70.0,60.8,3.4,55.0,high
STU-05596,100.0,61.8,88.5,8.3,44.1,low
STU-05597,66.1,63.1,60.9,3.2,74.9,low
STU-05598,64.9,38.4,68.8,7.3,73.2,medium
STU-05599,88.9,59.2,86.1,8.2,67.3,low
STU-05600,87.8,66.0,78.5,1.8,60.1,medium
STU-05601,72.8,100.0,96.1,10.0,84.3,low
STU-05602,96.6,86.8,100.0,6.9,86.5,low
STU-05603,91.8,54.8,71.2,9.0,100.0,low
STU-05604,86.6,78.3,68.9,9.6,99.4,low
STU-05605,45.5,55.2,55.7,6.0,68.3,high
STU-05606,37.5,34.9,15.0,2.9,11.9,high
STU-05607,58.3,49.9,52.0,4.3,66.5,medium
STU-05608,63.8,26.9,65.9,0.4,54.2,high
STU-05609,81.9,54.0,71.8,9.3,66.6,low
STU-05610,82.8,73.6,80.2,7.2,76.9,low
STU-05611,83.7,89.6,93.2,10.0,100.0,low
STU-05612,79.8,39.2,47.9,7.9,58.3,high
STU-05613,83.8,48.8,74.2,6.1,71.9,medium
STU-05614,46.1,88.6,68.3,5.4,85.9,high
STU-05615,77.4,92.6,92.9,7.4,82.0,low
STU-05616,42.1,49.5,57.2,5.9,60.4,high
STU-05617,35.0,55.2,64.1,4.7,56.1,high
STU-05618,100.0,66.4,86.1,8.7,53.8,low
STU-05619,95.4,80.9,80.6,8.8,91.8,low
STU-05620,86.7,73.4,86.9,7.8,56.1,low
STU-05621,76.6,100.0,93.1,5.8,100.0,low
STU-05622,57.2,73.1,52.2,6.1,86.7,medium
STU-05623,87.9,83.2,64.6,9.5,81.1,low
STU-05624,72.6,35.6,71.1,7.1,51.4,high
STU-05625,86.0,52.7,70.2,4.6,67.2,medium
STU-05626,36.7,50.4,47.1,4.2,91.9,high
STU-05627,77.6,71.3,91.8,5.3,89.7,low
STU-05628,21.7,0.0,0.0,0.0,0.0,high
STU-05629,99.5,63.3,67.6,8.5,96.9,low
STU-05630,60.2,100.0,90.9,7.5,91.5,low
STU-05631,34.0,26.1,15.0,4.5,17.1,high
STU-05632,75.1,86.1,91.2,9.8,79.4,low
STU-05633,59.7,47.3,38.7,3.4,26.8,high
STU-05634,83.2,75.8,92.0,8.4,73.9,low
STU-05635,83.3,93.0,98.0,9.7,76.8,low
STU-05636,64.5,28.0,55.4,5.2,30.6,high
STU-05637,71.9,60.4,41.2,5.4,72.7,medium
STU-05638,84.3,84.2,73.3,8.3,96.4,low
STU-05639,70.4,88.4,66.5,7.5,84.7,low
STU-05640,75.9,96.9,82.6,9.7,95.7,low
STU-05641,73.0,57.1,62.6,4.6,79.6,medium
STU-05642,68.7,4.8,59.1,3.1,33.7,high
STU-05643,51.9,69.2,42.2,5.1,59.4,medium
STU-05644,83.5,78.5,78.4,8.5,92.2,low
STU-05645,73.1,91.4,80.1,8.9,76.4,low
STU-05646,41.2,10.0,0.0,2.6,11.0,high
STU-05647,48.6,26.4,57.6,5.0,36.3,high
STU-05648,86.0,43.3,64.1,7.0,62.6,medium
STU-05649,49.2,49.6,48.0,2.6,55.2,high
STU-05650,52.9,28.8,38.3,1.3,57.4,high
STU-05651,91.6,79.2,75.6,7.1,84.0,low
STU-05652,71.0,39.3,39.7,4.8,39.9,high
STU-05653,84.9,78.5,94.2,9.2,47.4,low
STU-05654,79.3,69.2,52.3,9.6,57.4,low
STU-05655,61.6,57.7,54.1,4.6,59.5,medium
STU-05656,53.6,51.1,57.7,4.7,36.4,high
STU-05657,60.2,23.2,47.7,2.7,16.8,high
STU-05658,91.7,66.6,94.7,8.4,44.7,low
STU-05659,80.9,90.4,52.5,3.6,63.8,medium
STU-05660,100.0,57.2,71.2,7.4,77.9,low
STU-05661,100.0,86.9,83.0,9.0,54.5,low
STU-05662,93.8,78.4,66.8,8.1,86.2,low
STU-05663,93.5,67.1,100.0,8.4,67.7,low
STU-05664,74.1,60.3,100.0,8.9,60.2,low
STU-05665,86.8,48.2,67.5,3.3,75.8,medium
STU-05666,76.3,72.2,84.7,4.2,56.9,low
STU-05667,99.7,61.7,100.0,9.7,66.1,low
STU-05668,87.1,86.1,76.8,8.3,52.5,low
STU-05669,52.0,32.0,42.0,4.8,50.5,high
STU-05670,81.6,86.4,86.6,7.7,73.4,low
STU-05671,55.4,46.5,53.9,5.8,53.1,medium
STU-05672,71.9,77.0,86.3,10.0,78.7,low
STU-05673,65.2,40.6,38.6,3.4,61.6,high
STU-05674,65.5,58.5,55.8,4.1,53.7,medium
STU-05675,32.2,53.6,46.8,1.2,24.8,high
STU-05676,77.1,51.6,45.6,9.8,56.9,medium
STU-05677,100.0,60.8,77.7,10.0,37.4,low
STU-05678,64.9,70.7,69.2,8.7,85.5,low
STU-05679,79.6,50.3,52.2,8.5,74.7,medium
STU-05680,96.6,89.0,90.3,7.5,94.2,low
STU-05681,50.3,49.3,56.5,5.3,48.8,medium
STU-05682,93.4,64.4,82.0,8.4,100.0,low
STU-05683,80.4,54.8,61.1,6.1,46.3,medium
STU-05684,77.5,17.8,49.8,5.3,46.5,high
STU-05685,72.3,28.1,65.4,4.0,36.8,high
STU-05686,69.5,35.2,60.7,4.5,48.7,medium
STU-05687,90.0,98.0,100.0,7.2,100.0,low
STU-05688,100.0,87.4,100.0,9.1,98.0,low
STU-05689,75.8,84.9,85.4,6.6,56.8,low
STU-05690,79.9,49.1,51.4,5.2,43.6,medium
STU-05691,89.4,96.7,100.0,9.1,100.0,low
STU-05692,74.3,53.5,42.9,3.1,67.0,medium
STU-05693,74.7,70.9,62.9,6.0,47.5,medium
STU-05694,77.0,58.8,49.6,5.5,99.3,medium
STU-05695,51.3,83.9,48.4,2.7,70.8,medium
STU-05696,83.9,98.2,80.3,7.7,100.0,low
STU-05697,68.3,66.0,81.0,8.1,75.1,low
STU-05698,60.6,45.5,30.6,5.9,51.8,high
STU-05699,76.4,44.1,65.6,6.4,56.4,medium
STU-05700,43.5,11.2,40.5,1.2,27.2,high
STU-05701,33.3,62.7,39.0,4.9,46.2,high
STU-05702,100.0,100.0,100.0,10.0,79.0,low
STU-05703,64.0,39.9,61.0,4.0,63.3,medium
STU-05704,57.6,63.6,46.4,4.2,68.9,medium
STU-05705,58.4,55.2,74.8,7.9,46.8,medium
STU-05706,81.9,49.4,63.8,5.6,62.5,medium
STU-05707,84.9,90.1,95.1,9.7,67.3,low
STU-05708,100.0,96.4,100.0,10.0,91.1,low
STU-05709,49.5,38.3,35.7,5.2,84.7,high
STU-05710,73.1,49.0,48.9,2.7,38.3,low
STU-05711,100.0,83.0,99.4,10.0,78.6,low
STU-05712,71.8,22.7,36.1,6.8,7.6,high
STU-05713,90.8,64.2,100.0,8.8,85.8,low
STU-05714,85.4,100.0,100.0,7.1,100.0,low
STU-05715,69.0,42.4,54.9,8.8,48.5,high
STU-05716,77.0,57.5,83.4,6.2,49.7,low
STU-05717,77.0,55.3,78.4,7.8,70.9,low
STU-05718,85.2,63.2,53.6,4.3,57.7,medium
STU-05719,64.4,73.4,65.8,4.7,86.5,low
STU-05720,100.0,100.0,84.0,8.0,67.2,low
STU-05721,54.0,61.0,58.3,5.0,47.5,high
STU-05722,63.6,52.6,70.2,5.7,52.7,medium
STU-05723,77.3,59.6,53.1,5.7,77.1,low
STU-05724,100.0,100.0,100.0,7.5,100.0,low
STU-05725,77.6,46.7,87.0,6.6,46.3,low
STU-05726,100.0,75.3,100.0,9.0,62.5,low
STU-05727,59.3,44.5,71.7,9.2,29.6,high
STU-05728,63.8,70.5,60.2,5.3,68.4,low
STU-05729,65.7,100.0,66.6,9.2,85.9,low
STU-05730,68.5,78.4,55.1,7.2,66.8,low
STU-05731,42.8,11.7,13.4,1.6,18.3,high
STU-05732,90.8,80.9,74.3,6.2,53.5,low
STU-05733,87.2,73.6,65.1,7.9,73.2,low
STU-05734,90.2,87.6,44.8,5.8,51.6,low
STU-05735,73.8,48.2,76.4,5.7,75.0,medium
STU-05736,53.4,55.7,63.7,3.3,59.9,high
STU-05737,95.5,100.0,100.0,7.8,81.0,low
STU-05738,92.6,66.0,79.3,5.6,67.2,low
STU-05739,64.0,44.1,38.0,3.4,38.4,high
STU-05740,100.0,100.0,100.0,9.0,69.6,low
STU-05741,93.0,77.7,100.0,8.2,78.2,low
STU-05742,70.3,84.9,100.0,8.6,62.9,low
STU-05743,70.7,83.8,80.3,7.4,84.1,low
STU-05744,64.1,75.2,78.9,5.1,69.8,low
STU-05745,100.0,100.0,100.0,10.0,94.9,low
STU-05746,63.4,78.9,50.5,3.8,83.1,medium
STU-05747,63.0,21.4,43.9,4.1,29.2,high
STU-05748,39.8,45.1,65.8,3.8,52.7,high
STU-05749,38.1,23.7,61.7,5.5,36.2,high
STU-05750,73.4,52.6,51.0,7.7,94.9,medium
STU-05751,54.4,60.7,71.3,3.3,49.9,high
STU-05752,88.7,88.6,97.0,9.0,85.8,low
STU-05753,52.8,99.3,57.3,4.6,93.0,low
STU-05754,81.5,95.6,84.8,8.6,90.6,low
STU-05755,66.1,48.4,50.8,5.9,40.9,high
STU-05756,79.7,55.5,41.8,7.4,56.8,medium
STU-05757,72.9,64.7,55.3,2.8,40.8,medium
STU-05758,76.3,56.6,59.1,4.1,61.1,medium
STU-05759,66.3,53.9,69.7,6.1,74.9,low
STU-05760,42.4,7.2,19.5,3.3,11.3,high
STU-05761,100.0,100.0,100.0,10.0,100.0,low
STU-05762,84.1,65.6,57.5,8.2,58.9,low
STU-05763,89.0,34.3,66.3,6.9,78.8,medium
STU-05764,85.6,94.2,61.9,4.2,91.6,low
STU-05765,78.9,40.3,70.3,5.6,53.5,medium
STU-05766,56.5,45.9,74.4,6.6,68.5,high
STU-05767,46.5,26.7,34.6,1.9,26.9,high
STU-05768,59.2,100.0,97.4,7.5,91.0,low
STU-05769,96.1,75.4,85.8,8.9,63.2,low
STU-05770,66.3,100.0,70.2,8.6,65.5,low
STU-05771,98.7,90.8,100.0,10.0,100.0,low
STU-05772,43.4,85.1,40.7,4.8,53.1,high
STU-05773,61.4,64.6,50.8,6.1,60.3,medium
STU-05774,76.3,77.3,68.4,6.8,75.4,low
STU-05775,100.0,100.0,87.0,10.0,100.0,low
STU-05776,55.4,46.6,31.8,2.2,71.4,high
STU-05777,75.4,74.5,50.9,8.5,68.2,medium
STU-05778,56.6,82.9,84.5,6.8,65.4,low
STU-05779,19.4,65.5,52.8,2.5,44.8,high
STU-05780,54.9,64.2,72.2,6.0,65.0,medium
STU-05781,42.5,70.3,61.0,3.9,35.4,high
STU-05782,61.7,53.6,47.2,5.6,32.0,high
STU-05783,44.3,15.6,42.0,1.4,28.2,high
STU-05784,75.9,57.3,68.0,6.9,29.1,medium
STU-05785,86.8,87.0,100.0,8.2,74.7,low
STU-05786,86.6,82.7,84.6,9.9,89.1,low
STU-05787,25.2,38.0,39.8,3.8,69.5,high
STU-05788,70.7,49.5,55.7,5.9,58.9,medium
STU-05789,75.4,43.6,80.6,5.2,60.4,low
STU-05790,58.0,77.5,57.8,7.8,88.1,medium
STU-05791,88.3,80.5,100.0,8.9,91.2,low
STU-05792,61.6,100.0,61.8,6.7,82.3,medium
STU-05793,35.1,44.2,52.0,6.0,59.2,high
STU-05794,56.9,79.3,52.5,3.3,77.6,medium
STU-05795,49.4,37.3,10.6,2.0,36.9,high
STU-05796,61.1,42.1,52.1,2.2,71.3,high
STU-05797,100.0,100.0,97.5,9.0,100.0,low
STU-05798,48.0,72.3,56.4,4.4,72.1,high
STU-05799,49.7,46.8,33.9,4.0,46.8,high
STU-05800,84.3,90.7,91.1,5.5,100.0,low
STU-05801,82.2,58.6,67.0,6.9,79.7,low
STU-05802,61.0,52.8,56.6,5.5,33.0,high
STU-05803,75.0,56.9,100.0,6.3,80.2,medium
STU-05804,75.2,90.3,89.7,6.0,100.0,low
STU-05805,55.6,52.2,16.1,3.6,43.0,high
STU-05806,58.1,55.8,52.2,6.8,40.3,medium
STU-05807,64.3,30.2,23.8,3.3,81.4,high
STU-05808,38.8,41.8,68.9,3.1,46.0,high
STU-05809,59.3,46.0,53.0,2.6,27.0,high
STU-05810,81.4,38.7,83.1,7.5,43.6,high
STU-05811,83.6,100.0,92.6,9.7,93.7,low
STU-05812,71.1,98.6,74.9,8.1,85.6,low
STU-05813,70.5,55.5,89.1,6.7,75.2,medium
STU-05814,98.5,98.4,100.0,10.0,68.0,low
STU-05815,37.5,63.5,81.2,4.4,33.8,high
STU-05816,66.8,41.3,35.7,4.9,59.9,high
STU-05817,90.4,78.9,83.3,8.0,75.8,low
STU-05818,58.3,60.6,69.9,4.8,76.5,high
STU-05819,83.5,69.1,69.8,3.6,60.4,medium
STU-05820,82.5,58.7,83.8,6.1,69.7,low
STU-05821,47.5,68.9,37.6,6.0,49.6,high
STU-05822,71.7,34.5,25.2,5.6,31.5,high
STU-05823,76.0,68.0,59.2,5.7,67.9,low
STU-05824,64.9,79.9,48.3,6.1,57.3,medium
STU-05825,61.8,4.7,34.9,4.1,13.8,high
STU-05826,91.8,94.1,95.3,9.6,97.7,low
STU-05827,49.8,76.8,63.1,4.9,81.8,high
STU-05828,83.9,100.0,94.7,9.0,100.0,low
STU-05829,100.0,57.3,81.7,9.0,82.9,low
STU-05830,92.0,75.3,64.1,6.1,58.5,low
STU-05831,69.0,30.4,44.9,7.8,45.3,high
STU-05832,60.9,60.9,61.7,1.7,46.4,medium
STU-05833,47.2,65.1,61.2,5.0,75.3,high
STU-05834,74.0,38.8,43.7,4.9,26.5,high
STU-05835,62.4,46.7,65.2,7.2,64.9,medium
STU-05836,46.5,19.2,22.8,2.8,37.5,high
STU-05837,93.8,100.0,93.8,9.2,70.6,low
STU-05838,36.8,58.4,2.0,1.3,60.8,high
STU-05839,52.1,81.4,39.9,4.4,32.8,medium
STU-05840,65.8,47.7,44.5,6.7,26.1,high
STU-05841,78.5,61.2,74.0,3.8,57.8,medium
STU-05842,22.0,44.6,16.0,2.2,56.9,high
STU-05843,47.9,76.9,50.1,2.3,38.4,high
STU-05844,57.4,77.8,64.4,6.0,80.8,medium
STU-05845,100.0,100.0,100.0,8.2,100.0,low
STU-05846,100.0,88.4,100.0,9.3,81.0,low
STU-05847,70.5,75.8,80.4,9.2,80.0,low
STU-05848,68.9,94.1,96.5,6.5,100.0,low
STU-05849,66.0,57.0,47.5,5.1,89.8,medium
STU-05850,70.7,59.6,97.9,5.9,60.9,medium
STU-05851,100.0,93.5,89.9,10.0,78.0,low
STU-05852,94.4,87.0,95.3,10.0,86.4,low
STU-05853,100.0,83.8,66.5,6.6,61.2,low
STU-05854,37.4,40.5,55.6,4.9,53.8,high
STU-05855,35.9,52.6,42.2,6.1,57.9,high
STU-05856,83.7,77.0,92.7,8.2,67.5,low
STU-05857,49.3,76.5,40.6,5.9,90.0,high
STU-05858,35.9,0.0,49.1,0.6,65.6,high
STU-05859,56.7,69.3,71.8,5.9,94.1,medium
STU-05860,63.5,95.3,72.7,6.0,91.9,low
STU-05861,37.9,59.3,44.1,4.4,93.5,high
STU-05862,93.1,99.5,83.1,7.3,67.6,low
STU-05863,73.8,62.1,56.5,7.3,57.7,medium
STU-05864,100.0,83.8,80.3,10.0,100.0,low
STU-05865,49.5,34.1,28.5,2.1,44.5,high
STU-05866,85.9,40.3,67.5,8.4,34.8,high
STU-05867,81.4,65.9,71.8,7.1,60.4,low
STU-05868,100.0,100.0,79.4,9.0,88.8,low
STU-05869,64.9,31.5,57.0,2.8,81.4,high
STU-05870,56.8,81.5,80.6,7.1,92.0,low
STU-05871,81.8,53.8,78.0,4.1,83.0,medium
STU-05872,85.9,73.5,100.0,10.0,100.0,low
STU-05873,62.1,55.8,75.5,6.4,77.2,medium
STU-05874,92.6,53.7,86.3,8.2,72.5,low
STU-05875,68.6,32.3,41.6,5.3,39.4,high
STU-05876,23.7,62.0,62.3,1.8,56.0,high
STU-05877,61.9,59.5,47.4,5.1,24.2,high
STU-05878,84.2,52.7,60.2,7.7,51.9,medium
STU-05879,86.5,66.1,65.8,8.7,54.4,low
STU-05880,69.3,92.4,100.0,7.7,84.0,low
STU-05881,71.7,100.0,100.0,10.0,99.2,low
STU-05882,73.9,63.6,42.7,5.5,53.9,medium
STU-05883,63.1,69.2,69.0,6.5,25.3,low
STU-05884,100.0,72.5,97.6,6.1,66.2,low
STU-05885,55.9,55.5,48.3,3.3,74.5,medium
STU-05886,69.4,83.7,99.6,7.4,100.0,low
STU-05887,62.3,83.8,72.4,6.8,83.6,low
STU-05888,94.5,93.4,100.0,8.4,100.0,low
STU-05889,85.9,88.5,59.5,10.0,88.5,low
STU-05890,86.5,56.0,60.3,6.2,88.4,medium
STU-05891,47.2,46.6,39.2,4.4,73.1,high
STU-05892,100.0,96.2,83.2,8.8,79.5,low
STU-05893,66.1,100.0,65.5,6.3,84.6,low
STU-05894,72.7,78.2,67.9,5.5,68.3,medium
STU-05895,74.3,17.8,63.5,9.8,51.9,high
STU-05896,68.8,46.7,48.9,4.3,49.5,high
STU-05897,81.4,88.7,66.5,7.8,100.0,low
STU-05898,97.3,93.4,94.4,5.5,80.3,low
STU-05899,91.0,93.4,90.0,7.6,74.0,low
STU-05900,43.9,70.1,64.9,9.3,100.0,high
STU-05901,60.1,62.6,69.5,6.8,69.8,medium
STU-05902,77.7,64.0,60.9,7.8,67.2,low
STU-05903,44.8,45.4,35.0,6.3,64.8,high
STU-05904,68.3,81.7,90.9,6.3,73.7,low
STU-05905,74.7,100.0,65.7,10.0,86.3,low
STU-05906,75.4,68.3,85.1,5.2,66.9,medium
STU-05907,46.7,52.2,26.6,3.5,63.6,high
STU-05908,6.5,18.6,22.9,5.6,17.4,high
STU-05909,32.0,78.0,39.1,2.7,62.5,high
STU-05910,100.0,95.4,100.0,10.0,73.0,low
STU-05911,60.6,91.9,61.5,6.9,73.0,low
STU-05912,84.0,84.2,66.7,6.9,78.2,low
STU-05913,49.2,83.0,42.4,8.6,64.9,high
STU-05914,67.6,73.4,53.5,4.3,57.7,low
STU-05915,69.5,86.7,77.8,6.5,37.3,low
STU-05916,90.8,65.2,100.0,10.0,60.2,low
STU-05917,63.5,57.7,66.1,7.2,53.2,low
STU-05918,68.0,50.3,64.1,10.0,46.3,medium
STU-05919,100.0,62.4,88.6,7.0,80.7,low
STU-05920,56.8,75.0,53.0,7.3,57.7,medium
STU-05921,96.3,54.4,79.1,4.5,76.9,low
STU-05922,91.7,86.2,94.4,4.9,100.0,low
STU-05923,95.2,100.0,100.0,10.0,100.0,low
STU-05924,56.0,30.6,45.5,6.1,49.6,high
STU-05925,75.3,69.5,12.9,6.6,45.1,medium
STU-05926,58.6,36.0,36.2,6.3,49.0,high
STU-05927,49.9,61.9,62.8,5.0,46.1,high
STU-05928,58.0,61.9,81.1,6.0,78.3,low
STU-05929,93.4,54.3,93.9,7.7,69.6,low
STU-05930,35.4,55.1,65.8,8.2,50.6,high
STU-05931,84.8,66.9,63.4,5.5,52.2,low
STU-05932,82.3,45.3,57.9,5.5,24.9,high
STU-05933,45.9,28.7,37.3,5.4,52.5,high
STU-05934,57.4,56.8,31.1,5.8,50.4,medium
STU-05935,66.7,28.9,31.3,6.5,28.7,high
STU-05936,39.8,15.3,31.0,3.8,27.5,high
STU-05937,63.3,38.3,21.2,3.0,35.3,high
STU-05938,100.0,100.0,100.0,10.0,71.4,low
STU-05939,48.4,72.9,53.9,2.0,62.5,high
STU-05940,100.0,57.3,100.0,10.0,94.5,low
STU-05941,75.6,23.0,53.2,4.5,30.7,high
STU-05942,100.0,26.0,67.0,6.4,60.3,medium
STU-05943,95.7,73.8,77.4,9.4,69.9,low
STU-05944,77.1,38.4,65.3,4.0,0.0,medium
STU-05945,100.0,89.2,95.6,8.4,100.0,low
STU-05946,69.5,15.9,6.2,4.5,3.8,high
STU-05947,56.3,66.3,75.9,5.0,70.4,medium
STU-05948,33.9,63.9,49.9,4.3,56.7,high
STU-05949,53.6,37.1,49.2,4.0,89.4,high
STU-05950,86.0,100.0,100.0,4.7,100.0,low
STU-05951,57.8,25.9,69.2,6.2,30.5,high
STU-05952,72.8,51.0,61.1,7.0,100.0,medium
STU-05953,90.5,62.8,66.3,10.0,57.9,medium
STU-05954,100.0,63.1,100.0,9.2,96.2,low
STU-05955,100.0,77.8,100.0,10.0,82.8,low
STU-05956,79.5,80.5,100.0,10.0,84.5,low
STU-05957,89.9,55.9,100.0,10.0,65.5,low
STU-05958,71.1,56.4,59.9,8.8,77.4,medium
STU-05959,77.1,37.4,49.9,5.8,18.9,high
STU-05960,87.1,78.0,69.2,6.9,68.9,medium
STU-05961,62.5,68.0,80.1,7.0,67.2,medium
STU-05962,69.0,47.2,38.8,5.2,58.9,high
STU-05963,78.6,100.0,99.0,9.8,96.6,low
STU-05964,89.3,60.6,49.1,4.5,47.3,medium
STU-05965,67.8,95.6,42.5,4.9,91.2,low
STU-05966,93.0,83.9,69.8,8.6,91.3,low
STU-05967,74.1,68.1,42.8,1.2,24.0,medium
STU-05968,74.9,57.9,63.5,7.1,80.2,medium
STU-05969,70.8,63.6,72.2,6.0,77.4,medium
STU-05970,71.8,96.1,61.4,2.5,73.7,low
STU-05971,100.0,71.7,92.0,8.8,76.4,low
STU-05972,70.7,58.8,78.0,5.4,62.6,low
STU-05973,79.4,77.2,87.7,6.6,84.3,low
STU-05974,98.4,75.0,63.8,9.5,57.8,low
STU-05975,66.0,95.1,81.0,8.3,69.8,low
STU-05976,53.6,64.2,70.4,6.3,64.3,medium
STU-05977,62.6,50.3,60.0,3.6,38.6,medium
STU-05978,65.5,70.0,86.4,6.8,70.2,low
STU-05979,87.2,45.5,80.5,4.8,59.1,medium
STU-05980,100.0,46.7,64.7,10.0,32.0,medium
STU-05981,31.5,0.0,36.3,3.2,36.6,high
STU-05982,56.2,89.2,62.1,7.4,75.2,low
STU-05983,80.7,45.0,58.1,3.8,54.8,medium
STU-05984,100.0,77.2,88.5,10.0,61.7,low
STU-05985,60.8,19.4,65.2,2.8,11.1,high
STU-05986,91.9,76.7,50.9,0.9,73.5,medium
STU-05987,48.3,83.0,59.1,4.8,71.6,high
STU-05988,64.1,28.1,21.4,4.9,46.9,high
STU-05989,81.4,49.4,53.3,4.2,65.1,medium
STU-05990,95.3,65.8,69.7,2.4,91.8,medium
STU-05991,92.4,23.7,58.7,5.6,39.0,high
STU-05992,50.1,83.9,56.6,5.5,48.9,low
STU-05993,99.3,72.1,98.2,6.1,79.7,low
STU-05994,82.2,75.9,68.8,7.3,65.8,low
STU-05995,40.5,33.7,23.3,2.4,37.7,high
STU-05996,66.1,44.5,34.5,3.1,26.1,high
STU-05997,80.5,57.4,67.7,6.8,80.7,low
STU-05998,100.0,100.0,97.2,4.5,56.1,low
STU-05999,51.9,30.2,54.6,4.0,53.9,high
STU-06000,57.7,30.3,35.7,5.5,38.6,high
STU-06001,70.5,53.3,67.8,8.4,62.3,medium
STU-06002,94.9,86.9,75.2,10.0,70.4,low
STU-06003,50.1,81.8,62.6,5.3,59.0,medium
STU-06004,58.3,53.5,77.6,1.7,78.9,medium
STU-06005,51.0,22.5,29.3,3.1,53.9,high
STU-06006,74.0,66.4,84.1,5.4,63.2,low
STU-06007,77.2,52.1,65.1,7.7,54.6,low
STU-06008,65.1,52.0,50.4,5.6,47.1,high
STU-06009,24.5,48.2,30.2,5.3,58.9,high
STU-06010,59.8,87.3,69.2,9.4,67.4,low
STU-06011,52.4,26.5,45.9,2.4,35.1,high
STU-06012,66.3,80.3,80.1,6.6,78.2,low
STU-06013,86.6,87.6,100.0,9.9,96.1,low
STU-06014,74.8,27.5,57.9,7.0,68.2,medium
STU-06015,73.4,44.4,53.3,6.9,66.4,medium
STU-06016,47.3,23.9,30.8,1.5,33.3,high
STU-06017,82.2,100.0,60.2,6.4,84.5,low
STU-06018,77.0,26.1,80.1,6.2,44.0,medium
STU-06019,64.8,100.0,80.1,6.1,94.0,low
STU-06020,81.8,57.6,56.4,5.4,41.4,medium
STU-06021,100.0,78.6,83.4,7.7,84.3,low
STU-06022,44.7,16.6,69.9,5.5,43.4,high
STU-06023,86.3,63.6,89.4,7.4,82.3,low
STU-06024,89.8,71.5,79.4,9.7,79.0,low
STU-06025,18.3,46.4,12.9,0.0,26.9,high
STU-06026,98.5,62.7,86.8,4.0,64.0,low
STU-06027,80.1,73.1,55.4,3.6,55.7,medium
STU-06028,51.8,62.1,47.4,3.3,24.2,medium
STU-06029,95.7,100.0,71.2,10.0,83.9,low
STU-06030,51.3,13.0,50.1,5.0,21.0,high
STU-06031,94.8,100.0,85.2,10.0,81.2,low
STU-06032,47.9,100.0,40.0,6.4,74.7,high
STU-06033,69.0,86.4,43.6,2.4,87.1,medium
STU-06034,100.0,70.6,71.0,6.6,73.3,low
STU-06035,84.0,43.8,63.6,3.1,34.7,high
STU-06036,82.9,61.6,78.1,8.6,56.9,medium
STU-06037,39.9,58.6,65.1,7.0,70.2,high
STU-06038,50.2,75.2,92.9,7.0,84.6,medium
STU-06039,76.2,28.2,46.5,4.2,38.9,high
STU-06040,97.9,79.5,74.8,6.4,58.4,low
STU-06041,98.9,100.0,77.0,7.8,100.0,low
STU-06042,92.2,87.2,82.0,10.0,77.4,low
STU-06043,78.5,32.4,20.3,4.9,29.8,high
STU-06044,68.4,35.1,26.5,5.5,30.6,high
STU-06045,81.7,53.2,75.7,6.5,75.1,medium
STU-06046,71.5,65.4,65.4,10.0,82.5,low
STU-06047,90.9,80.5,66.2,8.9,78.1,low
STU-06048,62.1,48.1,8.3,4.0,27.5,high
STU-06049,53.3,53.5,56.9,4.5,43.7,medium
STU-06050,70.1,40.0,73.0,3.8,47.6,medium
STU-06051,72.2,63.3,59.7,6.8,43.5,medium
STU-06052,70.8,50.6,72.9,6.3,43.8,high
STU-06053,90.6,34.8,44.2,5.9,66.7,high
STU-06054,71.3,100.0,100.0,7.4,75.5,low
STU-06055,83.3,79.9,76.5,10.0,60.7,low
STU-06056,81.1,78.9,94.0,8.9,100.0,low
STU-06057,70.8,50.0,60.4,7.3,46.3,medium
STU-06058,64.6,59.5,45.6,7.5,53.6,medium
STU-06059,54.9,54.1,27.0,4.8,71.4,high
STU-06060,74.3,86.1,80.2,8.1,80.6,low
STU-06061,81.7,57.4,37.8,4.8,62.3,high
STU-06062,51.2,44.7,68.4,6.1,45.3,high
STU-06063,57.3,45.4,23.7,2.0,47.6,high
STU-06064,86.6,68.5,75.1,4.5,50.7,low
STU-06065,91.5,83.3,74.0,10.0,90.5,low
STU-06066,81.3,59.1,83.2,9.8,77.9,medium
STU-06067,100.0,83.8,100.0,10.0,100.0,low
STU-06068,100.0,96.9,83.9,8.8,73.3,low
STU-06069,71.6,13.7,50.2,4.4,61.8,high
STU-06070,84.5,46.6,83.9,5.0,65.1,medium
STU-06071,83.4,46.7,39.8,4.7,37.0,high
STU-06072,76.7,56.2,45.3,4.3,44.8,high
STU-06073,78.3,100.0,95.8,9.3,82.2,low
STU-06074,88.0,65.2,74.3,6.6,51.4,low
STU-06075,76.3,95.9,69.2,8.2,64.8,low
STU-06076,73.9,31.4,33.5,6.2,17.4,high
STU-06077,94.2,100.0,100.0,6.6,98.4,low
STU-06078,97.7,42.9,57.7,7.4,54.7,medium
STU-06079,100.0,100.0,100.0,10.0,100.0,low
STU-06080,75.6,56.1,43.6,6.7,37.5,medium
STU-06081,81.8,36.0,35.0,3.9,35.9,high
STU-06082,70.6,0.0,51.7,4.6,9.3,high
STU-06083,97.7,76.4,84.5,6.3,85.2,low
STU-06084,78.1,46.1,49.3,3.9,50.7,medium
STU-06085,83.2,75.5,97.6,8.0,68.6,low
STU-06086,62.9,18.3,28.6,3.2,32.5,high
STU-06087,91.5,80.2,94.8,8.8,84.7,low
STU-06088,95.5,75.2,100.0,8.2,82.0,low
STU-06089,74.5,92.3,100.0,10.0,92.0,low
STU-06090,92.7,93.7,87.6,8.8,60.0,low
STU-06091,87.5,43.8,67.5,5.3,63.3,medium
STU-06092,70.1,22.1,34.1,3.8,56.8,high
STU-06093,69.0,62.8,56.1,7.0,81.1,medium
STU-06094,78.8,87.4,50.9,7.3,76.7,low
STU-06095,81.5,88.5,74.0,7.2,96.1,low
STU-06096,74.1,100.0,88.1,5.8,69.5,low
STU-06097,84.6,83.6,94.1,10.0,100.0,low
STU-06098,85.7,35.7,82.3,7.3,56.6,medium
STU-06099,54.4,67.5,35.7,7.5,77.2,medium
STU-06100,87.8,68.1,77.8,7.7,59.1,low
STU-06101,76.9,73.2,96.0,10.0,64.2,low
STU-06102,88.2,48.0,20.6,5.2,24.9,medium
STU-06103,87.0,74.2,87.7,7.5,70.8,low
STU-06104,77.4,78.1,100.0,5.2,85.6,low
STU-06105,75.4,56.3,79.3,9.1,63.0,medium
STU-06106,68.1,45.1,62.5,4.9,81.9,high
STU-06107,77.8,73.2,80.0,10.0,67.8,low
STU-06108,99.7,100.0,100.0,10.0,100.0,low
STU-06109,68.2,100.0,100.0,5.0,85.2,low
STU-06110,86.3,82.0,70.4,8.8,81.6,low
STU-06111,100.0,55.4,100.0,8.0,67.2,low
STU-06112,75.6,60.2,69.0,6.4,71.9,low
STU-06113,63.9,64.8,90.8,6.9,58.6,low
STU-06114,80.5,35.7,82.7,7.2,63.9,high
STU-06115,60.6,57.8,61.1,7.5,70.5,high
STU-06116,76.7,100.0,86.7,7.9,88.8,low
STU-06117,97.4,48.6,78.3,9.2,48.3,low
STU-06118,68.0,28.5,57.7,3.9,40.8,high
STU-06119,73.8,61.4,65.3,8.2,37.0,low
STU-06120,73.5,73.1,70.1,7.5,39.6,low
STU-06121,91.3,94.4,85.0,6.9,75.9,low
STU-06122,86.0,85.6,63.9,8.8,62.3,low
STU-06123,100.0,63.0,100.0,9.8,85.2,low
STU-06124,96.2,71.7,51.3,7.9,57.0,low
STU-06125,64.9,67.6,67.4,5.3,50.2,medium
STU-06126,92.2,63.1,81.3,9.3,65.4,low
STU-06127,65.5,49.6,73.2,5.2,72.5,medium
STU-06128,44.4,60.2,58.2,5.7,79.1,high
STU-06129,95.5,100.0,96.7,10.0,75.2,low
STU-06130,69.4,53.5,79.2,6.9,67.7,medium
STU-06131,81.2,69.3,66.2,9.4,79.9,low
STU-06132,54.1,55.2,65.8,3.3,69.0,medium
STU-06133,82.1,77.8,99.4,7.5,75.4,low
STU-06134,77.6,45.1,12.0,2.1,32.2,high
STU-06135,55.9,57.8,70.5,5.9,81.4,medium
STU-06136,75.8,57.7,49.6,2.7,62.1,high
STU-06137,53.3,41.4,43.7,3.9,57.8,high
STU-06138,51.8,37.2,24.2,5.4,17.8,high
STU-06139,12.7,41.5,14.8,3.9,63.8,high
STU-06140,71.0,94.3,65.3,3.7,86.1,low
STU-06141,74.8,99.6,90.5,8.2,98.2,low
STU-06142,88.9,74.9,73.6,6.0,70.0,low
STU-06143,86.6,91.9,85.0,4.6,100.0,low
STU-06144,64.6,76.8,52.7,6.7,55.5,low
STU-06145,77.6,81.7,62.8,5.4,60.8,low
STU-06146,80.9,46.1,63.7,6.7,61.7,medium
STU-06147,42.6,56.9,58.4,3.5,47.2,high
STU-06148,49.3,56.8,45.4,6.5,56.3,high
STU-06149,62.5,46.6,24.6,4.7,56.2,high
STU-06150,100.0,93.5,100.0,10.0,99.3,low
STU-06151,38.4,53.9,82.9,5.0,53.5,high
STU-06152,71.8,46.5,58.5,6.9,73.8,medium
STU-06153,87.7,51.7,54.1,6.9,54.9,medium
STU-06154,68.5,37.6,39.6,3.1,70.6,high
STU-06155,51.9,82.8,75.4,7.0,81.6,medium
STU-06156,78.7,100.0,70.7,7.8,94.7,low
STU-06157,88.0,26.6,74.4,4.9,33.4,medium
STU-06158,75.3,75.2,35.3,4.0,63.4,medium
STU-06159,74.1,21.9,52.6,7.9,53.5,high
STU-06160,92.0,96.6,100.0,8.4,94.6,low
STU-06161,60.2,28.7,67.3,4.0,71.0,high
STU-06162,70.8,48.3,66.0,4.7,52.5,medium
STU-06163,40.5,59.9,47.6,4.2,65.7,high
STU-06164,87.8,67.9,80.1,5.7,78.0,low
STU-06165,65.1,93.4,75.9,8.1,93.6,low
STU-06166,80.6,76.8,76.1,10.0,60.4,low
STU-06167,57.7,74.8,51.6,2.3,57.1,medium
STU-06168,61.4,27.8,50.4,3.1,24.5,high
STU-06169,60.4,71.9,52.1,3.9,46.3,medium
STU-06170,96.6,81.5,96.2,4.8,90.6,low
STU-06171,100.0,96.9,100.0,10.0,86.7,low
STU-06172,49.3,0.0,49.6,5.5,39.0,high
STU-06173,48.2,28.3,21.6,1.4,73.8,high
STU-06174,52.0,27.1,36.1,3.9,23.0,high
STU-06175,62.6,94.0,59.5,4.9,97.6,low
STU-06176,41.0,51.3,43.3,4.9,75.2,high
STU-06177,76.1,51.5,62.7,10.0,59.5,medium
STU-06178,69.9,57.2,51.8,2.5,55.6,medium
STU-06179,65.8,10.2,42.5,5.5,34.7,high
STU-06180,54.3,16.8,68.9,5.2,48.5,high
STU-06181,60.1,50.0,31.3,4.8,60.8,medium
STU-06182,52.8,79.4,98.9,7.3,56.1,low
STU-06183,47.5,28.1,20.2,3.6,35.2,high
STU-06184,100.0,61.0,91.1,7.4,81.2,low
STU-06185,52.3,82.9,62.2,6.2,59.5,low
STU-06186,41.5,47.7,47.6,4.2,28.3,high
STU-06187,57.7,79.8,47.2,4.1,60.0,medium
STU-06188,93.7,73.1,61.3,8.7,65.9,medium
STU-06189,100.0,83.3,100.0,10.0,85.8,low
STU-06190,36.9,21.5,0.0,2.8,64.7,high
STU-06191,59.5,46.8,52.0,7.5,89.4,high
STU-06192,49.8,50.4,60.1,2.6,72.8,high
STU-06193,81.7,38.8,39.6,3.1,33.4,high
STU-06194,65.5,85.6,50.3,7.2,63.0,medium
STU-06195,66.1,55.9,75.0,3.4,41.3,medium
STU-06196,81.7,64.3,96.2,6.0,62.5,low
STU-06197,68.5,98.5,87.0,10.0,89.2,low
STU-06198,75.1,56.2,77.6,6.0,78.5,low
STU-06199,66.4,58.6,64.6,4.4,56.2,medium
STU-06200,48.2,79.7,66.9,3.5,60.9,high
STU-06201,40.3,79.3,54.1,3.6,82.8,high
STU-06202,49.1,74.5,50.0,5.9,44.7,high
STU-06203,100.0,93.0,69.1,6.5,85.4,low
STU-06204,39.4,49.1,48.5,3.9,59.7,high
STU-06205,71.4,58.1,55.9,3.5,83.8,medium
STU-06206,52.8,23.9,38.3,2.9,40.2,high
STU-06207,100.0,100.0,100.0,8.6,86.4,low
STU-06208,66.0,44.3,37.6,4.8,34.1,high
STU-06209,73.2,74.2,70.7,3.6,81.1,low
STU-06210,53.2,41.6,25.4,3.7,19.6,high
STU-06211,72.9,36.1,52.4,6.7,49.7,high
STU-06212,84.7,80.0,70.1,8.0,78.1,low
STU-06213,61.2,52.4,53.2,6.1,66.0,medium
STU-06214,82.7,81.5,54.0,8.5,75.0,low
STU-06215,100.0,81.0,73.6,7.2,65.0,low
STU-06216,78.0,63.9,81.6,7.4,44.0,medium
STU-06217,83.4,73.6,63.3,6.0,69.5,low
STU-06218,64.1,41.9,75.8,4.5,50.8,medium
STU-06219,83.0,68.6,61.3,5.9,82.7,medium
STU-06220,100.0,42.4,73.3,10.0,63.4,high
STU-06221,77.1,100.0,97.5,8.3,96.2,low
STU-06222,62.5,66.9,61.2,7.8,62.7,low
STU-06223,60.1,79.3,61.8,5.9,70.5,low
STU-06224,67.8,95.7,94.8,4.8,96.5,low
STU-06225,79.5,60.4,66.5,6.2,70.8,medium
STU-06226,82.3,55.2,68.4,4.8,71.5,medium
STU-06227,56.5,32.8,42.5,7.0,62.5,high
STU-06228,100.0,65.7,74.9,8.5,55.3,low
STU-06229,69.0,49.0,74.1,4.7,53.5,medium
STU-06230,69.3,35.7,77.3,7.9,82.2,high
STU-06231,56.4,35.4,59.1,4.1,62.9,high
STU-06232,72.6,71.0,67.2,5.3,67.9,medium
STU-06233,68.0,63.8,15.2,4.4,61.4,high
STU-06234,100.0,86.8,96.4,8.6,79.6,low
STU-06235,61.9,55.8,52.0,5.0,66.9,medium
STU-06236,59.9,81.8,55.7,5.3,52.4,low
STU-06237,30.4,26.1,61.9,4.0,58.5,high
STU-06238,48.1,52.3,40.6,3.6,28.7,high
STU-06239,52.5,41.7,44.2,4.7,45.6,high
STU-06240,66.5,78.2,57.0,10.0,29.0,medium
STU-06241,65.8,100.0,67.1,6.3,79.9,low
STU-06242,74.9,55.3,60.1,6.5,55.2,medium
STU-06243,74.4,52.9,51.6,4.3,46.2,medium
STU-06244,44.6,49.3,57.3,4.3,29.7,high
STU-06245,83.6,80.9,63.5,7.3,78.5,low
STU-06246,74.3,80.9,89.2,6.0,84.6,low
STU-06247,85.2,54.9,46.9,5.1,40.9,medium
STU-06248,100.0,71.1,68.2,6.2,66.1,low
STU-06249,100.0,100.0,92.8,7.1,100.0,low
STU-06250,100.0,72.3,91.7,6.1,78.9,low
STU-06251,56.6,70.7,60.1,6.8,62.8,low
STU-06252,67.2,75.8,94.9,6.7,76.8,low
STU-06253,100.0,72.1,85.8,10.0,93.3,low
STU-06254,60.9,52.9,65.7,5.5,47.8,medium
STU-06255,86.8,67.6,63.8,6.7,56.0,medium
STU-06256,100.0,83.7,100.0,9.0,78.1,low
STU-06257,77.6,33.2,66.6,5.5,57.9,high
STU-06258,59.5,47.7,66.1,8.9,53.1,high
STU-06259,40.3,30.8,22.9,3.5,39.8,high
STU-06260,83.6,44.8,68.2,9.2,50.2,medium
STU-06261,87.9,72.7,49.7,6.5,59.2,low
STU-06262,66.3,38.5,66.3,4.5,80.7,medium
STU-06263,99.9,65.2,61.5,7.0,71.2,low
STU-06264,75.1,66.8,64.7,7.8,35.6,low
STU-06265,67.7,55.8,69.5,8.3,72.9,medium
STU-06266,82.6,47.2,60.4,4.2,50.3,high
STU-06267,89.1,70.5,74.1,5.9,76.2,low
STU-06268,88.2,87.7,75.8,8.6,81.3,low
STU-06269,62.4,66.0,54.6,3.4,49.5,low
STU-06270,100.0,82.9,79.0,10.0,83.2,low
STU-06271,56.5,52.5,44.2,4.2,62.0,high
STU-06272,60.9,8.9,45.6,5.9,49.8,high
STU-06273,41.0,65.3,18.8,6.2,66.3,high
STU-06274,100.0,100.0,100.0,6.7,100.0,low
STU-06275,57.7,49.8,62.8,5.8,51.0,medium
STU-06276,69.5,66.1,70.8,6.6,63.4,low
STU-06277,93.5,74.0,73.3,7.7,90.5,low
STU-06278,90.5,90.3,72.6,5.5,84.7,low
STU-06279,79.4,100.0,61.5,7.2,83.0,low
STU-06280,80.5,46.0,67.4,2.6,58.5,medium
STU-06281,55.1,82.5,31.2,6.2,51.8,medium
STU-06282,66.6,100.0,67.6,4.7,89.7,low
STU-06283,83.8,83.2,77.2,10.0,83.1,low
STU-06284,63.2,51.2,72.9,4.0,24.6,medium
STU-06285,86.6,77.0,57.3,5.2,76.9,medium
STU-06286,79.9,61.2,70.3,7.6,39.2,low
STU-06287,82.6,80.7,42.1,6.2,74.9,medium
STU-06288,58.0,24.3,47.1,5.2,58.1,high
STU-06289,58.3,39.6,79.8,5.6,46.6,medium
STU-06290,77.8,52.2,57.0,4.7,23.6,medium
STU-06291,89.6,49.1,52.6,7.6,35.4,high
STU-06292,52.4,86.8,58.9,5.2,83.9,medium
STU-06293,55.0,75.0,43.3,3.1,71.6,high
STU-06294,66.3,39.9,54.7,3.5,35.2,medium
STU-06295,91.0,71.6,72.0,5.3,67.5,medium
STU-06296,68.4,29.0,15.6,4.0,31.1,high
STU-06297,58.0,39.2,44.3,4.8,43.8,high
STU-06298,61.4,54.1,34.1,3.3,70.6,medium
STU-06299,75.8,67.9,45.7,9.1,56.1,medium
STU-06300,92.8,47.4,70.0,9.6,68.6,low
STU-06301,95.2,71.3,88.7,9.3,67.3,low
STU-06302,55.5,40.0,60.7,6.8,31.6,medium
STU-06303,48.2,77.1,52.9,3.4,34.1,high
STU-06304,73.2,21.0,44.5,5.2,53.4,high
STU-06305,92.6,66.5,60.6,7.9,89.6,low
STU-06306,82.7,82.5,65.4,7.0,100.0,low
STU-06307,74.3,26.9,54.4,6.1,38.9,high
STU-06308,100.0,68.6,90.9,8.3,58.2,low
STU-06309,62.5,74.0,73.3,6.4,88.3,low
STU-06310,57.7,41.0,57.8,7.0,42.7,high
STU-06311,69.9,61.4,68.1,7.8,75.4,medium
STU-06312,100.0,88.5,97.8,8.3,88.4,low
STU-06313,89.9,80.8,100.0,10.0,74.8,low
STU-06314,40.7,63.3,55.1,4.8,93.9,high
STU-06315,71.7,100.0,95.2,7.5,100.0,low
STU-06316,100.0,100.0,100.0,10.0,100.0,low
STU-06317,39.8,52.2,41.9,3.2,53.3,high
STU-06318,67.3,14.9,30.7,6.9,53.5,high
STU-06319,54.7,46.1,23.5,2.4,59.2,high
STU-06320,65.6,52.9,66.3,4.5,81.5,medium
STU-06321,47.8,44.2,59.5,4.0,35.2,high
STU-06322,70.2,59.9,75.2,6.2,37.4,medium
STU-06323,76.0,83.7,65.3,8.4,65.2,low
STU-06324,41.0,30.9,29.5,4.3,55.5,high
STU-06325,63.6,61.6,56.5,3.5,47.4,medium
STU-06326,100.0,100.0,97.4,10.0,100.0,low
STU-06327,90.9,53.2,89.8,4.6,68.1,low
STU-06328,55.9,56.2,54.8,2.5,70.1,medium
STU-06329,72.9,94.7,91.3,7.6,82.1,low
STU-06330,98.7,77.0,89.7,7.1,46.0,low
STU-06331,86.3,100.0,62.2,8.1,81.7,low
STU-06332,55.5,66.1,70.5,3.5,53.0,medium
STU-06333,80.4,43.1,83.7,9.1,53.3,medium
STU-06334,100.0,59.5,75.8,9.2,50.3,low
STU-06335,35.1,18.5,23.7,2.3,21.8,high
STU-06336,69.3,42.4,36.1,4.3,16.0,high
STU-06337,100.0,83.7,93.3,8.3,67.2,low
STU-06338,62.8,3.4,65.7,7.3,53.5,high
STU-06339,50.0,81.1,77.3,2.6,71.7,medium
STU-06340,74.0,65.0,63.5,3.5,54.7,medium
STU-06341,56.1,45.3,46.3,3.6,49.7,high
STU-06342,59.5,32.7,9.6,1.9,58.1,high
STU-06343,46.8,72.4,15.6,1.3,71.3,high
STU-06344,100.0,46.1,81.0,7.6,63.7,low
STU-06345,49.1,55.2,30.6,2.1,49.9,high
STU-06346,99.5,66.8,59.6,8.3,62.9,low
STU-06347,89.0,79.2,63.8,5.7,70.6,low
STU-06348,74.6,71.9,70.1,10.0,73.8,medium
STU-06349,97.3,88.4,83.1,8.8,46.9,low
STU-06350,58.6,69.8,50.5,5.8,40.4,medium
STU-06351,81.1,69.1,88.7,5.6,56.4,low
STU-06352,47.9,35.5,35.8,3.9,37.0,high
STU-06353,64.4,77.4,81.7,7.4,93.0,low
STU-06354,61.7,43.1,58.0,4.9,36.9,high
STU-06355,66.3,77.5,82.6,5.5,94.4,low
STU-06356,57.7,48.3,58.0,4.6,91.7,medium
STU-06357,97.2,100.0,91.9,8.8,74.6,low
STU-06358,80.0,55.9,83.5,6.3,58.7,low
STU-06359,62.0,93.9,65.0,6.1,72.3,low
STU-06360,44.2,14.1,24.5,0.0,46.3,high
STU-06361,71.3,62.9,81.7,6.4,78.9,low
STU-06362,57.9,71.9,61.9,4.8,96.0,medium
STU-06363,96.4,38.0,60.4,2.0,52.2,medium
STU-06364,88.0,79.5,67.3,7.2,69.6,low
STU-06365,100.0,63.5,79.5,6.7,89.0,low
STU-06366,93.2,69.4,71.4,8.1,62.1,low
STU-06367,90.8,100.0,100.0,9.4,93.2,low
STU-06368,80.8,61.0,75.7,6.8,62.9,medium
STU-06369,74.1,53.6,92.9,3.3,84.6,low
STU-06370,89.3,92.1,100.0,9.2,100.0,low
STU-06371,100.0,61.1,79.2,4.7,73.2,low
STU-06372,58.2,86.1,73.2,4.1,86.2,medium
STU-06373,60.2,64.2,62.7,5.9,71.6,medium
STU-06374,55.0,74.2,76.2,6.6,64.4,medium
STU-06375,65.7,65.2,46.8,7.0,69.7,low
STU-06376,46.9,48.5,62.6,5.1,57.5,high
STU-06377,80.4,43.7,7.3,6.4,29.5,high
STU-06378,38.9,72.6,50.8,3.6,50.6,high
STU-06379,49.2,63.6,47.2,0.5,67.8,high
STU-06380,32.7,41.9,55.0,7.1,33.5,high
STU-06381,60.6,40.6,70.4,6.2,72.5,medium
STU-06382,49.2,47.5,37.1,6.1,25.6,high
STU-06383,65.0,87.5,66.2,4.6,50.4,medium
STU-06384,69.1,39.1,72.3,7.9,47.3,high
STU-06385,94.8,86.3,95.7,8.1,87.1,low
STU-06386,98.6,100.0,90.6,8.3,91.9,low
STU-06387,63.9,75.2,62.3,5.9,90.8,low
STU-06388,45.5,12.2,72.4,3.6,40.8,high
STU-06389,79.9,41.2,70.4,7.4,67.2,medium
STU-06390,83.2,69.2,87.2,7.6,95.3,low
STU-06391,87.6,59.3,91.7,8.0,55.1,low
STU-06392,86.5,47.9,87.1,6.0,49.2,medium
STU-06393,80.9,84.5,100.0,8.6,53.0,low
STU-06394,77.9,56.1,46.9,5.1,78.8,medium
STU-06395,100.0,100.0,100.0,10.0,97.2,low
STU-06396,84.8,46.7,65.8,5.6,59.0,medium
STU-06397,86.9,100.0,100.0,8.5,83.2,low
STU-06398,79.9,60.0,99.8,8.0,38.0,low
STU-06399,23.0,41.8,16.2,2.7,47.1,high
STU-06400,60.5,60.0,71.3,4.3,77.7,medium
STU-06401,63.9,72.1,50.1,3.3,67.6,medium
STU-06402,32.8,42.6,26.2,2.0,61.9,high
STU-06403,89.4,68.7,68.2,6.9,79.5,low
STU-06404,98.1,45.9,100.0,7.7,72.8,low
STU-06405,61.8,48.3,63.1,6.7,35.2,medium
STU-06406,100.0,76.2,92.7,10.0,73.1,low
STU-06407,89.3,51.8,83.7,8.4,76.7,low
STU-06408,75.5,100.0,71.0,6.4,44.8,low
STU-06409,48.4,16.1,57.4,4.1,40.1,high
STU-06410,71.3,36.6,45.6,3.6,38.7,high
STU-06411,83.1,100.0,73.2,9.8,99.7,low
STU-06412,97.0,62.8,62.7,5.9,64.8,low
STU-06413,58.2,44.7,40.0,5.3,36.8,high
STU-06414,82.0,67.3,71.2,5.7,83.4,medium
STU-06415,37.1,49.3,35.4,5.5,46.4,high
STU-06416,50.4,29.2,42.7,2.2,47.7,high
STU-06417,90.2,100.0,98.9,8.0,92.6,low
STU-06418,56.8,27.4,21.2,5.8,66.2,high
STU-06419,83.5,94.5,92.6,10.0,100.0,low
STU-06420,71.5,75.3,48.6,8.1,42.4,medium
STU-06421,49.5,81.9,33.6,4.3,83.0,high
STU-06422,68.4,57.2,58.2,4.9,94.3,medium
STU-06423,97.4,16.9,53.5,7.9,26.3,high
STU-06424,75.5,71.8,91.8,4.4,45.6,low
STU-06425,42.2,54.1,56.8,5.4,43.4,high
STU-06426,100.0,87.1,91.6,8.6,78.5,low
STU-06427,69.2,58.1,84.5,4.5,79.9,medium
STU-06428,30.1,21.0,10.9,1.3,31.4,high
STU-06429,91.1,97.8,84.4,9.2,79.0,low
STU-06430,60.0,47.3,60.2,4.0,63.9,high
STU-06431,70.2,66.7,45.5,4.9,50.2,high
STU-06432,57.3,59.1,65.1,1.8,76.1,medium
STU-06433,93.4,74.4,78.0,7.2,64.2,low
STU-06434,100.0,97.1,94.9,8.3,100.0,low
STU-06435,10.4,43.8,54.6,1.1,86.3,high
STU-06436,93.5,82.4,80.1,5.9,73.0,low
STU-06437,72.4,60.9,74.1,4.7,73.5,medium
STU-06438,100.0,87.3,80.9,9.1,88.4,low
STU-06439,98.1,75.5,84.1,5.9,93.0,low
STU-06440,58.6,100.0,88.1,7.0,100.0,low
STU-06441,74.2,78.1,61.0,4.7,46.1,low
STU-06442,76.4,49.3,50.0,7.7,70.7,medium
STU-06443,69.5,72.7,86.9,10.0,79.4,low
STU-06444,49.4,60.6,46.6,7.2,65.1,high
STU-06445,100.0,53.8,89.2,9.6,71.9,low
STU-06446,57.2,100.0,70.8,4.4,86.3,low
STU-06447,66.8,80.3,43.7,9.3,62.9,low
STU-06448,71.8,40.9,49.0,5.3,39.8,high
STU-06449,89.0,46.9,81.1,5.9,58.7,medium
STU-06450,83.6,93.4,70.9,10.0,85.5,low
STU-06451,69.5,80.6,74.1,6.3,75.6,low
STU-06452,95.0,67.4,81.0,9.6,78.5,low
STU-06453,48.2,49.3,35.0,3.8,44.3,high
STU-06454,33.2,36.3,43.7,3.3,40.7,high
STU-06455,59.5,53.2,44.5,5.7,73.0,medium
STU-06456,53.8,74.6,66.5,7.4,62.6,medium
STU-06457,75.8,94.2,44.8,7.8,56.4,low
STU-06458,20.2,53.3,47.6,3.8,72.5,high
STU-06459,89.7,71.4,84.8,8.0,50.7,low
STU-06460,84.5,87.1,83.9,7.1,83.0,low
STU-06461,74.7,66.2,98.9,6.4,90.4,low
STU-06462,68.3,68.7,92.3,6.4,74.1,low
STU-06463,46.2,16.2,47.1,3.2,60.3,high
STU-06464,88.0,86.3,90.6,9.2,61.5,low
STU-06465,90.2,99.9,75.7,8.6,70.2,low
STU-06466,69.6,65.8,75.1,7.1,50.4,low
STU-06467,87.5,82.5,85.2,7.6,64.8,low
STU-06468,83.6,69.4,99.5,5.5,78.0,low
STU-06469,61.5,91.9,74.6,3.8,100.0,low
STU-06470,67.2,100.0,66.6,7.6,87.3,low
STU-06471,63.1,72.2,63.5,5.1,72.5,medium
STU-06472,100.0,79.6,75.9,9.9,71.6,low
STU-06473,96.2,60.5,94.4,8.0,71.9,low
STU-06474,57.7,46.7,49.4,4.5,37.4,high
STU-06475,82.3,30.2,36.5,2.4,36.9,high
STU-06476,73.4,55.8,45.8,4.5,48.7,medium
STU-06477,75.2,84.3,80.7,8.2,89.8,low
STU-06478,26.3,0.0,3.8,1.5,19.7,high
STU-06479,38.2,32.4,15.4,2.9,32.5,high
STU-06480,54.1,53.7,57.0,7.8,38.4,high
STU-06481,29.2,32.5,33.6,3.3,61.6,high
STU-06482,76.6,37.7,41.1,8.3,73.6,high
STU-06483,93.2,52.4,61.0,9.7,46.9,low
STU-06484,80.6,89.5,100.0,9.3,100.0,low
STU-06485,67.2,82.5,90.0,9.1,78.9,low
STU-06486,70.8,60.5,77.4,10.0,56.6,low
STU-06487,81.9,72.3,75.5,5.4,52.2,low
STU-06488,55.9,27.1,57.8,3.2,64.8,high
STU-06489,81.5,84.8,65.5,7.8,74.0,low
STU-06490,89.0,46.6,25.7,6.4,71.9,high
STU-06491,82.9,100.0,61.6,3.4,84.5,low
STU-06492,97.7,68.1,56.9,4.7,69.9,medium
STU-06493,64.3,39.9,51.1,5.4,22.8,high
STU-06494,78.6,98.1,83.5,7.2,75.7,low
STU-06495,55.6,71.2,83.5,6.6,72.8,medium
STU-06496,59.3,27.1,46.1,8.0,30.0,high
STU-06497,71.1,52.8,43.2,3.2,62.1,medium
STU-06498,72.7,86.6,59.8,8.7,67.0,low
STU-06499,84.9,66.0,82.4,9.7,52.6,low
STU-06500,61.7,91.7,77.8,3.8,100.0,low
STU-06501,82.4,84.6,82.6,6.9,100.0,low
STU-06502,100.0,84.2,99.1,7.8,79.5,low
STU-06503,64.5,98.6,73.3,5.6,100.0,low
STU-06504,96.0,100.0,66.9,8.1,60.7,low
STU-06505,66.1,74.9,61.8,5.9,66.5,low
STU-06506,44.0,72.0,43.4,4.3,64.1,high
STU-06507,46.0,41.5,45.7,5.2,51.0,high
STU-06508,63.5,57.8,66.7,6.0,79.2,medium
STU-06509,81.6,51.4,65.5,7.2,60.9,medium
STU-06510,65.3,97.4,60.4,9.7,70.4,low
STU-06511,100.0,63.6,76.1,3.7,46.9,medium
STU-06512,51.4,54.3,31.1,3.9,58.0,high
STU-06513,76.8,71.2,86.8,6.5,55.1,low
STU-06514,100.0,62.3,83.8,8.9,88.2,low
STU-06515,52.9,15.3,21.8,1.7,25.9,high
STU-06516,52.7,19.1,51.3,6.0,26.0,high
STU-06517,51.5,51.5,31.5,2.6,21.6,high
STU-06518,47.8,36.1,39.9,8.5,45.6,high
STU-06519,68.8,60.0,73.9,3.5,64.8,medium
STU-06520,95.8,84.1,59.2,8.4,77.4,low
STU-06521,83.8,75.4,66.1,7.5,70.0,low
STU-06522,83.9,64.0,63.3,4.8,80.7,medium
STU-06523,74.8,41.7,67.4,7.1,46.3,medium
STU-06524,68.6,70.4,64.1,5.8,75.8,medium
STU-06525,89.6,82.0,73.1,9.4,62.6,low
STU-06526,96.4,94.5,100.0,10.0,96.0,low
STU-06527,77.6,94.0,100.0,7.8,98.9,low
STU-06528,44.1,62.4,68.6,3.9,77.7,high
STU-06529,77.1,100.0,69.1,8.9,89.2,low
STU-06530,62.3,12.9,36.5,6.1,45.6,high
STU-06531,77.2,51.2,62.5,2.7,75.6,medium
STU-06532,76.3,41.7,56.7,7.6,82.4,medium
STU-06533,31.7,65.3,38.5,4.2,64.2,high
STU-06534,100.0,90.8,89.3,8.4,100.0,low
STU-06535,22.3,47.5,30.0,6.4,49.4,high
STU-06536,77.9,79.8,95.5,4.7,87.1,low
STU-06537,90.7,48.7,64.6,4.7,67.0,medium
STU-06538,47.2,23.9,31.9,4.6,40.9,high
STU-06539,80.9,62.3,68.8,5.3,43.3,medium
STU-06540,83.6,92.5,94.7,7.3,80.4,low
STU-06541,72.8,0.0,48.7,3.6,33.0,high
STU-06542,43.8,62.1,77.4,5.1,44.5,high
STU-06543,78.1,100.0,89.7,9.7,100.0,low
STU-06544,73.5,74.1,72.6,6.5,66.7,low
STU-06545,49.6,59.4,65.1,3.1,63.7,high
STU-06546,58.4,77.3,85.8,5.4,49.0,low
STU-06547,80.1,56.5,56.5,6.0,57.1,low
STU-06548,81.3,75.7,84.5,4.6,77.0,low
STU-06549,74.0,27.4,45.5,3.5,7.5,high
STU-06550,69.7,48.9,35.7,4.4,58.0,high
STU-06551,82.8,68.6,75.9,8.4,98.0,low
STU-06552,86.5,57.2,60.2,6.9,50.3,medium
STU-06553,99.4,85.8,73.9,10.0,45.9,low
STU-06554,91.6,59.3,63.4,5.6,48.3,low
STU-06555,45.6,50.0,47.1,5.7,39.6,high
STU-06556,58.3,60.7,49.6,1.9,60.0,high
STU-06557,92.9,86.4,100.0,10.0,80.6,low
STU-06558,88.9,81.7,64.4,7.7,92.0,low
STU-06559,38.7,35.9,82.0,8.1,53.0,high
STU-06560,82.0,72.7,92.2,8.1,81.3,low
STU-06561,76.9,85.5,100.0,6.8,69.4,low
STU-06562,46.1,7.1,30.5,1.2,29.9,high
STU-06563,67.3,78.5,79.8,4.3,63.9,medium
STU-06564,97.2,57.5,48.5,6.2,57.1,low
STU-06565,61.2,96.7,63.9,3.4,73.4,low
STU-06566,82.8,82.4,65.8,7.0,74.5,low
STU-06567,90.5,88.5,83.3,8.5,80.1,low
STU-06568,54.6,38.1,36.7,4.3,71.4,high
STU-06569,76.3,63.4,62.7,7.4,65.6,low
STU-06570,96.5,79.3,50.1,8.6,58.5,low
STU-06571,61.8,55.7,59.6,7.1,53.5,medium
STU-06572,47.8,84.0,74.9,8.8,65.5,high
STU-06573,74.4,82.7,85.3,4.0,67.9,low
STU-06574,57.1,52.6,45.9,4.6,48.5,medium
STU-06575,67.8,30.5,36.2,3.7,49.1,high
STU-06576,68.7,59.2,59.0,6.7,70.1,medium
STU-06577,62.9,60.6,83.1,5.2,76.9,medium
STU-06578,100.0,29.0,54.7,7.7,36.4,high
STU-06579,55.0,41.7,51.6,1.9,70.9,high
STU-06580,64.5,69.2,63.8,5.3,74.9,medium
STU-06581,52.6,8.6,30.4,2.4,21.9,high
STU-06582,86.1,57.4,81.6,7.5,55.2,low
STU-06583,80.1,60.1,46.0,4.8,74.9,medium
STU-06584,45.2,65.3,54.8,6.8,64.4,high
STU-06585,66.2,34.2,58.3,7.2,71.3,medium
STU-06586,74.7,46.4,72.2,9.2,60.7,medium
STU-06587,48.6,50.2,42.7,7.6,68.0,high
STU-06588,58.8,48.4,63.3,6.2,45.8,medium
STU-06589,60.5,49.4,72.3,8.2,72.6,medium
STU-06590,80.8,48.9,65.6,4.8,50.6,low
STU-06591,84.8,89.2,82.1,7.4,85.7,low
STU-06592,69.5,100.0,39.9,8.4,82.9,low
STU-06593,74.3,89.7,82.5,4.2,88.8,low
STU-06594,78.4,79.2,90.6,9.4,100.0,low
STU-06595,100.0,67.0,74.0,7.3,52.4,low
STU-06596,75.8,64.1,60.0,7.3,52.2,low
STU-06597,83.5,60.5,73.5,9.3,95.8,low
STU-06598,59.3,74.9,67.8,5.4,65.5,medium
STU-06599,39.4,66.1,33.8,3.0,53.3,high
STU-06600,91.7,72.3,92.9,7.2,71.5,low
STU-06601,88.4,100.0,92.9,7.1,72.8,low
STU-06602,71.1,59.5,83.9,4.8,68.7,low
STU-06603,81.7,72.0,56.8,8.9,70.4,low
STU-06604,100.0,77.8,77.0,7.4,59.1,low
STU-06605,87.4,100.0,100.0,6.8,83.9,low
STU-06606,66.3,44.9,40.2,6.5,22.0,high
STU-06607,72.7,68.7,63.6,5.3,67.6,medium
STU-06608,67.0,75.7,80.5,5.2,52.9,low
STU-06609,77.3,83.1,71.4,7.1,80.2,low
STU-06610,59.7,54.4,54.0,5.6,52.8,medium
STU-06611,22.8,27.6,30.5,3.2,28.4,high
STU-06612,57.0,23.4,33.9,1.6,57.1,high
STU-06613,85.3,39.8,64.4,6.8,56.1,medium
STU-06614,78.9,90.4,80.5,7.0,53.1,low
STU-06615,58.8,85.9,91.5,9.3,100.0,low
STU-06616,93.8,77.1,79.0,10.0,100.0,low
STU-06617,100.0,71.4,68.9,7.1,89.6,low
STU-06618,97.7,67.7,78.9,8.3,41.3,low
STU-06619,68.6,67.7,59.7,6.6,86.7,medium
STU-06620,58.3,48.4,28.2,2.3,36.3,high
STU-06621,86.9,75.6,63.0,9.2,79.1,low
STU-06622,100.0,64.1,78.5,9.8,51.2,low
STU-06623,100.0,100.0,94.1,10.0,91.1,low
STU-06624,82.2,69.1,85.1,8.0,68.6,low
STU-06625,49.2,29.4,36.9,1.7,35.9,high
STU-06626,72.1,80.5,100.0,6.3,48.4,medium
STU-06627,69.7,70.3,74.5,9.5,71.0,medium
STU-06628,89.6,61.9,79.7,7.0,69.0,low
STU-06629,97.9,78.8,71.3,9.6,83.0,low
STU-06630,93.5,59.2,56.6,6.6,65.7,low
STU-06631,76.1,58.3,55.8,4.1,63.7,medium
STU-06632,53.9,42.4,36.2,5.6,49.4,high
STU-06633,75.7,75.8,53.2,7.8,21.6,medium
STU-06634,46.3,41.8,41.2,2.7,34.6,high
STU-06635,97.5,80.5,75.1,8.7,75.4,low
STU-06636,25.8,30.8,45.6,2.8,45.6,high
STU-06637,79.2,66.1,81.8,7.3,55.8,medium
STU-06638,100.0,67.2,61.9,6.2,37.5,medium
STU-06639,54.6,63.0,90.1,9.0,57.9,medium
STU-06640,63.5,60.8,65.8,3.4,57.3,medium
STU-06641,48.4,67.2,40.8,0.7,54.1,high
STU-06642,68.9,72.8,32.0,4.9,19.0,high
STU-06643,49.9,34.9,29.2,1.8,50.9,high
STU-06644,89.6,41.1,90.6,6.2,52.7,medium
STU-06645,50.9,56.8,64.3,3.4,56.9,high
STU-06646,61.8,62.2,93.8,7.1,62.0,low
STU-06647,60.1,47.2,61.3,2.9,56.7,high
STU-06648,87.7,63.7,92.2,7.5,92.1,low
STU-06649,22.0,36.8,23.9,0.2,20.1,high
STU-06650,88.6,31.6,84.8,8.1,32.7,medium
STU-06651,67.0,85.3,64.8,7.5,81.8,low
STU-06652,8.0,3.7,21.5,0.0,51.1,high
STU-06653,66.2,56.1,54.9,4.9,32.2,medium
STU-06654,63.0,36.8,49.7,0.5,65.0,medium
STU-06655,60.3,72.5,59.6,5.4,56.2,medium
STU-06656,73.1,89.2,50.6,7.4,82.0,low
STU-06657,61.4,27.6,31.6,5.1,63.9,high
STU-06658,61.6,72.7,57.4,3.6,76.1,medium
STU-06659,43.8,78.7,54.9,5.4,63.4,medium
STU-06660,81.1,48.6,65.2,4.8,49.8,medium
STU-06661,85.7,97.8,91.8,10.0,100.0,low
STU-06662,88.6,100.0,100.0,8.9,83.8,low
STU-06663,45.4,0.0,21.1,2.6,13.6,high
STU-06664,39.0,55.3,67.1,6.2,42.1,high
STU-06665,69.1,38.5,38.3,6.0,62.7,high
STU-06666,73.5,100.0,74.1,4.7,43.4,low
STU-06667,67.9,63.2,45.6,7.2,62.9,medium
STU-06668,71.3,100.0,81.6,10.0,79.8,low
STU-06669,78.5,60.9,83.3,6.3,69.0,low
STU-06670,55.2,44.8,51.0,4.1,45.1,high
STU-06671,100.0,83.1,71.1,8.2,56.7,low
STU-06672,73.7,56.6,61.1,7.1,77.1,medium
STU-06673,84.0,46.7,56.5,9.5,56.0,medium
STU-06674,53.9,51.3,29.3,7.1,34.0,high
STU-06675,93.2,100.0,100.0,8.6,100.0,low
STU-06676,90.3,51.4,64.8,7.0,45.1,low
STU-06677,84.2,54.5,48.2,7.9,70.4,medium
STU-06678,48.5,33.9,47.7,3.5,62.7,high
STU-06679,67.3,40.8,61.6,5.9,66.4,low
STU-06680,86.8,76.4,95.1,7.2,99.2,low
STU-06681,85.7,76.2,64.7,7.9,80.7,low
STU-06682,66.0,41.4,31.4,4.0,36.7,high
STU-06683,50.4,81.0,57.8,7.5,39.7,medium
STU-06684,83.0,56.5,72.4,6.5,57.7,low
STU-06685,86.3,48.0,66.6,5.4,57.0,low
STU-06686,42.4,24.8,8.9,6.2,50.3,high
STU-06687,85.0,96.6,86.6,6.7,94.4,low
STU-06688,74.5,62.9,54.8,10.0,51.1,medium
STU-06689,91.4,100.0,80.9,6.3,85.2,low
STU-06690,84.5,100.0,97.3,9.5,94.8,low
STU-06691,61.0,60.2,50.2,3.7,52.9,high
STU-06692,59.2,80.9,67.8,8.7,69.9,low
STU-06693,100.0,39.5,83.4,6.9,33.3,medium
STU-06694,71.4,44.8,62.2,4.5,66.2,medium
STU-06695,100.0,90.3,77.9,7.2,46.4,low
STU-06696,65.3,40.7,43.3,6.8,36.5,high
STU-06697,49.7,51.4,31.2,4.5,74.8,high
STU-06698,38.5,6.6,38.0,3.3,47.1,high
STU-06699,73.8,83.0,65.7,6.2,64.3,medium
STU-06700,88.1,100.0,70.0,9.0,80.7,low
STU-06701,66.6,31.2,38.9,6.2,62.6,high
STU-06702,92.3,100.0,100.0,9.8,93.4,low
STU-06703,76.3,47.0,58.7,5.6,38.6,medium
STU-06704,73.7,69.2,66.7,7.0,78.0,low
STU-06705,59.8,57.3,76.5,7.1,42.0,medium
STU-06706,77.9,80.0,100.0,8.8,85.4,low
STU-06707,67.6,55.1,32.0,3.8,59.2,high
STU-06708,70.3,39.7,68.5,5.8,53.8,medium
STU-06709,68.9,64.5,85.5,6.8,89.1,low
STU-06710,75.7,84.4,53.7,6.0,100.0,low
STU-06711,44.4,80.5,57.8,8.1,73.9,high
STU-06712,91.2,64.8,94.7,6.8,61.8,low
STU-06713,100.0,74.7,88.2,10.0,75.0,low
STU-06714,39.8,26.2,50.4,5.5,43.4,high
STU-06715,77.8,57.9,33.6,7.3,43.0,medium
STU-06716,51.3,40.7,35.0,6.5,33.1,high
STU-06717,78.3,77.2,68.3,10.0,64.7,low
STU-06718,95.0,82.8,71.3,9.2,100.0,low
STU-06719,85.7,31.6,41.9,7.7,26.4,high
STU-06720,23.5,36.5,26.9,1.6,33.8,high
STU-06721,71.7,77.4,70.5,7.9,100.0,low
STU-06722,76.0,100.0,65.2,5.9,84.7,low
STU-06723,91.0,58.6,81.5,6.0,55.1,low
STU-06724,51.8,12.0,44.7,4.7,51.6,high
STU-06725,70.3,70.0,68.2,6.3,55.3,medium
STU-06726,61.7,0.0,53.2,6.1,35.1,high
STU-06727,66.2,81.3,54.0,5.9,76.4,medium
STU-06728,74.9,57.6,59.6,4.6,59.2,medium
STU-06729,85.3,90.9,96.4,9.4,95.9,low
STU-06730,79.2,30.5,52.0,6.3,75.1,medium
STU-06731,88.3,94.9,96.9,8.8,77.2,low
STU-06732,78.0,69.6,84.0,9.8,57.8,medium
STU-06733,59.4,31.4,66.4,7.1,67.0,high
STU-06734,100.0,68.2,93.6,7.8,63.8,low
STU-06735,68.5,47.6,48.6,0.8,48.3,medium
STU-06736,84.2,73.9,92.4,9.9,91.0,low
STU-06737,100.0,100.0,100.0,10.0,89.1,low
STU-06738,94.2,100.0,85.1,7.5,65.8,low
STU-06739,67.0,54.1,56.9,7.2,56.8,low
STU-06740,60.7,28.1,27.1,5.6,40.1,high
STU-06741,55.1,25.0,45.6,5.4,25.3,high
STU-06742,93.0,79.5,86.8,5.3,74.5,low
STU-06743,87.2,66.6,68.3,6.6,45.5,medium
STU-06744,76.7,100.0,95.8,9.0,99.5,low
STU-06745,63.4,79.1,99.0,4.8,62.7,low
STU-06746,100.0,94.9,100.0,6.2,81.2,low
STU-06747,78.5,56.3,61.3,5.3,36.6,medium
STU-06748,67.9,51.8,54.2,2.2,65.3,high
STU-06749,83.9,55.9,80.9,9.6,82.5,low
STU-06750,60.5,52.1,26.8,3.1,46.8,high
STU-06751,58.3,84.7,53.2,6.5,80.3,low
STU-06752,82.8,56.4,62.1,7.3,39.1,medium
STU-06753,73.8,69.6,73.9,4.8,39.8,low
STU-06754,76.1,57.8,32.7,3.5,74.7,high
STU-06755,65.9,58.0,41.4,4.0,68.5,medium
STU-06756,48.5,57.9,60.1,5.3,89.7,high
STU-06757,80.7,78.1,65.2,6.7,70.0,low
STU-06758,82.5,58.6,66.6,9.2,66.6,low
STU-06759,48.5,84.6,63.6,7.3,74.2,medium
STU-06760,100.0,100.0,100.0,9.0,94.7,low
STU-06761,100.0,70.7,97.9,7.7,65.9,low
STU-06762,58.1,20.5,54.7,3.4,69.6,high
STU-06763,49.2,35.3,35.2,3.5,46.5,high
STU-06764,87.5,77.6,71.8,5.2,88.1,low
STU-06765,76.1,60.3,76.9,3.8,26.5,medium
STU-06766,88.3,62.7,76.7,9.8,29.8,low
STU-06767,78.5,90.2,88.9,8.9,100.0,low
STU-06768,36.0,13.8,50.7,2.9,100.0,high
STU-06769,92.4,100.0,100.0,8.4,98.6,low
STU-06770,60.5,31.4,52.0,3.6,56.3,high
STU-06771,97.3,88.8,72.3,10.0,66.3,low
STU-06772,76.1,93.8,82.1,5.8,72.8,low
STU-06773,63.9,73.9,56.2,4.7,82.8,medium
STU-06774,64.3,54.5,50.4,7.7,60.9,medium
STU-06775,96.3,56.4,90.9,10.0,52.3,low
STU-06776,100.0,100.0,100.0,10.0,100.0,low
STU-06777,58.9,51.1,51.8,4.1,43.0,medium
STU-06778,53.4,63.4,47.7,4.2,45.2,high
STU-06779,79.8,52.6,41.3,5.7,29.8,medium
STU-06780,100.0,100.0,100.0,9.3,95.7,low
STU-06781,49.8,64.8,33.4,4.3,84.0,high
STU-06782,77.1,76.7,54.2,7.0,61.2,medium
STU-06783,69.9,15.9,47.6,3.4,42.6,high
STU-06784,72.1,67.4,65.1,5.2,69.8,low
STU-06785,48.8,69.0,37.2,3.2,45.7,high
STU-06786,64.2,30.1,41.5,4.1,64.9,high
STU-06787,82.2,31.7,44.3,6.0,35.3,high
STU-06788,91.9,79.9,61.5,8.8,49.6,low
STU-06789,46.0,38.9,48.9,6.2,64.9,high
STU-06790,74.5,48.7,51.7,10.0,56.1,medium
STU-06791,85.1,94.4,84.9,4.0,74.7,low
STU-06792,54.7,47.6,87.2,6.1,52.1,medium
STU-06793,88.3,65.8,68.3,4.7,48.6,medium
STU-06794,100.0,28.8,83.2,6.8,51.4,medium
STU-06795,80.7,71.7,78.9,8.1,73.8,low
STU-06796,67.0,100.0,69.3,7.4,89.3,low
STU-06797,52.0,44.3,77.1,2.9,67.4,medium
STU-06798,73.9,55.7,64.7,5.1,59.7,high
STU-06799,89.8,32.9,66.7,2.9,45.9,medium
STU-06800,85.7,92.6,100.0,9.3,88.6,low
STU-06801,68.3,46.4,65.5,4.8,66.0,high
STU-06802,83.9,70.3,67.7,6.7,98.2,low
STU-06803,92.6,91.1,60.7,9.2,82.5,low
STU-06804,74.2,76.0,58.6,7.2,73.5,low
STU-06805,66.7,48.1,97.9,7.4,72.9,medium
STU-06806,100.0,66.9,83.5,6.6,62.5,low
STU-06807,54.0,72.1,86.8,6.3,61.4,low
STU-06808,100.0,83.5,83.0,9.9,74.6,low
STU-06809,64.8,70.9,75.4,3.8,46.6,medium
STU-06810,60.9,61.3,57.6,9.1,57.7,medium
STU-06811,68.9,95.5,68.9,5.0,90.8,low
STU-06812,71.9,42.9,93.4,4.8,37.5,medium
STU-06813,66.6,74.0,52.5,8.1,70.5,medium
STU-06814,71.6,52.4,57.0,7.3,61.7,medium
STU-06815,75.5,58.7,74.5,4.2,59.6,medium
STU-06816,72.5,51.1,59.4,4.4,49.0,medium
STU-06817,92.8,87.8,100.0,10.0,43.3,low
STU-06818,68.4,69.8,62.6,4.4,57.9,medium
STU-06819,49.9,69.4,58.4,4.9,53.3,high
STU-06820,49.6,53.4,40.4,2.8,28.6,high
STU-06821,100.0,81.4,78.5,10.0,84.9,low
STU-06822,75.2,26.6,28.8,2.2,34.6,high
STU-06823,100.0,100.0,100.0,9.7,100.0,low
STU-06824,100.0,100.0,41.7,6.9,72.4,low
STU-06825,71.2,73.0,70.3,5.7,76.7,low
STU-06826,68.2,87.6,65.7,7.5,87.0,medium
STU-06827,79.0,71.4,68.5,7.9,57.6,low
STU-06828,13.4,0.0,15.7,1.5,0.0,high
STU-06829,77.2,23.2,52.1,6.4,49.5,medium
STU-06830,58.0,11.7,54.4,3.2,53.3,high
STU-06831,60.0,50.6,39.4,5.3,51.4,high
STU-06832,65.1,70.5,61.8,6.2,63.7,medium
STU-06833,59.6,97.9,95.7,8.2,85.2,low
STU-06834,58.5,56.8,49.6,6.9,43.6,medium
STU-06835,85.8,35.1,87.2,7.6,72.4,medium
STU-06836,74.0,93.0,77.1,2.8,56.8,low
STU-06837,100.0,67.6,70.4,7.6,67.8,low
STU-06838,88.4,77.6,61.8,5.4,42.1,medium
STU-06839,64.9,92.2,46.4,7.3,78.1,low
STU-06840,91.5,77.2,96.6,10.0,79.4,low
STU-06841,100.0,100.0,100.0,6.9,95.6,low
STU-06842,77.8,41.0,79.2,7.0,62.7,medium
STU-06843,93.1,66.0,100.0,8.2,76.5,low
STU-06844,95.3,60.8,52.4,7.6,70.2,medium
STU-06845,90.1,47.8,100.0,7.1,57.2,low
STU-06846,100.0,100.0,93.5,8.7,67.5,low
STU-06847,69.1,66.4,79.3,7.7,75.2,low
STU-06848,55.5,40.8,24.6,4.0,5.0,high
STU-06849,59.9,2.5,18.6,4.0,6.5,high
STU-06850,75.2,83.2,74.3,9.6,88.1,low
STU-06851,100.0,100.0,96.1,9.8,65.2,low
STU-06852,98.6,93.7,75.0,6.8,87.1,low
STU-06853,89.8,72.8,54.4,5.2,53.0,low
STU-06854,94.2,73.5,68.9,8.9,48.4,low
STU-06855,31.0,63.3,40.2,2.8,49.5,high
STU-06856,63.7,75.8,28.6,3.5,54.0,medium
STU-06857,56.0,46.7,0.0,0.8,39.7,high
STU-06858,63.3,78.4,82.5,7.6,100.0,low
STU-06859,100.0,100.0,100.0,10.0,100.0,low
STU-06860,87.8,92.6,57.6,7.9,85.3,low
STU-06861,69.2,54.6,70.2,7.0,59.9,medium
STU-06862,85.2,37.8,60.7,8.0,34.7,high
STU-06863,96.2,90.5,67.2,5.7,79.8,low
STU-06864,39.3,71.4,60.7,4.7,56.9,high
STU-06865,97.7,78.2,100.0,10.0,85.9,low
STU-06866,76.0,83.6,100.0,8.7,65.9,low
STU-06867,96.4,54.1,87.0,6.3,61.7,low
STU-06868,70.3,54.8,67.9,6.9,55.9,medium
STU-06869,37.4,19.9,34.5,4.1,53.0,high
STU-06870,66.3,89.2,68.9,5.0,73.7,low
STU-06871,69.5,48.7,71.2,6.1,53.6,medium
STU-06872,73.4,88.3,100.0,10.0,75.7,low
STU-06873,78.3,51.9,55.2,6.7,82.3,medium
STU-06874,61.7,60.6,34.3,4.3,54.5,high
STU-06875,100.0,54.4,61.9,9.9,70.1,low
STU-06876,71.7,65.5,90.0,5.6,82.5,low
STU-06877,66.9,65.7,65.1,7.2,60.7,high
STU-06878,63.8,40.3,42.6,4.5,49.8,high
STU-06879,43.1,53.7,52.6,3.2,55.3,high
STU-06880,71.3,83.3,61.8,5.9,52.3,low
STU-06881,65.3,20.5,23.5,5.8,22.6,high
STU-06882,63.1,64.1,91.2,10.0,61.3,low
STU-06883,80.5,79.5,62.3,7.2,77.4,medium
STU-06884,81.2,65.2,74.8,9.0,60.4,low
STU-06885,100.0,66.9,76.7,7.7,75.9,low
STU-06886,100.0,94.2,73.7,10.0,100.0,low
STU-06887,77.2,56.2,74.6,7.4,51.6,low
STU-06888,88.2,72.1,61.1,6.6,58.4,low
STU-06889,78.0,89.8,94.9,6.3,58.7,low
STU-06890,61.4,70.3,62.5,3.4,49.4,medium
STU-06891,69.6,32.8,53.9,5.8,77.6,medium
STU-06892,72.5,49.7,16.1,5.2,53.2,high
STU-06893,52.3,39.2,45.7,10.0,38.6,high
STU-06894,55.2,99.4,57.2,6.5,87.2,low
STU-06895,83.9,65.7,89.7,5.4,97.3,low
STU-06896,88.4,75.9,72.8,9.3,59.8,low
STU-06897,100.0,76.8,89.3,9.5,100.0,low
STU-06898,68.6,55.9,89.1,8.1,53.1,low
STU-06899,41.3,27.0,49.7,0.9,52.9,high
STU-06900,45.8,24.5,49.5,2.6,24.7,high
STU-06901,100.0,80.7,100.0,10.0,51.8,low
STU-06902,100.0,86.3,93.9,10.0,95.4,low
STU-06903,82.2,66.0,66.2,8.2,71.2,medium
STU-06904,55.6,92.8,71.6,8.8,65.8,low
STU-06905,85.4,40.2,65.3,5.9,63.1,medium
STU-06906,64.9,79.1,38.7,0.0,72.1,medium
STU-06907,58.4,54.0,53.8,2.8,40.9,high
STU-06908,51.1,76.0,65.4,3.9,74.3,medium
STU-06909,59.7,50.3,60.9,7.3,51.8,medium
STU-06910,80.5,99.5,69.6,8.0,100.0,low
STU-06911,100.0,94.1,100.0,10.0,84.8,low
STU-06912,44.0,80.6,60.9,4.7,63.6,high
STU-06913,70.4,78.4,76.0,9.0,80.0,low
STU-06914,99.5,100.0,64.8,7.2,100.0,low
STU-06915,90.7,23.3,39.2,4.2,0.0,high
STU-06916,65.8,31.4,53.2,2.8,41.7,high
STU-06917,100.0,60.1,100.0,8.6,54.5,low
STU-06918,82.0,65.1,64.6,5.6,67.7,medium
STU-06919,62.6,27.8,36.3,5.3,50.2,high
STU-06920,65.6,30.3,62.4,5.1,21.9,high
STU-06921,82.2,61.8,80.4,5.1,94.0,low
STU-06922,47.0,56.3,55.3,4.4,39.0,high
STU-06923,87.3,66.0,67.4,5.6,63.6,medium
STU-06924,71.7,92.2,82.8,8.1,90.9,low
STU-06925,88.3,52.3,84.1,8.9,70.4,low
STU-06926,66.9,65.3,68.1,5.9,77.2,low
STU-06927,71.0,61.5,46.9,4.4,55.7,medium
STU-06928,27.1,43.6,16.4,2.9,51.5,high
STU-06929,73.8,49.9,46.9,6.5,61.1,low
STU-06930,84.8,79.3,55.8,8.1,67.9,low
STU-06931,59.3,41.2,26.2,3.9,31.3,high
STU-06932,93.4,93.1,84.1,5.9,90.9,low
STU-06933,68.5,80.6,55.5,5.6,91.1,low
STU-06934,72.5,90.3,65.0,8.0,71.7,low
STU-06935,75.2,84.3,95.9,9.0,97.7,low
STU-06936,61.8,71.5,86.0,9.1,47.8,low
STU-06937,100.0,52.2,85.6,5.7,66.5,low
STU-06938,80.7,16.5,30.9,3.8,42.7,high
STU-06939,65.3,57.3,75.0,8.3,66.6,medium
STU-06940,82.8,49.6,68.0,5.4,66.2,medium
STU-06941,99.9,61.3,66.2,7.3,74.4,medium
STU-06942,18.2,26.4,14.5,2.8,0.0,high
STU-06943,69.1,63.1,75.9,9.2,81.0,low
STU-06944,54.2,98.7,76.9,8.1,86.7,low
STU-06945,86.1,66.8,87.0,7.1,78.9,low
STU-06946,66.5,51.5,78.1,6.5,76.3,low
STU-06947,83.3,100.0,93.6,9.7,100.0,low
STU-06948,52.4,70.5,67.9,6.6,100.0,high
STU-06949,68.3,77.2,83.3,8.7,85.9,low
STU-06950,63.2,65.3,49.4,4.1,91.0,medium
STU-06951,97.6,88.9,90.1,7.4,100.0,low
STU-06952,29.3,73.0,67.8,5.1,100.0,high
STU-06953,51.4,97.1,57.4,7.2,87.1,medium
STU-06954,64.4,66.0,64.9,5.2,68.8,medium
STU-06955,68.7,63.2,63.1,5.6,50.6,medium
STU-06956,77.6,88.8,74.1,8.9,60.2,low
STU-06957,61.3,57.4,79.7,7.7,70.9,low
STU-06958,100.0,69.7,100.0,10.0,79.8,low
STU-06959,39.5,29.9,28.6,3.7,27.2,high
STU-06960,76.5,64.3,74.6,8.5,57.4,low
STU-06961,72.5,0.0,29.1,5.5,13.3,high
STU-06962,86.6,77.9,68.2,5.6,95.6,low
STU-06963,84.9,65.1,85.9,9.1,79.3,low
STU-06964,97.1,100.0,86.5,8.9,85.7,low
STU-06965,70.0,100.0,80.2,6.7,67.0,low
STU-06966,70.5,85.3,100.0,10.0,69.1,low
STU-06967,82.8,92.5,92.0,8.5,76.2,low
STU-06968,69.8,36.3,53.0,5.7,45.1,medium
STU-06969,82.7,100.0,96.4,6.4,100.0,low
STU-06970,84.4,100.0,85.9,7.0,82.2,low
STU-06971,6.4,41.1,10.8,0.0,51.0,high
STU-06972,81.7,95.5,100.0,7.2,100.0,low
STU-06973,49.4,35.2,29.4,2.5,31.4,high
STU-06974,68.4,53.1,47.3,7.0,73.9,medium
STU-06975,74.6,95.9,91.6,9.0,83.4,low
STU-06976,49.1,13.4,25.5,3.5,64.1,high
STU-06977,64.9,81.7,83.5,8.7,79.0,low
STU-06978,62.2,81.2,80.0,6.7,50.1,low
STU-06979,65.2,98.5,66.5,5.5,88.2,low
STU-06980,59.5,21.5,38.9,8.6,24.1,high
STU-06981,92.7,90.6,92.3,5.4,100.0,low
STU-06982,86.3,54.0,75.0,8.2,51.6,low
STU-06983,43.3,44.2,38.2,2.6,67.6,high
STU-06984,66.9,26.2,45.3,3.6,54.0,high
STU-06985,82.8,67.6,77.0,9.1,36.2,low
STU-06986,48.1,68.8,60.7,5.5,48.6,high
STU-06987,14.0,14.1,31.7,3.3,55.7,high
STU-06988,50.9,54.0,67.6,5.0,69.6,high
STU-06989,74.3,68.1,46.1,6.4,54.1,medium
STU-06990,75.2,38.9,51.8,3.7,47.3,high
STU-06991,46.3,47.4,56.5,5.6,17.6,high
STU-06992,66.2,77.6,44.0,4.5,64.3,medium
STU-06993,89.7,63.1,69.0,6.3,79.4,low
STU-06994,100.0,58.5,82.1,6.6,49.3,low
STU-06995,58.2,45.5,55.2,3.5,77.2,high
STU-06996,70.3,79.8,44.3,3.8,71.7,medium
STU-06997,91.4,94.9,66.8,8.2,50.3,low
STU-06998,95.8,69.5,72.2,5.0,60.6,low
STU-06999,36.4,43.0,42.3,1.8,55.3,high
STU-07000,96.4,75.8,93.3,9.4,94.3,low
STU-07001,73.3,51.5,76.4,5.6,42.6,low
STU-07002,52.9,12.8,51.7,6.8,63.2,high
STU-07003,98.6,64.0,96.2,9.1,60.9,low
STU-07004,85.2,67.0,62.9,5.6,66.4,low
STU-07005,67.2,77.6,51.2,6.4,49.8,medium
STU-07006,76.3,86.2,62.7,4.3,60.2,low
STU-07007,76.6,70.1,44.1,8.9,56.6,low
STU-07008,88.5,65.8,64.7,6.8,43.3,medium
STU-07009,86.6,91.3,81.5,9.2,64.0,low
STU-07010,100.0,72.7,87.0,10.0,82.3,low
STU-07011,63.4,42.6,47.3,5.7,61.2,high
STU-07012,100.0,54.6,100.0,10.0,63.9,low
STU-07013,88.4,69.4,84.4,8.4,86.7,low
STU-07014,94.0,69.2,67.8,7.8,51.2,low
STU-07015,45.6,54.8,44.7,4.7,65.2,high
STU-07016,27.9,18.3,20.8,1.0,58.0,high
STU-07017,62.5,100.0,66.7,7.0,36.7,medium
STU-07018,40.3,71.0,42.2,5.2,55.4,high
STU-07019,100.0,84.6,100.0,7.5,53.4,low
STU-07020,98.2,80.0,91.2,8.2,72.4,low
STU-07021,75.9,80.5,37.6,4.5,63.9,medium
STU-07022,75.9,100.0,86.7,4.7,51.6,low
STU-07023,85.1,41.6,69.7,5.3,49.0,medium
STU-07024,100.0,77.1,79.6,9.4,60.9,low
STU-07025,52.6,51.7,57.9,4.3,53.2,medium
STU-07026,100.0,80.1,87.5,7.8,86.0,low
STU-07027,72.0,100.0,94.9,7.6,89.8,low
STU-07028,57.9,61.3,49.8,4.8,57.9,medium
STU-07029,73.0,78.4,99.9,9.2,69.0,low
STU-07030,71.9,52.1,65.8,7.4,64.4,medium
STU-07031,52.7,64.3,44.8,5.5,61.3,medium
STU-07032,87.8,95.3,100.0,10.0,79.0,low
STU-07033,71.2,83.5,79.5,9.1,65.5,low
STU-07034,69.1,50.4,36.9,5.4,45.5,medium
STU-07035,52.4,64.9,5.0,3.4,46.3,high
STU-07036,93.5,61.8,68.1,7.9,52.2,low
STU-07037,94.6,84.9,96.7,8.0,72.9,low
STU-07038,59.3,59.0,20.0,3.8,43.7,high
STU-07039,85.4,100.0,79.6,6.5,79.5,low
STU-07040,58.2,41.3,76.5,3.8,66.9,medium
STU-07041,100.0,73.9,90.6,10.0,84.8,low
STU-07042,87.7,100.0,100.0,6.8,95.9,low
STU-07043,70.8,28.4,34.5,8.7,20.3,high
STU-07044,69.9,91.2,52.9,4.9,58.3,low
STU-07045,45.5,49.5,38.2,6.3,45.1,high
STU-07046,67.8,72.1,60.4,5.3,49.6,medium
STU-07047,55.4,51.3,32.0,3.3,69.9,high
STU-07048,64.7,45.2,45.3,5.6,73.2,high
STU-07049,85.6,44.9,55.2,6.1,71.8,medium
STU-07050,93.4,87.2,78.1,8.5,80.3,low
STU-07051,84.8,42.5,80.1,8.3,63.3,medium
STU-07052,71.1,100.0,70.3,5.6,81.1,low
STU-07053,88.4,87.8,94.3,10.0,83.0,low
STU-07054,54.0,88.2,68.0,7.1,100.0,medium
STU-07055,77.7,99.6,84.2,5.9,85.4,low
STU-07056,65.5,29.6,19.3,5.3,41.6,high
STU-07057,90.9,100.0,100.0,10.0,100.0,low
STU-07058,88.0,35.7,100.0,7.8,61.2,medium
STU-07059,56.1,55.9,87.5,6.7,74.1,medium
STU-07060,48.4,55.9,54.2,5.8,66.7,high
STU-07061,61.3,75.5,38.4,1.6,94.7,high
STU-07062,28.3,48.8,48.7,1.8,55.3,high
STU-07063,64.4,71.4,68.8,5.9,76.7,low
STU-07064,70.3,62.0,52.6,7.0,35.3,medium
STU-07065,52.4,94.7,60.2,4.7,64.7,low
STU-07066,74.4,63.1,85.1,8.0,72.0,medium
STU-07067,84.4,100.0,98.5,8.9,83.0,low
STU-07068,74.3,16.2,59.0,4.4,33.5,high
STU-07069,43.7,29.2,43.4,5.7,70.0,high
STU-07070,69.3,60.4,63.4,6.7,53.0,medium
STU-07071,73.2,82.1,69.2,7.7,62.5,low
STU-07072,67.1,66.3,86.6,5.5,92.9,low
STU-07073,72.7,60.1,50.1,4.0,38.8,medium
STU-07074,58.9,47.8,43.2,6.4,79.2,high
STU-07075,85.9,85.8,100.0,8.3,93.9,low
STU-07076,74.5,35.8,54.9,9.2,32.8,medium
STU-07077,81.6,59.4,67.0,5.7,72.7,medium
STU-07078,76.2,54.7,64.6,6.4,66.8,medium
STU-07079,82.2,11.0,47.9,4.9,58.9,high
STU-07080,56.4,73.7,66.5,2.9,38.9,medium
STU-07081,88.0,82.1,100.0,7.7,99.6,low
STU-07082,63.1,59.4,35.3,3.6,78.5,high
STU-07083,95.4,96.5,82.9,8.0,83.6,low
STU-07084,82.4,81.1,92.8,10.0,92.6,low
STU-07085,51.2,69.1,58.4,3.4,100.0,high
STU-07086,74.7,43.8,27.2,4.8,51.1,high
STU-07087,97.0,75.4,78.2,5.5,80.2,low
STU-07088,100.0,82.4,70.3,7.1,49.7,low
STU-07089,41.6,88.8,52.3,4.7,79.9,medium
STU-07090,75.4,80.6,78.9,3.9,77.4,medium
STU-07091,53.6,36.3,46.8,5.9,48.2,high
STU-07092,43.1,50.9,28.0,5.7,8.9,high
STU-07093,75.9,79.3,64.4,8.1,82.0,low
STU-07094,63.4,27.0,37.1,5.8,46.6,high
STU-07095,57.6,59.7,80.9,7.9,79.3,low
STU-07096,77.1,90.1,87.3,7.9,72.8,low
STU-07097,53.1,19.5,44.7,0.0,29.5,high
STU-07098,54.5,48.8,23.7,2.7,45.2,high
STU-07099,93.2,75.8,82.4,4.0,62.8,low
STU-07100,68.2,70.7,73.1,4.1,68.5,medium
STU-07101,100.0,100.0,100.0,8.8,100.0,low
STU-07102,88.1,53.3,100.0,9.1,60.0,low
STU-07103,73.7,60.0,70.5,4.4,55.0,medium
STU-07104,99.6,80.7,100.0,10.0,81.9,low
STU-07105,86.6,66.9,47.2,8.9,59.1,medium
STU-07106,48.7,48.8,60.1,3.5,55.0,high
STU-07107,34.9,49.2,40.1,2.3,47.5,high
STU-07108,71.4,46.7,95.4,3.8,64.2,medium
STU-07109,70.6,53.5,63.1,4.5,91.3,low
STU-07110,73.2,84.7,78.8,9.3,80.1,low
STU-07111,54.1,21.6,30.1,3.7,33.8,high
STU-07112,58.7,70.0,39.8,4.1,80.3,medium
STU-07113,42.3,70.0,80.3,5.1,76.2,medium
STU-07114,61.9,60.5,95.3,5.0,95.5,low
STU-07115,68.9,35.5,59.7,2.8,31.1,high
STU-07116,67.8,59.5,64.9,5.5,54.9,medium
STU-07117,41.5,63.0,72.1,3.0,56.7,high
STU-07118,79.3,28.7,48.5,7.1,32.8,high
STU-07119,45.9,36.2,56.7,3.0,59.7,high
STU-07120,71.8,61.7,45.7,6.7,47.6,high
STU-07121,54.6,65.9,21.4,4.5,75.5,medium
STU-07122,91.3,69.7,57.3,7.2,66.5,low
STU-07123,99.1,44.7,77.1,6.6,51.9,low
STU-07124,71.5,74.2,68.7,6.6,90.2,low
STU-07125,70.7,24.6,56.3,6.0,69.0,high
STU-07126,61.1,94.1,85.7,6.4,52.8,low
STU-07127,36.1,36.3,57.1,2.5,53.9,high
STU-07128,92.2,42.1,84.7,8.4,73.6,high
STU-07129,83.0,43.2,61.7,6.3,27.5,medium
STU-07130,100.0,54.8,34.7,5.6,43.9,medium
STU-07131,15.0,35.8,1.6,0.0,56.2,high
STU-07132,80.2,66.6,81.3,8.9,78.7,low
STU-07133,61.6,33.7,38.1,3.1,57.8,high
STU-07134,88.5,77.6,86.6,6.0,69.5,low
STU-07135,89.9,58.8,85.9,5.2,82.5,low
STU-07136,86.9,100.0,100.0,7.7,100.0,low
STU-07137,26.4,37.3,37.6,3.8,34.4,high
STU-07138,95.8,75.2,73.1,8.1,60.3,low
STU-07139,89.7,100.0,100.0,8.9,100.0,low
STU-07140,100.0,78.4,85.7,10.0,84.9,low
STU-07141,69.8,36.8,68.0,5.3,54.3,medium
STU-07142,95.5,100.0,94.5,7.6,100.0,low
STU-07143,50.2,58.7,56.2,7.0,50.5,high
STU-07144,100.0,96.7,96.5,10.0,70.3,low
STU-07145,68.2,67.2,53.4,7.7,54.6,medium
STU-07146,90.2,100.0,67.4,7.9,67.0,low
STU-07147,90.9,100.0,77.9,8.8,100.0,low
STU-07148,67.9,76.3,76.9,7.1,82.3,medium
STU-07149,94.8,83.4,98.2,8.5,72.0,low
STU-07150,91.7,88.4,96.9,10.0,70.7,low
STU-07151,86.4,21.5,79.3,8.2,59.2,high
STU-07152,75.0,90.5,89.0,4.7,76.4,low
STU-07153,43.3,53.1,25.5,3.9,71.5,high
STU-07154,100.0,62.9,51.1,6.1,59.8,medium
STU-07155,49.4,65.3,45.9,6.0,76.9,high
STU-07156,49.3,69.3,88.8,4.6,77.8,high
STU-07157,61.7,62.1,40.7,6.1,70.5,high
STU-07158,53.6,69.6,47.6,3.9,49.3,medium
STU-07159,73.8,87.5,61.4,5.3,73.2,low
STU-07160,100.0,85.9,85.3,9.0,79.4,low
STU-07161,78.6,61.3,58.4,6.7,64.7,medium
STU-07162,80.8,71.0,83.4,6.9,75.9,low
STU-07163,85.1,86.3,91.2,10.0,52.3,low
STU-07164,71.2,65.0,92.2,8.8,84.3,low
STU-07165,62.0,45.7,75.6,3.5,54.6,medium
STU-07166,60.6,74.7,95.3,7.3,92.5,low
STU-07167,78.1,79.3,76.5,7.3,100.0,low
STU-07168,100.0,49.5,78.3,8.9,66.0,low
STU-07169,87.5,64.0,70.3,4.9,40.8,low
STU-07170,40.0,77.4,71.6,0.5,86.7,high
STU-07171,46.0,65.8,50.8,6.4,41.9,high
STU-07172,72.7,40.0,74.9,7.1,64.6,medium
STU-07173,52.0,40.4,56.8,4.4,50.7,medium
STU-07174,16.9,15.6,14.7,0.5,37.6,high
STU-07175,77.6,83.1,90.2,4.1,59.8,low
STU-07176,89.7,88.5,65.5,7.0,93.7,low
STU-07177,67.9,80.0,50.9,5.1,100.0,medium
STU-07178,62.7,55.5,50.4,3.2,52.9,medium
STU-07179,69.6,65.1,90.0,5.1,56.4,medium
STU-07180,91.1,98.7,88.0,8.9,78.3,low
STU-07181,53.4,53.1,56.1,4.3,48.3,high
STU-07182,91.8,68.4,100.0,9.6,77.7,low
STU-07183,85.5,30.1,56.1,6.4,49.0,medium
STU-07184,54.4,62.8,45.2,6.4,46.1,medium
STU-07185,40.1,68.4,34.3,5.4,66.7,high
STU-07186,66.9,57.2,68.3,5.8,64.6,medium
STU-07187,100.0,70.5,70.8,5.8,39.9,low
STU-07188,35.9,71.4,75.2,6.6,76.0,high
STU-07189,77.6,27.6,71.4,8.4,90.8,high
STU-07190,62.9,63.2,61.3,9.6,69.5,medium
STU-07191,97.2,66.7,90.3,10.0,66.0,medium
STU-07192,68.3,32.1,53.5,5.1,89.2,medium
STU-07193,78.1,90.1,44.6,5.0,54.9,medium
STU-07194,78.8,65.6,50.0,3.6,60.7,medium
STU-07195,92.2,41.5,79.4,5.8,81.5,low
STU-07196,87.7,87.5,73.3,4.6,69.9,low
STU-07197,52.0,47.3,24.6,4.5,54.0,high
STU-07198,74.8,64.0,89.6,8.5,56.5,low
STU-07199,72.4,39.1,76.9,8.9,44.7,medium
STU-07200,60.3,64.8,68.9,8.8,76.1,medium
STU-07201,66.2,94.4,85.5,7.7,56.9,low
STU-07202,69.0,77.9,69.0,4.8,60.6,medium
STU-07203,48.9,34.6,49.4,3.3,66.5,high
STU-07204,62.0,32.5,63.7,4.6,41.6,high
STU-07205,80.3,38.8,87.1,10.0,58.2,high
STU-07206,78.5,40.0,83.5,3.6,38.2,medium
STU-07207,100.0,84.2,100.0,10.0,71.3,low
STU-07208,75.5,73.6,36.6,5.9,90.6,medium
STU-07209,91.2,55.4,81.6,6.1,58.2,medium
STU-07210,75.3,65.0,70.6,2.5,63.3,medium
STU-07211,40.3,49.1,28.2,5.6,48.9,high
STU-07212,55.1,52.5,41.5,4.9,46.5,medium
STU-07213,49.5,38.9,63.0,3.6,58.6,high
STU-07214,98.2,72.4,61.6,10.0,55.6,low
STU-07215,80.9,60.1,62.4,8.7,68.7,low
STU-07216,58.7,11.1,17.7,2.3,27.9,high
STU-07217,82.2,43.8,35.4,2.0,57.7,high
STU-07218,43.3,59.3,62.9,4.8,49.8,high
STU-07219,63.7,60.6,54.6,7.4,72.6,medium
STU-07220,45.1,10.1,48.7,3.2,51.6,high
STU-07221,100.0,100.0,100.0,10.0,89.7,low
STU-07222,66.1,65.8,59.3,4.8,67.6,medium
STU-07223,62.3,81.8,86.3,6.9,84.6,low
STU-07224,100.0,15.0,84.8,5.4,82.1,medium
STU-07225,43.9,34.2,52.1,4.0,35.8,high
STU-07226,54.7,46.9,76.8,7.7,86.7,high
STU-07227,67.7,67.9,77.9,9.5,46.2,low
STU-07228,98.5,70.0,99.7,9.6,57.4,low
STU-07229,50.6,58.7,48.6,1.0,53.2,medium
STU-07230,43.8,81.7,39.0,5.1,82.9,high
STU-07231,65.4,61.5,61.9,5.6,66.4,medium
STU-07232,94.6,100.0,100.0,8.6,83.1,low
STU-07233,87.7,33.4,56.9,6.1,36.6,medium
STU-07234,82.8,46.5,100.0,7.7,50.7,medium
STU-07235,46.7,72.9,47.7,3.4,66.5,high
STU-07236,66.5,67.3,48.3,7.0,77.3,medium
STU-07237,56.6,57.9,53.8,4.2,67.1,medium
STU-07238,90.2,59.1,75.1,6.8,61.6,medium
STU-07239,35.5,67.4,44.2,5.1,72.8,high
STU-07240,100.0,95.6,82.0,5.1,58.3,low
STU-07241,97.1,100.0,100.0,9.3,99.8,low
STU-07242,49.9,40.1,56.0,5.5,35.2,high
STU-07243,29.5,45.4,40.6,3.4,68.4,high
STU-07244,81.9,29.6,57.8,3.7,22.4,medium
STU-07245,100.0,75.3,100.0,7.7,59.9,low
STU-07246,74.6,80.3,67.8,8.2,62.8,low
STU-07247,80.7,36.5,51.0,8.0,47.0,high
STU-07248,45.5,47.7,58.2,5.7,58.2,high
STU-07249,72.6,68.1,82.1,3.9,78.9,low
STU-07250,68.1,58.8,55.6,7.0,32.8,low
STU-07251,19.6,24.6,30.2,3.1,38.6,high
STU-07252,100.0,87.7,82.4,10.0,51.5,low
STU-07253,52.6,55.1,79.7,4.5,41.7,medium
STU-07254,91.2,72.4,73.9,10.0,63.2,low
STU-07255,52.6,69.2,63.5,5.8,73.5,medium
STU-07256,51.4,26.7,28.8,2.0,30.3,high
STU-07257,93.9,98.6,95.9,10.0,74.4,low
STU-07258,23.2,27.5,40.5,4.7,62.3,high
STU-07259,96.1,97.2,89.3,8.2,84.4,low
STU-07260,86.1,34.5,71.4,6.6,27.7,medium
STU-07261,67.2,67.0,46.0,8.3,60.9,medium
STU-07262,69.4,76.7,56.1,6.1,73.6,medium
STU-07263,80.7,91.6,68.4,4.2,74.7,low
STU-07264,61.3,32.1,48.3,4.1,56.3,high
STU-07265,100.0,86.8,70.1,9.4,55.7,low
STU-07266,87.7,61.2,78.4,7.5,74.9,low
STU-07267,64.7,40.6,50.8,4.3,49.9,high
STU-07268,71.7,68.5,63.1,5.6,70.9,medium
STU-07269,100.0,100.0,100.0,10.0,100.0,low
STU-07270,42.0,50.3,39.0,6.1,78.8,high
STU-07271,66.3,36.9,53.3,2.2,86.6,medium
STU-07272,80.5,62.2,87.3,4.8,50.2,low
STU-07273,38.5,30.2,55.2,4.5,44.6,high
STU-07274,82.6,100.0,100.0,7.5,87.5,low
STU-07275,85.7,56.3,79.5,5.7,43.9,medium
STU-07276,50.7,43.1,57.3,5.4,54.9,high
STU-07277,81.3,100.0,100.0,10.0,100.0,low
STU-07278,100.0,85.3,80.0,5.6,60.2,low
STU-07279,95.9,64.1,76.3,7.6,80.1,low
STU-07280,94.6,83.6,74.9,6.5,83.6,low
STU-07281,75.1,35.8,46.4,1.9,51.9,high
STU-07282,61.8,67.3,75.1,6.3,70.4,medium
STU-07283,42.2,58.2,38.7,2.6,57.2,high
STU-07284,96.4,76.7,53.4,7.7,70.6,low
STU-07285,86.1,59.5,73.9,5.3,38.8,medium
STU-07286,100.0,87.2,67.0,7.9,92.1,low
STU-07287,66.9,56.1,69.7,6.9,55.8,low
STU-07288,100.0,77.3,94.8,6.3,88.3,low
STU-07289,85.7,58.8,57.8,8.0,49.6,medium
STU-07290,94.7,85.0,100.0,10.0,88.0,low
STU-07291,95.3,88.6,94.2,8.2,100.0,low
STU-07292,61.7,42.8,35.6,3.0,50.6,high
STU-07293,35.3,48.7,29.6,1.8,79.0,high
STU-07294,94.4,70.1,62.8,5.3,70.2,low
STU-07295,53.7,33.4,68.1,6.9,42.5,medium
STU-07296,66.1,56.7,82.7,7.8,68.4,medium
STU-07297,69.2,78.1,88.1,4.5,62.4,medium
STU-07298,97.2,75.0,78.8,9.7,49.3,low
STU-07299,72.7,49.4,54.2,4.7,81.5,high
STU-07300,75.2,83.1,69.0,5.1,62.6,low
STU-07301,76.8,63.1,85.9,5.8,89.4,low
STU-07302,87.2,88.7,72.1,9.9,75.0,low
STU-07303,34.9,48.5,52.9,3.3,59.0,high
STU-07304,73.7,74.3,82.9,10.0,65.6,low
STU-07305,60.1,69.1,61.2,4.8,47.5,medium
STU-07306,61.9,71.4,32.2,3.4,46.3,medium
STU-07307,61.6,70.8,64.2,10.0,60.6,medium
STU-07308,32.9,43.0,8.8,3.2,16.4,high
STU-07309,81.4,49.2,54.9,6.8,61.5,medium
STU-07310,84.3,54.7,50.1,7.5,65.3,medium
STU-07311,38.0,35.5,55.2,4.4,22.8,high
STU-07312,92.6,100.0,96.8,9.1,91.5,low
STU-07313,83.1,62.2,72.2,8.1,56.3,low
STU-07314,74.9,93.4,70.9,6.7,88.7,low
STU-07315,95.3,81.9,77.8,6.2,35.1,low
STU-07316,91.8,76.3,89.2,7.8,97.2,low
STU-07317,55.6,30.2,38.1,3.8,54.1,high
STU-07318,97.5,79.9,81.0,7.3,32.1,low
STU-07319,87.7,20.8,51.5,6.3,43.5,high
STU-07320,54.0,66.6,48.3,7.1,64.7,medium
STU-07321,40.2,0.0,7.5,2.6,7.3,high
STU-07322,65.7,63.0,66.2,5.1,44.5,medium
STU-07323,100.0,82.0,96.1,9.6,100.0,low
STU-07324,74.4,74.3,85.9,6.9,75.7,low
STU-07325,73.0,85.3,71.1,5.5,66.7,low
STU-07326,100.0,100.0,100.0,9.0,100.0,low
STU-07327,59.4,64.9,72.1,6.3,56.0,low
STU-07328,39.2,34.5,10.9,4.3,56.4,high
STU-07329,96.7,66.8,70.5,9.5,61.1,low
STU-07330,51.5,91.2,53.7,4.5,100.0,high
STU-07331,91.0,74.5,70.6,10.0,80.3,low
STU-07332,100.0,100.0,100.0,10.0,100.0,low
STU-07333,64.8,36.4,51.5,4.7,57.6,medium
STU-07334,69.9,100.0,100.0,10.0,100.0,low
STU-07335,100.0,91.9,100.0,8.2,75.4,low
STU-07336,100.0,98.2,100.0,10.0,88.6,low
STU-07337,100.0,83.5,84.6,7.8,92.5,low
STU-07338,100.0,93.7,94.7,9.0,69.3,low
STU-07339,60.4,26.8,95.4,5.7,52.9,low
STU-07340,70.1,62.4,54.1,9.2,37.9,medium
STU-07341,73.4,37.4,40.5,7.3,31.9,high
STU-07342,60.3,69.2,72.8,2.6,55.8,medium
STU-07343,84.3,47.1,49.9,5.5,58.4,medium
STU-07344,84.8,63.1,69.2,6.0,58.1,low
STU-07345,63.9,80.8,77.4,7.2,73.2,low
STU-07346,30.0,18.0,10.9,4.6,26.2,high
STU-07347,80.0,67.3,100.0,7.8,92.3,low
STU-07348,51.5,75.0,34.9,3.3,42.7,medium
STU-07349,75.7,87.6,91.6,7.1,98.7,low
STU-07350,82.4,83.1,93.1,8.1,95.8,low
STU-07351,80.6,86.9,88.2,7.7,92.0,low
STU-07352,58.6,78.0,47.8,4.6,68.1,medium
STU-07353,99.2,27.7,68.7,8.3,24.0,high
STU-07354,88.4,58.5,93.1,9.4,62.7,low
STU-07355,67.2,80.7,52.4,6.2,62.8,medium
STU-07356,91.1,63.6,59.9,7.9,37.3,low
STU-07357,55.9,53.2,76.6,7.2,62.9,medium
STU-07358,33.1,67.8,63.1,3.9,85.7,high
STU-07359,58.0,35.9,36.6,3.4,39.9,high
STU-07360,86.0,62.7,84.4,8.1,95.1,low
STU-07361,81.6,66.9,66.1,7.3,78.9,medium
STU-07362,86.1,72.6,98.4,10.0,53.2,low
STU-07363,53.9,54.6,59.9,4.5,58.2,medium
STU-07364,100.0,100.0,88.9,9.9,85.7,low
STU-07365,74.5,70.3,80.8,6.6,75.4,low
STU-07366,64.2,72.0,66.0,5.3,68.5,low
STU-07367,50.1,47.1,35.3,3.1,73.1,high
STU-07368,61.1,64.5,58.4,3.5,72.6,medium
STU-07369,46.4,81.5,71.0,6.7,91.0,high
STU-07370,100.0,100.0,90.9,8.2,77.0,low
STU-07371,75.6,88.7,85.0,5.5,59.1,low
STU-07372,68.5,69.6,69.6,7.4,82.9,medium
STU-07373,100.0,53.7,78.1,7.6,53.5,low
STU-07374,47.5,61.1,9.7,3.4,51.7,high
STU-07375,39.5,69.7,49.7,3.9,79.4,high
STU-07376,91.9,69.1,90.6,9.7,67.8,low
STU-07377,52.5,59.7,64.7,6.3,58.0,low
STU-07378,97.7,42.3,78.5,6.8,60.6,medium
STU-07379,60.0,50.7,71.0,6.9,45.5,medium
STU-07380,95.5,96.1,63.3,9.7,59.6,low
STU-07381,88.1,82.6,79.4,6.5,96.3,low
STU-07382,62.4,72.4,60.1,5.8,57.3,medium
STU-07383,66.9,60.3,58.8,5.5,67.6,medium
STU-07384,67.2,48.6,69.0,6.2,44.7,high
STU-07385,61.0,92.0,60.9,4.9,80.7,low
STU-07386,67.5,35.0,59.9,3.8,66.3,high
STU-07387,75.2,79.0,82.8,6.2,63.9,low
STU-07388,100.0,95.6,86.8,8.6,86.3,low
STU-07389,76.5,51.4,46.3,6.0,42.2,medium
STU-07390,100.0,51.8,100.0,10.0,46.6,low
STU-07391,26.9,5.6,6.3,0.0,27.6,high
STU-07392,56.1,50.7,64.9,5.4,69.8,medium
STU-07393,92.3,54.4,27.8,7.6,39.6,medium
STU-07394,95.8,90.0,89.1,10.0,100.0,low
STU-07395,63.6,38.9,69.4,7.6,49.2,high
STU-07396,34.9,62.7,69.8,3.9,87.0,high
STU-07397,62.6,78.5,68.0,6.3,58.6,low
STU-07398,57.3,69.0,73.3,2.1,57.8,medium
STU-07399,53.7,46.6,46.0,2.8,42.7,high
STU-07400,100.0,71.2,89.8,10.0,58.8,low
STU-07401,71.6,73.4,69.0,3.6,60.3,low
STU-07402,92.0,81.4,76.0,6.5,100.0,low
STU-07403,51.2,43.4,26.5,5.0,36.8,high
STU-07404,69.5,52.1,57.8,2.5,28.5,medium
STU-07405,73.6,100.0,94.4,9.7,100.0,low
STU-07406,67.5,65.5,42.7,6.3,76.3,medium
STU-07407,63.3,54.3,46.5,5.8,12.1,high
STU-07408,78.9,50.6,64.9,9.5,45.2,medium
STU-07409,57.8,35.1,41.0,5.2,26.2,high
STU-07410,58.8,73.8,44.9,4.6,47.2,medium
STU-07411,96.9,83.6,100.0,7.2,80.7,low
STU-07412,73.0,62.6,55.7,2.9,71.5,high
STU-07413,60.1,47.0,34.6,4.7,49.4,high
STU-07414,70.7,99.7,100.0,9.6,86.6,low
STU-07415,77.9,0.0,60.0,8.3,46.7,high
STU-07416,66.8,60.8,62.5,4.9,33.8,medium
STU-07417,73.7,48.2,78.4,6.5,50.0,medium
STU-07418,65.7,44.8,56.3,1.7,61.6,high
STU-07419,100.0,63.3,98.0,10.0,70.9,low
STU-07420,18.3,46.8,27.9,2.4,37.8,high
STU-07421,82.3,69.3,78.9,7.1,70.9,low
STU-07422,65.3,56.7,64.0,3.8,62.8,medium
STU-07423,86.1,94.7,93.8,5.1,79.5,low
STU-07424,24.6,72.2,54.3,5.3,50.1,high
STU-07425,92.9,72.4,87.5,6.2,79.2,low
STU-07426,71.7,23.2,51.8,5.7,28.3,medium
STU-07427,55.3,47.6,60.0,5.3,97.2,medium
STU-07428,39.9,67.1,32.4,2.0,62.2,high
STU-07429,96.5,67.9,68.5,6.4,66.6,low
STU-07430,67.2,72.5,41.4,2.8,59.9,medium
STU-07431,89.0,72.3,86.7,10.0,76.8,low
STU-07432,91.4,69.4,100.0,10.0,85.7,low
STU-07433,82.9,100.0,100.0,10.0,100.0,low
STU-07434,100.0,87.1,100.0,10.0,77.0,low
STU-07435,45.4,57.3,60.2,6.3,22.7,high
STU-07436,56.0,0.0,12.6,2.8,45.7,high
STU-07437,49.5,76.7,45.8,3.0,76.4,high
STU-07438,65.6,87.9,46.7,3.7,59.7,medium
STU-07439,82.0,40.6,99.2,9.0,87.5,medium
STU-07440,80.4,78.7,53.8,5.2,79.4,medium
STU-07441,64.6,53.8,39.8,7.2,65.9,high
STU-07442,62.7,64.2,62.4,3.9,34.2,medium
STU-07443,69.1,46.1,99.8,5.7,71.0,medium
STU-07444,88.0,59.0,85.7,6.1,49.8,medium
STU-07445,45.9,46.7,37.0,4.6,42.7,high
STU-07446,41.3,68.9,46.0,4.4,64.2,high
STU-07447,100.0,100.0,85.3,6.5,77.7,low
STU-07448,100.0,89.3,93.6,10.0,86.4,low
STU-07449,86.0,88.6,74.7,4.4,79.3,low
STU-07450,100.0,76.1,78.3,8.5,67.0,low
STU-07451,61.0,14.4,34.2,1.6,34.1,high
STU-07452,67.9,59.3,83.7,5.3,35.8,medium
STU-07453,62.1,89.7,98.6,4.1,77.6,low
STU-07454,68.4,30.1,34.9,7.3,37.4,high
STU-07455,38.1,41.2,15.8,2.6,40.9,high
STU-07456,66.3,70.6,69.4,6.1,40.8,low
STU-07457,78.2,73.3,94.7,9.2,91.7,low
STU-07458,68.2,39.8,52.3,3.1,47.5,high
STU-07459,86.5,74.9,66.0,8.7,64.6,low
STU-07460,100.0,66.4,70.7,9.0,100.0,low
STU-07461,59.9,99.2,82.2,5.4,68.1,low
STU-07462,60.7,81.3,58.0,8.2,72.7,low
STU-07463,67.0,81.3,43.5,6.7,66.6,medium
STU-07464,87.8,71.2,41.8,5.5,54.7,high
STU-07465,82.8,82.2,79.8,7.6,68.7,low
STU-07466,73.5,67.9,55.3,3.1,57.2,medium
STU-07467,75.7,43.3,78.4,8.3,50.7,high
STU-07468,75.4,84.4,59.3,5.0,82.1,medium
STU-07469,55.1,81.6,60.2,4.4,55.7,medium
STU-07470,83.6,75.6,87.2,7.5,68.9,low
STU-07471,57.6,35.2,76.3,3.2,81.1,medium
STU-07472,66.3,48.7,80.3,4.7,86.5,medium
STU-07473,74.6,85.6,72.1,8.8,48.0,medium
STU-07474,52.9,54.6,71.2,4.2,69.2,high
STU-07475,62.0,94.8,61.0,4.5,56.0,low
STU-07476,93.2,82.6,96.5,9.2,67.1,low
STU-07477,62.1,35.4,52.6,0.9,30.8,high
STU-07478,63.1,85.9,56.7,6.6,54.4,low
STU-07479,20.1,0.0,11.0,0.0,14.5,high
STU-07480,86.1,57.4,78.2,6.0,44.0,medium
STU-07481,59.7,80.9,66.4,5.5,70.4,low
STU-07482,49.6,47.7,59.4,2.8,44.5,high
STU-07483,86.3,82.1,75.3,7.3,73.1,low
STU-07484,96.2,22.4,34.4,4.1,22.3,high
STU-07485,67.1,57.4,29.3,6.2,72.8,medium
STU-07486,94.0,68.8,89.3,10.0,52.2,low
STU-07487,100.0,65.5,100.0,10.0,97.4,low
STU-07488,68.8,80.4,75.3,9.7,100.0,low
STU-07489,92.6,59.3,73.4,7.3,60.6,medium
STU-07490,86.8,67.6,78.5,8.2,59.1,low
STU-07491,59.7,25.1,41.5,3.2,45.7,high
STU-07492,69.6,39.4,63.4,6.4,74.5,high
STU-07493,61.0,28.8,69.3,5.2,20.3,high
STU-07494,38.7,26.1,23.6,0.6,23.1,high
STU-07495,45.0,47.9,46.4,3.6,49.4,high
STU-07496,70.1,72.6,48.6,3.4,82.9,medium
STU-07497,92.2,55.4,70.9,8.6,62.1,low
STU-07498,97.6,77.2,52.5,5.4,47.7,medium
STU-07499,49.4,51.9,33.2,4.4,47.0,high
STU-07500,67.3,54.9,50.3,5.3,35.3,high
STU-07501,52.0,70.3,68.7,3.2,63.2,low
STU-07502,38.6,7.7,30.3,4.2,41.2,high
STU-07503,68.9,75.5,60.8,7.0,55.1,medium
STU-07504,79.5,66.1,90.7,10.0,57.6,low
STU-07505,71.7,50.7,61.0,6.5,90.2,medium
STU-07506,63.2,65.3,74.3,6.1,60.3,low
STU-07507,63.8,45.0,20.7,3.9,33.8,high
STU-07508,81.4,50.6,72.1,5.1,49.5,medium
STU-07509,73.8,37.6,79.7,4.3,45.0,medium
STU-07510,91.3,76.1,77.0,4.4,44.5,low
STU-07511,65.3,89.3,88.7,6.0,66.9,low
STU-07512,63.3,47.4,62.0,7.7,42.6,high
STU-07513,59.6,55.1,57.7,4.9,44.7,medium
STU-07514,81.3,85.8,55.9,7.8,81.2,low
STU-07515,100.0,70.2,78.0,9.1,74.4,low
STU-07516,69.7,50.3,73.4,7.0,77.4,medium
STU-07517,58.7,99.0,51.3,4.6,63.2,low
STU-07518,83.9,56.2,96.3,10.0,71.8,low
STU-07519,48.2,74.7,58.0,5.0,47.1,high
STU-07520,45.5,52.8,64.7,1.7,30.5,high
STU-07521,49.0,17.2,40.5,1.0,14.6,high
STU-07522,52.0,48.4,33.4,5.4,68.0,high
STU-07523,87.2,78.3,83.8,4.7,54.1,low
STU-07524,65.5,93.8,69.2,6.8,92.6,low
STU-07525,51.8,44.7,50.1,0.0,47.2,high
STU-07526,88.8,77.2,97.6,6.0,86.0,low
STU-07527,37.3,46.0,51.8,4.1,30.0,high
STU-07528,100.0,68.5,100.0,9.4,85.9,low
STU-07529,85.1,62.8,82.0,5.3,89.8,low
STU-07530,87.4,92.3,88.4,7.4,81.0,low
STU-07531,74.9,61.0,90.2,6.4,53.2,medium
STU-07532,69.7,40.3,70.8,6.2,54.1,high
STU-07533,87.1,48.4,57.7,4.4,41.7,medium
STU-07534,51.8,86.7,66.9,5.2,69.6,low
STU-07535,94.1,79.1,100.0,8.0,83.4,low
STU-07536,95.1,51.9,100.0,9.1,93.7,low
STU-07537,96.9,100.0,88.3,7.1,100.0,low
STU-07538,95.0,94.3,82.2,8.1,57.8,low
STU-07539,10.1,22.1,12.8,0.6,14.1,high
STU-07540,53.0,50.7,40.5,3.3,87.1,high
STU-07541,57.1,45.4,51.4,6.8,46.3,medium
STU-07542,100.0,74.6,97.8,10.0,71.2,low
STU-07543,81.4,65.5,92.0,9.0,40.5,medium
STU-07544,64.3,62.7,78.2,7.9,45.4,low
STU-07545,94.5,39.0,61.2,9.5,66.3,medium
STU-07546,96.3,100.0,97.5,8.5,84.0,low
STU-07547,58.8,59.8,64.4,6.6,57.1,medium
STU-07548,100.0,82.6,100.0,10.0,76.9,low
STU-07549,67.1,41.6,69.1,5.7,63.0,medium
STU-07550,61.7,55.2,46.7,2.7,72.2,medium
STU-07551,58.9,73.2,65.1,5.8,58.7,low
STU-07552,55.2,80.1,72.1,6.5,70.8,low
STU-07553,65.8,63.1,71.9,5.9,73.7,medium
STU-07554,96.9,52.2,100.0,9.3,73.7,low
STU-07555,81.3,86.3,93.5,5.8,60.5,low
STU-07556,63.4,89.0,84.0,6.0,61.9,low
STU-07557,79.8,48.8,54.3,6.6,48.8,low
STU-07558,33.3,67.1,40.5,3.8,71.5,high
STU-07559,38.9,54.6,24.7,2.1,49.8,high
STU-07560,70.1,79.6,70.4,2.1,69.4,low
STU-07561,47.4,80.1,52.2,0.7,79.2,high
STU-07562,53.9,65.4,63.0,5.2,43.9,medium
STU-07563,100.0,39.2,87.0,8.4,58.8,medium
STU-07564,85.5,50.3,63.8,5.5,76.7,low
STU-07565,77.2,53.3,52.1,3.5,54.7,medium
STU-07566,58.2,30.2,28.6,6.0,50.0,high
STU-07567,100.0,71.1,65.0,8.0,62.4,low
STU-07568,94.5,79.2,83.4,9.7,87.4,low
STU-07569,83.1,85.5,100.0,10.0,85.8,low
STU-07570,61.8,58.1,73.5,2.3,47.7,medium
STU-07571,79.9,4.0,59.0,7.3,33.3,high
STU-07572,90.4,68.5,77.3,8.9,82.0,low
STU-07573,59.5,53.2,72.6,5.3,56.7,medium
STU-07574,70.4,66.9,45.3,1.7,57.1,medium
STU-07575,57.2,68.8,81.0,7.6,83.2,low
STU-07576,57.5,51.4,61.4,7.5,69.0,medium
STU-07577,73.9,76.5,58.4,3.0,49.4,medium
STU-07578,78.0,91.7,61.9,10.0,90.0,low
STU-07579,100.0,88.2,100.0,6.3,100.0,low
STU-07580,74.2,64.1,86.0,6.1,60.6,low
STU-07581,77.1,100.0,88.7,7.4,73.0,low
STU-07582,83.4,75.1,82.5,5.6,88.1,low
STU-07583,100.0,84.3,100.0,10.0,84.8,low
STU-07584,69.6,57.0,48.9,6.3,75.8,medium
STU-07585,91.0,100.0,93.7,6.8,73.6,low
STU-07586,66.3,71.1,45.9,6.9,78.2,medium
STU-07587,57.9,77.8,74.6,5.0,69.0,medium
STU-07588,85.2,54.0,90.1,7.4,53.3,low
STU-07589,60.1,29.1,56.6,8.6,38.4,high
STU-07590,54.2,94.9,82.9,5.3,94.0,medium
STU-07591,58.6,67.7,61.1,2.9,40.6,medium
STU-07592,100.0,100.0,98.1,8.2,84.5,low
STU-07593,46.0,64.4,48.5,2.7,40.0,high
STU-07594,63.2,60.1,53.2,3.8,27.7,medium
STU-07595,77.4,97.1,82.7,8.1,63.1,low
STU-07596,42.7,3.5,29.0,2.3,51.5,high
STU-07597,59.5,52.9,51.2,2.1,59.1,medium
STU-07598,67.4,29.2,53.7,5.9,44.0,high
STU-07599,97.1,82.5,73.6,7.5,95.0,low
STU-07600,84.2,77.2,94.8,8.6,52.2,low
STU-07601,100.0,95.4,92.5,9.0,80.6,low
STU-07602,74.3,31.7,55.9,5.6,30.2,medium
STU-07603,59.5,82.2,59.7,6.4,77.2,low
STU-07604,52.9,51.9,23.4,3.4,48.0,high
STU-07605,41.4,51.0,55.6,5.8,45.6,high
STU-07606,84.8,87.8,75.8,8.9,83.9,low
STU-07607,79.1,79.9,100.0,8.3,63.6,low
STU-07608,66.1,43.6,46.2,6.7,38.1,high
STU-07609,84.6,100.0,100.0,5.3,79.7,low
STU-07610,97.2,88.4,76.3,9.8,80.9,low
STU-07611,62.1,57.3,66.4,4.8,60.9,medium
STU-07612,100.0,94.0,67.7,10.0,49.2,low
STU-07613,73.8,89.9,54.1,3.8,58.0,low
STU-07614,58.6,47.9,62.9,8.0,59.7,medium
STU-07615,64.8,40.9,35.7,0.8,33.7,high
STU-07616,92.4,72.7,80.0,7.6,60.2,low
STU-07617,67.8,88.0,83.5,4.9,100.0,low
STU-07618,59.3,79.2,51.0,7.0,87.1,medium
STU-07619,69.7,0.0,49.3,5.2,51.0,high
STU-07620,95.5,79.9,78.9,8.7,68.0,low
STU-07621,79.5,96.9,89.3,10.0,100.0,low
STU-07622,86.8,52.7,58.2,9.9,66.1,medium
STU-07623,80.7,74.7,58.4,6.6,98.1,low
STU-07624,86.3,89.0,57.3,8.5,63.8,low
STU-07625,64.0,53.0,61.3,8.8,38.3,medium
STU-07626,81.9,44.3,76.1,7.8,86.7,medium
STU-07627,73.8,64.7,75.1,6.8,76.5,low
STU-07628,49.5,38.0,12.6,4.4,50.9,high
STU-07629,72.7,76.6,35.3,5.9,45.0,medium
STU-07630,65.8,30.0,63.5,6.8,44.4,high
STU-07631,68.6,81.0,83.6,5.6,66.4,low
STU-07632,49.1,0.0,23.6,2.3,0.0,high
STU-07633,40.9,48.5,67.2,3.5,45.9,high
STU-07634,65.3,55.0,63.2,5.5,34.1,medium
STU-07635,75.3,100.0,95.2,10.0,85.9,low
STU-07636,62.0,55.7,65.3,5.4,63.1,medium
STU-07637,100.0,100.0,100.0,10.0,95.9,low
STU-07638,69.2,82.7,58.0,3.3,77.6,medium
STU-07639,66.9,57.4,78.7,6.6,62.7,medium
STU-07640,99.9,80.3,99.7,8.5,92.6,low
STU-07641,87.5,66.2,82.4,8.9,88.7,low
STU-07642,69.5,74.3,100.0,6.2,83.8,low
STU-07643,83.5,37.0,72.0,4.5,54.7,medium
STU-07644,83.0,43.9,61.2,2.9,59.7,medium
STU-07645,76.5,69.6,100.0,10.0,100.0,low
STU-07646,100.0,89.3,90.7,10.0,72.7,low
STU-07647,40.9,14.8,45.4,4.3,18.1,high
STU-07648,63.9,93.6,74.7,7.1,70.7,low
STU-07649,49.8,55.3,37.7,3.5,46.8,high
STU-07650,95.4,39.5,42.3,4.1,37.4,high
STU-07651,57.0,1.0,36.6,6.6,6.7,high
STU-07652,88.3,53.2,85.1,9.1,52.7,low
STU-07653,95.7,73.8,51.9,7.3,70.7,low
STU-07654,46.3,41.2,33.7,1.5,54.6,high
STU-07655,100.0,82.7,100.0,10.0,92.5,low
STU-07656,86.4,48.9,58.6,5.7,79.9,medium
STU-07657,52.1,33.5,24.1,6.1,46.9,high
STU-07658,90.6,81.8,78.7,9.4,46.8,low
STU-07659,98.9,90.6,100.0,9.6,65.4,low
STU-07660,73.1,66.5,59.2,6.9,56.4,medium
STU-07661,73.3,75.6,58.0,4.0,70.3,low
STU-07662,75.2,81.6,83.3,5.3,74.1,medium
STU-07663,35.7,63.7,36.7,3.6,36.1,high
STU-07664,73.1,59.9,48.8,2.6,32.8,medium
STU-07665,100.0,84.6,81.3,6.4,57.8,low
STU-07666,58.4,86.8,82.3,6.9,73.5,low
STU-07667,60.8,56.5,50.9,4.2,48.8,medium
STU-07668,74.1,48.0,32.6,3.3,63.0,high
STU-07669,100.0,100.0,69.8,8.3,81.4,low
STU-07670,44.7,75.7,34.3,4.9,88.4,high
STU-07671,88.7,66.1,67.0,6.5,79.3,low
STU-07672,100.0,100.0,100.0,10.0,100.0,low
STU-07673,100.0,100.0,99.4,10.0,83.8,low
STU-07674,66.5,71.0,64.1,9.3,73.8,low
STU-07675,40.8,57.9,77.6,10.0,71.7,medium
STU-07676,75.9,45.3,59.4,7.7,43.3,medium
STU-07677,75.5,64.0,90.3,4.6,72.9,low
STU-07678,80.3,59.5,62.0,6.5,64.7,medium
STU-07679,100.0,53.9,70.4,7.2,71.3,low
STU-07680,62.6,51.0,26.4,2.1,42.0,high
STU-07681,75.2,78.5,72.2,8.0,63.3,low
STU-07682,74.9,72.5,70.4,6.4,65.8,low
STU-07683,46.7,73.8,69.8,6.0,60.8,medium
STU-07684,44.3,59.0,34.4,6.5,29.8,high
STU-07685,55.7,73.8,52.9,6.8,57.4,medium
STU-07686,75.8,35.8,43.3,5.7,62.3,high
STU-07687,86.2,61.9,84.5,8.2,72.2,low
STU-07688,75.3,80.1,88.5,7.2,85.6,low
STU-07689,62.8,100.0,77.1,7.5,69.9,low
STU-07690,46.1,61.8,62.3,4.5,63.1,high
STU-07691,77.2,64.6,44.8,5.2,88.7,medium
STU-07692,74.7,79.5,50.8,4.4,52.1,low
STU-07693,67.6,54.2,29.8,4.7,21.1,high
STU-07694,63.6,58.3,89.0,9.0,65.4,low
STU-07695,88.9,97.0,68.3,5.3,93.0,low
STU-07696,88.1,91.9,85.6,8.8,90.0,low
STU-07697,56.0,35.8,58.0,5.1,39.4,high
STU-07698,81.7,79.9,81.6,5.3,100.0,low
STU-07699,81.9,70.0,86.1,10.0,58.6,low
STU-07700,83.1,65.7,80.0,9.2,71.4,low
STU-07701,54.2,51.5,48.2,3.5,52.0,medium
STU-07702,81.8,60.9,74.1,6.9,81.4,medium
STU-07703,50.7,36.8,61.7,6.9,19.6,medium
STU-07704,51.0,44.3,52.1,3.6,70.5,medium
STU-07705,97.9,52.9,99.4,9.9,80.7,low
STU-07706,77.1,47.1,67.3,4.2,74.1,medium
STU-07707,96.5,96.0,100.0,8.3,100.0,low
STU-07708,39.8,14.3,40.3,3.9,44.3,high
STU-07709,66.2,72.9,59.1,5.8,66.6,medium
STU-07710,61.6,57.5,60.1,9.0,50.8,medium
STU-07711,28.0,24.5,45.6,3.6,36.9,high
STU-07712,61.1,70.1,100.0,6.6,93.4,low
STU-07713,38.0,73.8,62.6,4.9,78.1,high
STU-07714,63.5,30.5,58.3,5.0,68.7,high
STU-07715,83.2,56.4,91.9,8.4,74.9,low
STU-07716,64.9,39.9,32.9,3.2,51.4,high
STU-07717,75.1,84.5,86.9,6.1,94.3,low
STU-07718,84.2,95.3,93.2,10.0,93.3,low
STU-07719,48.7,49.2,62.8,6.9,68.6,high
STU-07720,63.8,36.6,37.3,6.0,32.4,high
STU-07721,84.5,68.6,54.2,10.0,53.8,low
STU-07722,52.2,28.4,69.7,3.5,67.7,medium
STU-07723,82.5,74.8,71.0,8.5,76.3,low
STU-07724,80.1,17.2,49.4,6.6,39.8,high
STU-07725,53.4,68.0,48.2,3.1,56.4,medium
STU-07726,100.0,100.0,100.0,10.0,100.0,low
STU-07727,77.9,69.3,38.0,7.0,62.2,low
STU-07728,84.3,85.9,94.7,8.4,100.0,low
STU-07729,77.8,86.4,68.6,5.3,80.2,medium
STU-07730,61.5,48.5,53.8,6.3,51.3,medium
STU-07731,49.2,21.7,75.9,5.4,47.0,high
STU-07732,70.2,63.4,55.5,5.2,55.3,medium
STU-07733,79.1,61.1,75.5,4.8,47.2,low
STU-07734,51.5,18.9,31.2,4.3,26.6,high
STU-07735,57.1,89.9,65.8,7.2,84.9,low
STU-07736,100.0,59.7,65.1,6.7,45.4,low
STU-07737,77.7,96.9,76.0,6.2,64.9,low
STU-07738,74.0,53.2,83.6,9.8,88.1,low
STU-07739,70.0,64.4,65.2,7.2,78.9,low
STU-07740,89.0,77.6,77.3,6.4,100.0,low
STU-07741,83.4,25.4,87.2,8.2,62.1,high
STU-07742,62.0,68.6,68.3,5.8,70.3,medium
STU-07743,59.1,25.5,53.1,4.0,36.2,high
STU-07744,75.1,36.8,60.5,5.5,76.3,medium
STU-07745,58.0,25.0,8.4,2.9,19.3,high
STU-07746,70.7,55.8,41.2,4.7,48.9,high
STU-07747,60.0,76.5,76.8,3.6,84.7,low
STU-07748,83.2,98.6,93.4,9.5,63.5,low
STU-07749,69.2,40.6,62.3,10.0,56.1,high
STU-07750,68.0,40.8,43.7,2.6,41.5,high
STU-07751,72.2,71.6,74.8,9.8,69.8,low
STU-07752,25.9,55.4,58.6,5.1,74.8,high
STU-07753,84.2,12.6,82.1,8.1,47.6,high
STU-07754,84.6,74.8,72.7,7.8,56.9,low
STU-07755,86.4,88.4,100.0,10.0,62.4,low
STU-07756,86.7,79.6,80.3,10.0,45.7,low
STU-07757,76.5,72.1,63.0,9.2,69.8,medium
STU-07758,100.0,64.7,94.5,9.2,56.4,low
STU-07759,61.0,35.6,74.1,4.8,53.0,medium
STU-07760,63.4,46.2,27.2,3.1,20.8,high
STU-07761,71.5,69.9,63.7,6.5,59.7,medium
STU-07762,80.6,77.3,54.2,8.9,56.7,low
STU-07763,50.4,68.3,44.7,4.4,56.8,medium
STU-07764,72.9,54.5,59.4,4.9,57.7,medium
STU-07765,91.6,79.9,100.0,7.8,83.5,low
STU-07766,64.7,67.3,64.2,10.0,72.7,low
STU-07767,49.2,77.0,74.6,5.8,68.9,high
STU-07768,60.5,23.7,62.6,6.7,43.4,medium
STU-07769,100.0,85.7,100.0,5.4,84.8,low
STU-07770,68.9,78.2,85.6,9.9,58.5,low
STU-07771,92.9,73.2,85.4,8.9,97.3,low
STU-07772,72.7,38.3,69.2,6.6,85.7,medium
STU-07773,98.6,79.8,95.5,10.0,73.5,low
STU-07774,71.8,100.0,91.1,5.8,76.3,low
STU-07775,99.9,65.7,86.3,7.5,49.5,low
STU-07776,97.2,64.3,62.9,10.0,50.6,low
STU-07777,80.0,100.0,100.0,7.8,100.0,low
STU-07778,37.1,39.9,44.6,1.7,41.3,high
STU-07779,33.4,44.2,37.0,1.9,57.1,high
STU-07780,83.7,64.2,69.5,5.8,67.7,low
STU-07781,100.0,100.0,56.0,10.0,66.4,low
STU-07782,90.8,65.6,73.7,7.4,63.5,low
STU-07783,100.0,56.4,100.0,10.0,62.6,low
STU-07784,60.2,72.3,82.2,4.0,64.7,low
STU-07785,48.9,57.1,56.8,3.6,47.5,high
STU-07786,53.9,100.0,63.3,5.0,100.0,medium
STU-07787,88.1,67.0,62.0,10.0,57.4,low
STU-07788,91.5,61.9,85.3,7.0,84.1,low
STU-07789,64.3,33.4,44.7,3.3,63.1,high
STU-07790,64.7,55.1,68.5,6.4,56.2,low
STU-07791,27.9,42.7,67.5,3.8,44.1,high
STU-07792,43.9,24.9,20.1,7.3,55.4,high
STU-07793,85.6,78.2,87.6,9.2,45.6,low
STU-07794,59.2,62.3,40.2,6.1,43.4,medium
STU-07795,66.3,98.9,83.5,7.9,67.4,low
STU-07796,49.8,25.5,40.3,3.3,33.3,high
STU-07797,49.3,35.0,43.8,5.3,49.1,high
STU-07798,37.9,40.8,20.5,0.8,64.9,high
STU-07799,96.8,91.9,67.3,6.0,80.2,low
STU-07800,74.9,42.2,48.2,1.7,74.0,high
STU-07801,73.7,83.7,86.2,8.6,88.6,low
STU-07802,58.8,100.0,93.0,7.3,75.0,low
STU-07803,91.2,67.9,73.2,9.5,62.2,low
STU-07804,91.6,65.6,87.5,9.6,55.0,low
STU-07805,82.9,52.1,60.7,8.2,47.6,medium
STU-07806,93.3,84.4,91.3,6.7,65.9,low
STU-07807,62.8,57.9,68.6,4.0,39.0,high
STU-07808,96.3,64.0,71.6,10.0,53.5,low
STU-07809,69.1,52.9,71.4,5.7,89.9,medium
STU-07810,80.7,76.6,76.1,6.5,72.7,low
STU-07811,55.9,41.4,66.6,6.5,63.4,medium
STU-07812,91.0,61.1,86.9,6.7,45.6,low
STU-07813,38.3,30.4,45.6,3.8,42.0,high
STU-07814,100.0,100.0,81.2,10.0,64.6,low
STU-07815,72.6,54.4,88.9,6.7,61.6,medium
STU-07816,49.7,29.8,6.9,5.8,28.0,high
STU-07817,100.0,82.7,100.0,9.7,100.0,low
STU-07818,18.8,21.3,3.3,2.4,45.9,high
STU-07819,91.8,100.0,92.4,10.0,91.9,low
STU-07820,54.4,82.5,61.6,4.5,95.8,medium
STU-07821,74.3,67.3,54.8,8.2,65.7,medium
STU-07822,70.8,79.7,71.8,10.0,65.6,low
STU-07823,90.9,70.2,62.9,10.0,83.2,low
STU-07824,76.9,100.0,88.8,8.8,79.5,low
STU-07825,40.1,4.3,20.9,2.7,36.1,high
STU-07826,57.2,44.4,61.2,5.6,50.1,medium
STU-07827,60.8,90.8,70.0,5.2,89.7,low
STU-07828,38.9,59.6,32.7,4.9,62.8,high
STU-07829,75.5,72.2,74.2,6.5,65.4,low
STU-07830,51.0,23.1,57.1,3.4,54.0,high
STU-07831,83.6,100.0,77.6,9.2,100.0,low
STU-07832,82.9,85.6,69.0,5.4,96.1,low
STU-07833,91.5,77.9,100.0,9.6,79.1,low
STU-07834,69.5,73.2,72.3,5.2,85.1,medium
STU-07835,80.7,73.9,60.4,6.0,82.8,low
STU-07836,62.5,53.9,52.7,3.2,43.8,high
STU-07837,55.3,27.7,5.2,2.4,46.1,high
STU-07838,59.4,72.6,94.9,8.5,71.0,low
STU-07839,56.0,63.8,92.5,7.8,64.3,low
STU-07840,72.8,82.9,99.6,5.6,42.1,low
STU-07841,53.8,58.0,57.8,4.9,89.8,high
STU-07842,2.1,18.0,0.0,2.3,21.1,high
STU-07843,100.0,65.6,66.4,9.1,78.8,medium
STU-07844,81.2,29.2,56.5,8.0,39.5,high
STU-07845,97.2,97.7,94.7,9.0,100.0,low
STU-07846,69.4,94.8,50.0,8.9,75.7,low
STU-07847,54.7,86.7,47.6,3.0,83.7,high
STU-07848,76.9,48.8,65.6,5.9,71.4,medium
STU-07849,74.1,0.0,41.2,4.7,26.9,high
STU-07850,98.1,94.7,100.0,10.0,95.5,low
STU-07851,75.1,67.2,87.0,8.0,76.0,low
STU-07852,78.0,66.0,89.7,8.9,69.5,low
STU-07853,100.0,100.0,100.0,8.7,79.6,low
STU-07854,56.6,22.5,33.3,4.2,40.3,high
STU-07855,48.0,34.0,51.0,4.6,55.2,high
STU-07856,70.9,48.7,35.2,4.3,55.3,medium
STU-07857,64.9,67.7,38.2,4.9,66.2,low
STU-07858,66.9,64.9,64.4,5.6,62.2,medium
STU-07859,99.3,77.9,77.7,9.0,75.9,low
STU-07860,80.0,97.0,100.0,10.0,96.0,low
STU-07861,72.3,23.0,56.8,6.2,47.0,high
STU-07862,75.5,57.0,72.9,10.0,62.9,medium
STU-07863,51.5,42.3,33.4,2.8,51.9,high
STU-07864,99.5,72.1,100.0,10.0,85.6,low
STU-07865,70.7,26.6,53.2,1.9,14.0,high
STU-07866,100.0,68.7,84.0,8.5,68.7,low
STU-07867,87.4,72.9,87.2,10.0,79.5,low
STU-07868,41.7,48.6,27.8,3.8,70.9,high
STU-07869,94.7,100.0,100.0,10.0,100.0,low
STU-07870,73.0,79.2,65.0,7.8,78.3,low
STU-07871,69.9,56.7,68.9,7.0,100.0,medium
STU-07872,74.2,51.5,80.7,7.3,63.4,medium
STU-07873,57.9,64.7,48.8,5.6,86.5,medium
STU-07874,74.1,76.1,48.6,5.7,67.4,medium
STU-07875,76.9,42.8,69.2,2.2,47.4,high
STU-07876,68.7,80.8,89.9,6.7,55.1,low
STU-07877,93.1,51.4,63.2,8.1,62.1,medium
STU-07878,86.5,80.3,80.3,7.7,83.8,low
STU-07879,67.8,37.5,67.8,3.9,46.7,medium
STU-07880,80.3,84.6,79.3,7.1,81.4,low
STU-07881,64.4,25.3,48.0,4.6,73.6,high
STU-07882,38.6,49.7,78.1,3.7,75.0,high
STU-07883,52.7,100.0,63.8,5.5,89.4,low
STU-07884,99.4,98.6,100.0,8.1,100.0,low
STU-07885,61.8,76.4,66.7,3.7,62.4,medium
STU-07886,61.4,62.8,57.6,5.6,41.1,medium
STU-07887,62.9,29.8,56.0,4.5,54.0,high
STU-07888,43.8,37.8,36.9,3.2,39.1,high
STU-07889,95.1,32.9,64.4,8.1,49.2,high
STU-07890,75.5,65.5,48.5,2.4,79.9,high
STU-07891,79.3,40.9,60.5,8.7,83.8,high
STU-07892,80.6,32.4,56.7,10.0,88.8,high
STU-07893,61.9,49.6,80.2,5.7,52.5,medium
STU-07894,60.8,40.8,54.0,4.0,52.4,high
STU-07895,100.0,100.0,100.0,8.4,100.0,low
STU-07896,100.0,47.3,100.0,6.7,60.9,low
STU-07897,97.5,50.2,86.9,10.0,32.0,low
STU-07898,71.3,95.5,66.1,6.9,88.9,low
STU-07899,75.4,60.5,66.0,6.5,48.9,medium
STU-07900,100.0,100.0,100.0,10.0,100.0,low
STU-07901,61.6,51.4,48.3,5.8,74.0,medium
STU-07902,100.0,66.2,71.5,10.0,92.1,low
STU-07903,72.9,99.5,76.1,5.9,92.2,low
STU-07904,46.2,37.3,66.9,7.2,75.8,high
STU-07905,93.2,73.8,54.0,5.6,52.4,low
STU-07906,73.9,84.1,53.2,8.5,78.8,low
STU-07907,80.0,85.6,70.4,6.3,74.0,low
STU-07908,67.8,49.5,41.6,4.1,54.2,high
STU-07909,81.4,65.1,98.0,10.0,43.0,low
STU-07910,77.9,15.9,67.3,7.2,18.2,high
STU-07911,76.3,65.7,78.3,5.0,77.5,low
STU-07912,80.0,88.4,84.9,6.5,71.5,low
STU-07913,99.1,77.2,84.2,7.8,96.4,low
STU-07914,8.5,10.2,29.8,4.6,21.5,high
STU-07915,69.6,50.0,73.3,4.3,45.7,medium
STU-07916,43.3,44.9,29.3,4.2,51.1,high
STU-07917,80.9,51.8,80.2,5.7,42.1,low
STU-07918,83.1,60.3,70.8,8.4,61.4,low
STU-07919,60.6,76.8,57.8,2.9,46.0,medium
STU-07920,100.0,100.0,100.0,10.0,100.0,low
STU-07921,64.4,62.4,55.8,3.4,50.6,medium
STU-07922,78.1,82.3,77.4,8.9,97.1,low
STU-07923,73.0,39.1,67.7,7.5,57.8,high
STU-07924,100.0,53.3,62.3,8.2,43.7,medium
STU-07925,48.7,41.9,46.7,6.0,45.3,high
STU-07926,63.9,19.8,66.6,4.8,45.9,high
STU-07927,100.0,86.2,62.1,8.6,65.8,low
STU-07928,74.8,40.1,33.0,6.6,62.4,high
STU-07929,82.5,7.1,43.1,6.6,51.8,high
STU-07930,93.7,100.0,100.0,9.3,86.7,low
STU-07931,58.3,25.5,52.3,4.8,48.0,high
STU-07932,100.0,42.6,59.2,5.3,63.9,medium
STU-07933,81.0,63.9,76.0,5.9,96.9,low
STU-07934,46.3,38.8,48.8,8.0,39.6,high
STU-07935,99.7,100.0,78.9,9.4,78.3,low
STU-07936,46.9,44.3,43.3,3.5,39.1,high
STU-07937,89.4,61.9,74.0,6.5,61.0,low
STU-07938,83.9,75.5,55.7,3.0,48.8,medium
STU-07939,100.0,85.8,91.2,10.0,87.5,low
STU-07940,100.0,100.0,100.0,10.0,88.3,low
STU-07941,64.4,66.8,50.4,6.8,55.0,medium
STU-07942,86.3,88.2,85.0,8.2,77.2,low
STU-07943,64.5,67.3,85.9,9.2,78.1,low
STU-07944,95.9,71.0,68.7,4.8,61.8,medium
STU-07945,87.4,62.3,63.1,4.2,85.2,low
STU-07946,67.8,53.5,24.4,4.5,36.4,medium
STU-07947,64.2,55.1,65.6,3.2,67.5,high
STU-07948,70.3,95.3,55.3,7.1,59.2,low
STU-07949,56.0,61.0,73.0,5.5,70.8,low
STU-07950,56.5,87.7,100.0,8.1,72.3,low
STU-07951,64.7,34.3,31.8,5.2,43.7,high
STU-07952,72.3,90.6,64.2,8.3,77.7,low
STU-07953,91.2,61.8,73.7,7.9,46.7,low
STU-07954,81.7,83.3,89.8,7.8,64.0,low
STU-07955,96.7,67.9,74.4,10.0,57.4,low
STU-07956,80.8,65.2,54.6,3.4,47.8,medium
STU-07957,50.8,53.8,54.8,6.1,50.8,high
STU-07958,93.4,73.3,89.5,7.5,46.5,low
STU-07959,40.8,54.2,36.2,3.4,40.1,high
STU-07960,100.0,100.0,85.8,10.0,74.5,low
STU-07961,77.4,6.5,30.4,3.8,37.4,high
STU-07962,100.0,55.0,66.4,8.2,53.5,low
STU-07963,70.8,98.4,91.4,7.5,88.0,low
STU-07964,51.9,19.6,31.5,3.2,46.0,high
STU-07965,95.3,100.0,76.2,6.7,65.6,low
STU-07966,54.8,37.1,38.5,7.4,25.7,high
STU-07967,64.7,63.9,65.4,7.7,44.8,medium
STU-07968,74.6,100.0,65.6,7.4,73.6,low
STU-07969,42.5,39.0,33.6,5.1,58.9,high
STU-07970,54.4,82.8,52.8,5.8,70.0,medium
STU-07971,72.7,62.8,72.7,6.7,56.0,medium
STU-07972,56.1,61.3,37.2,4.8,74.2,high
STU-07973,49.3,63.3,38.2,1.8,48.4,high
STU-07974,82.4,66.9,79.7,5.8,76.0,low
STU-07975,93.2,58.7,84.2,9.8,93.7,low
STU-07976,100.0,77.1,80.4,10.0,56.6,low
STU-07977,91.3,100.0,100.0,9.6,100.0,low
STU-07978,89.9,67.2,79.0,7.0,50.9,low
STU-07979,85.3,80.4,82.7,7.6,100.0,low
STU-07980,100.0,63.7,84.1,5.2,81.8,low
STU-07981,86.8,61.4,89.6,10.0,64.0,low
STU-07982,42.1,82.0,49.6,4.2,42.4,high
STU-07983,53.0,60.2,39.5,4.1,67.5,medium
STU-07984,65.9,55.1,39.8,4.7,48.6,medium
STU-07985,89.9,63.1,100.0,9.3,72.2,low
STU-07986,51.2,54.7,39.6,4.7,45.5,high
STU-07987,93.8,54.8,77.5,6.6,79.0,low
STU-07988,84.8,85.5,96.5,8.8,78.8,low
STU-07989,95.0,47.1,86.0,8.2,45.4,medium
STU-07990,96.5,69.0,77.3,6.3,55.3,low
STU-07991,70.2,83.6,80.3,9.2,71.2,low
STU-07992,76.3,55.9,49.4,2.5,58.9,medium
STU-07993,77.8,83.2,100.0,9.8,100.0,low
STU-07994,56.9,4.4,42.4,8.0,37.8,high
STU-07995,53.7,47.4,61.1,5.7,57.1,medium
STU-07996,95.6,56.1,87.9,8.8,90.0,low
STU-07997,55.6,85.2,70.9,6.8,89.7,low
STU-07998,87.4,39.4,58.5,7.2,60.5,medium
STU-07999,66.6,61.2,85.8,8.5,97.3,medium
STU-08000,99.9,60.7,91.0,8.4,94.7,low
STU-08001,31.6,56.7,41.9,0.3,70.6,high
STU-08002,91.3,66.7,79.6,8.4,97.7,low
STU-08003,98.9,78.3,93.7,6.3,89.8,low
STU-08004,89.1,41.7,48.2,4.7,76.8,medium
STU-08005,49.8,65.2,67.8,4.9,61.8,high
STU-08006,69.8,72.2,50.4,7.6,35.5,low
STU-08007,77.2,57.9,69.0,10.0,61.7,low
STU-08008,93.2,54.4,61.0,6.9,83.4,medium
STU-08009,53.2,54.6,30.2,4.0,76.3,high
STU-08010,60.4,33.0,14.6,5.3,24.8,high
STU-08011,88.9,74.3,100.0,9.4,59.6,low
STU-08012,30.0,43.4,37.2,3.7,28.9,high
STU-08013,48.7,75.3,71.4,5.3,67.7,high
STU-08014,98.7,73.2,77.6,9.9,62.1,low
STU-08015,100.0,32.6,65.6,7.3,33.7,medium
STU-08016,92.0,92.1,90.0,10.0,77.6,low
STU-08017,71.7,59.0,51.4,7.0,84.9,medium
STU-08018,42.3,62.8,60.2,5.9,85.2,high
STU-08019,87.8,89.7,78.1,9.2,84.9,low
STU-08020,73.2,47.0,25.6,6.3,63.8,high
STU-08021,84.0,100.0,100.0,10.0,100.0,low
STU-08022,66.1,52.5,52.7,7.7,71.2,medium
STU-08023,100.0,100.0,100.0,10.0,91.9,low
STU-08024,72.4,55.4,63.0,5.1,46.0,medium
STU-08025,78.0,51.1,67.3,7.4,50.1,medium
STU-08026,71.4,64.2,80.8,7.5,82.9,medium
STU-08027,100.0,86.6,100.0,10.0,69.5,low
STU-08028,82.0,73.9,85.9,5.8,82.4,low
STU-08029,72.2,55.0,57.7,3.8,64.6,medium
STU-08030,62.3,69.6,67.2,5.9,83.3,low
STU-08031,100.0,100.0,74.5,7.5,73.8,low
STU-08032,70.1,78.2,100.0,10.0,74.7,low
STU-08033,46.0,51.9,60.4,4.5,73.9,high
STU-08034,95.3,78.3,41.4,7.6,58.4,low
STU-08035,100.0,66.5,100.0,10.0,77.7,low
STU-08036,70.2,48.8,39.9,5.5,63.0,medium
STU-08037,65.7,43.8,67.1,4.7,71.6,low
STU-08038,68.9,57.3,64.4,5.6,64.3,low
STU-08039,51.7,52.5,48.6,2.7,72.7,medium
STU-08040,66.8,91.3,100.0,3.5,85.5,low
STU-08041,89.2,82.8,53.6,7.1,48.4,medium
STU-08042,100.0,65.0,82.9,8.7,66.2,low
STU-08043,93.9,72.6,92.1,10.0,73.2,low
STU-08044,74.7,34.4,42.5,5.9,26.5,high
STU-08045,77.9,75.6,62.9,7.5,46.3,low
STU-08046,76.4,82.9,78.1,10.0,87.1,low
STU-08047,33.7,12.1,37.0,3.7,5.9,high
STU-08048,86.2,54.2,50.9,7.0,70.9,medium
STU-08049,93.5,77.8,86.8,9.5,97.5,low
STU-08050,88.2,98.9,91.9,10.0,98.8,low
STU-08051,49.4,65.6,64.2,6.6,74.3,medium
STU-08052,83.2,96.3,49.4,7.1,83.2,low
STU-08053,87.7,90.2,57.7,6.8,69.9,low
STU-08054,100.0,67.2,90.6,8.1,70.3,low
STU-08055,60.6,50.8,35.6,4.1,52.0,medium
STU-08056,57.1,65.4,74.9,5.3,44.8,low
STU-08057,81.5,49.4,73.5,7.1,67.4,low
STU-08058,54.3,59.3,67.2,4.7,64.5,medium
STU-08059,62.6,72.2,64.4,4.4,89.9,low
STU-08060,73.1,92.3,66.2,7.1,95.1,low
STU-08061,67.5,72.0,57.2,7.4,62.4,low
STU-08062,58.6,41.6,48.3,3.9,37.9,high
STU-08063,89.8,100.0,93.4,7.3,75.5,low
STU-08064,65.1,66.4,87.8,7.8,65.6,low
STU-08065,66.1,76.4,54.2,8.1,55.8,medium
STU-08066,93.0,53.3,96.5,9.5,64.9,low
STU-08067,80.7,97.7,69.7,5.5,72.5,low
STU-08068,100.0,72.5,83.0,5.4,78.1,low
STU-08069,57.6,73.7,64.5,3.7,92.0,medium
STU-08070,82.9,52.8,42.7,3.0,99.6,medium
STU-08071,89.7,100.0,96.1,4.7,90.8,low
STU-08072,100.0,80.1,88.1,9.7,67.2,low
STU-08073,49.7,37.4,45.0,3.8,40.2,high
STU-08074,76.8,48.3,55.9,8.7,65.7,medium
STU-08075,68.0,96.4,77.3,5.7,93.6,low
STU-08076,45.0,37.7,54.4,4.7,53.1,high
STU-08077,71.8,53.6,69.1,7.3,74.2,medium
STU-08078,63.0,93.8,86.8,6.6,62.0,low
STU-08079,67.9,63.9,57.6,3.3,85.2,medium
STU-08080,41.4,95.2,96.2,9.1,100.0,medium
STU-08081,41.9,46.0,14.6,0.7,36.4,high
STU-08082,56.0,76.7,56.3,6.9,63.1,medium
STU-08083,92.3,94.7,64.7,7.1,84.3,low
STU-08084,70.1,21.9,56.7,6.5,49.3,medium
STU-08085,35.6,31.4,34.6,5.0,55.4,high
STU-08086,98.1,71.8,62.3,7.7,59.6,medium
STU-08087,57.6,100.0,68.8,6.5,68.8,low
STU-08088,74.8,77.0,67.3,6.2,100.0,low
STU-08089,80.2,78.1,72.4,8.0,79.7,low
STU-08090,76.8,50.7,57.6,2.5,57.1,medium
STU-08091,61.6,100.0,96.5,10.0,100.0,low
STU-08092,100.0,100.0,100.0,10.0,100.0,low
STU-08093,100.0,71.3,76.7,9.9,78.6,low
STU-08094,82.5,70.0,53.7,4.2,57.3,medium
STU-08095,89.0,23.4,61.0,5.9,40.5,high
STU-08096,83.0,50.0,44.5,2.7,49.7,high
STU-08097,75.8,62.0,92.3,7.8,59.5,medium
STU-08098,61.3,50.0,43.4,2.6,29.1,high
STU-08099,78.1,73.8,86.1,6.5,55.0,low
STU-08100,100.0,100.0,100.0,10.0,96.3,low
STU-08101,68.6,100.0,77.1,7.1,76.3,low
STU-08102,91.1,85.0,100.0,10.0,64.7,low
STU-08103,67.1,48.8,58.6,6.7,45.8,medium
STU-08104,49.8,100.0,58.1,8.1,80.7,high
STU-08105,65.1,83.3,57.1,4.5,32.2,low
STU-08106,89.5,51.6,89.1,10.0,35.3,low
STU-08107,61.5,73.6,83.3,4.1,81.7,medium
STU-08108,79.0,71.5,33.9,5.8,77.1,medium
STU-08109,49.6,25.0,31.5,3.4,2.3,high
STU-08110,69.2,49.8,71.4,5.5,64.4,high
STU-08111,59.6,37.5,51.8,7.2,71.1,high
STU-08112,94.6,95.7,93.9,7.2,100.0,low
STU-08113,99.3,80.3,78.4,8.7,88.5,low
STU-08114,43.6,56.1,34.9,2.3,35.0,high
STU-08115,62.3,100.0,87.1,7.4,78.2,low
STU-08116,98.7,57.7,47.3,2.7,57.6,medium
STU-08117,91.0,73.4,76.9,5.3,87.8,low
STU-08118,99.8,66.7,85.2,5.1,48.9,medium
STU-08119,34.9,11.0,13.5,4.8,53.6,high
STU-08120,34.3,53.7,37.2,3.6,68.9,high
STU-08121,81.4,69.5,97.0,8.2,59.8,low
STU-08122,63.8,92.4,89.3,4.7,63.7,medium
STU-08123,37.2,36.1,18.3,4.6,62.9,high
STU-08124,59.9,26.0,46.0,1.5,56.3,high
STU-08125,100.0,97.9,66.8,10.0,100.0,low
STU-08126,57.9,46.9,62.7,5.5,9.4,high
STU-08127,90.0,85.7,70.2,5.2,83.4,low
STU-08128,100.0,85.0,100.0,9.7,100.0,low
STU-08129,67.9,70.1,94.9,9.7,65.3,low
STU-08130,81.5,67.7,86.0,9.8,70.2,low
STU-08131,44.0,42.2,46.1,1.4,38.8,high
STU-08132,55.3,50.9,38.8,5.5,43.3,high
STU-08133,76.8,39.0,51.9,5.7,37.9,high
STU-08134,88.1,61.0,72.8,4.3,72.2,medium
STU-08135,91.1,90.8,92.6,8.1,93.2,low
STU-08136,45.2,67.3,41.9,1.8,65.7,high
STU-08137,92.2,55.9,61.6,5.5,80.3,medium
STU-08138,100.0,100.0,85.5,7.8,57.5,low
STU-08139,85.8,65.3,81.0,9.0,68.6,low
STU-08140,77.0,82.0,83.8,7.9,100.0,low
STU-08141,76.9,73.7,69.3,9.2,74.4,low
STU-08142,51.7,94.5,86.8,6.8,75.4,low
STU-08143,96.4,65.0,70.2,3.2,69.6,medium
STU-08144,54.8,62.2,38.2,2.9,69.5,medium
STU-08145,57.7,33.3,42.8,5.5,52.7,high
STU-08146,49.6,61.3,48.8,5.0,51.1,high
STU-08147,73.3,76.1,57.8,5.1,96.9,low
STU-08148,44.9,48.2,49.7,5.6,38.9,high
STU-08149,74.9,52.0,60.6,6.2,87.6,low
STU-08150,100.0,78.4,100.0,10.0,95.7,low
STU-08151,73.2,62.2,66.1,4.3,59.9,medium
STU-08152,77.4,99.3,93.7,4.8,67.2,low
STU-08153,39.7,42.0,21.4,0.8,55.4,high
STU-08154,97.3,100.0,100.0,10.0,97.5,low
STU-08155,81.2,71.6,90.8,8.1,46.7,low
STU-08156,61.3,44.0,51.5,4.7,51.5,medium
STU-08157,76.3,68.0,63.1,3.1,41.7,medium
STU-08158,65.3,47.5,70.5,7.7,55.1,medium
STU-08159,46.2,45.9,18.0,1.2,64.7,high
STU-08160,53.6,54.1,44.7,3.4,39.9,medium
STU-08161,58.4,47.8,51.4,5.4,29.5,high
STU-08162,82.3,97.4,86.9,8.0,85.7,low
STU-08163,100.0,64.4,83.6,9.1,55.9,low
STU-08164,49.6,100.0,60.0,4.6,74.7,high
STU-08165,92.0,100.0,93.6,10.0,100.0,low
STU-08166,78.5,88.4,93.3,10.0,89.3,low
STU-08167,73.8,52.4,67.4,4.5,69.2,medium
STU-08168,48.6,32.6,34.3,4.0,32.7,high
STU-08169,49.5,14.0,31.8,1.5,23.4,high
STU-08170,71.7,56.1,62.2,7.9,70.0,medium
STU-08171,86.6,51.2,88.8,6.1,69.0,low
STU-08172,92.2,50.8,91.1,4.7,51.6,medium
STU-08173,100.0,63.6,96.8,4.6,52.3,low
STU-08174,99.3,85.0,89.9,10.0,96.5,low
STU-08175,99.2,76.5,80.5,5.8,99.2,low
STU-08176,54.0,20.3,18.1,1.2,54.5,high
STU-08177,48.5,69.1,61.1,5.6,62.6,high
STU-08178,82.3,77.7,87.9,8.3,55.1,low
STU-08179,31.0,50.9,62.2,6.6,77.3,high
STU-08180,100.0,96.7,97.0,10.0,100.0,low
STU-08181,59.2,47.1,59.3,8.0,55.1,medium
STU-08182,70.6,16.1,64.1,7.9,50.0,high
STU-08183,99.7,83.4,70.9,7.5,63.3,low
STU-08184,96.2,88.3,63.7,7.4,85.3,low
STU-08185,65.4,55.3,51.0,6.8,78.9,medium
STU-08186,29.7,48.4,26.4,3.3,44.3,high
STU-08187,89.7,100.0,78.9,3.8,80.1,low
STU-08188,36.1,37.7,17.9,2.9,49.7,high
STU-08189,81.1,84.7,63.8,3.3,80.8,low
STU-08190,93.9,69.9,50.2,3.8,55.1,medium
STU-08191,98.3,85.1,80.8,6.3,75.2,low
STU-08192,100.0,99.6,96.3,10.0,100.0,low
STU-08193,96.0,77.1,84.7,8.6,98.3,low
STU-08194,43.5,21.3,41.4,5.3,42.6,high
STU-08195,79.5,71.9,94.1,5.5,55.9,low
STU-08196,37.2,67.1,40.8,2.3,67.4,high
STU-08197,86.1,54.2,76.2,7.7,94.4,low
STU-08198,62.2,20.0,43.0,5.6,68.0,high
STU-08199,90.1,66.0,70.5,6.1,48.8,low
STU-08200,92.9,72.2,68.9,8.2,76.9,low
STU-08201,86.8,85.0,98.7,9.5,65.2,low
STU-08202,58.7,33.2,52.8,6.7,53.1,high
STU-08203,68.9,83.8,88.9,6.9,64.2,low
STU-08204,70.3,77.7,57.2,6.5,48.0,low
STU-08205,93.9,87.0,85.7,10.0,88.9,low
STU-08206,51.4,62.3,58.3,6.3,49.5,low
STU-08207,61.9,62.5,56.5,6.0,58.5,medium
STU-08208,74.5,54.9,50.2,7.1,53.6,medium
STU-08209,44.7,52.6,29.7,1.8,73.9,high
STU-08210,81.4,100.0,81.4,6.6,94.7,low
STU-08211,32.8,36.3,52.4,4.0,54.0,high
STU-08212,90.2,86.2,47.0,9.6,51.5,low
STU-08213,46.5,45.7,46.3,5.5,62.8,high
STU-08214,80.9,30.5,45.2,4.7,42.6,high
STU-08215,57.5,46.9,46.2,3.0,38.7,high
STU-08216,93.7,95.5,98.0,6.9,71.1,low
STU-08217,53.3,41.3,41.6,4.0,34.0,high
STU-08218,53.3,26.8,42.5,2.5,53.8,high
STU-08219,100.0,78.3,80.6,7.6,98.6,low
STU-08220,67.2,66.4,78.6,6.5,61.1,medium
STU-08221,92.9,59.5,42.8,4.5,48.2,medium
STU-08222,54.8,39.1,9.5,2.6,26.6,high
STU-08223,84.7,40.3,74.6,5.3,44.5,high
STU-08224,94.7,95.0,100.0,10.0,100.0,low
STU-08225,96.3,70.1,51.1,7.2,93.9,low
STU-08226,76.8,56.3,61.7,4.6,67.2,medium
STU-08227,46.8,45.3,41.3,1.8,50.9,high
STU-08228,63.3,8.3,41.7,2.2,30.0,high
STU-08229,77.3,69.3,71.2,7.7,49.8,low
STU-08230,53.8,49.2,56.9,5.0,78.3,medium
STU-08231,54.4,58.7,92.7,7.8,92.2,low
STU-08232,99.8,87.6,55.5,7.5,65.7,low
STU-08233,50.8,69.8,18.6,5.9,74.2,medium
STU-08234,80.3,87.9,84.1,6.3,61.9,low
STU-08235,46.1,58.2,42.0,5.7,60.5,high
STU-08236,76.6,70.9,26.3,5.5,70.2,medium
STU-08237,67.4,70.5,72.2,8.8,80.2,low
STU-08238,100.0,75.9,70.2,10.0,61.6,low
STU-08239,55.0,48.5,54.4,4.9,85.6,high
STU-08240,60.1,50.8,80.6,5.5,100.0,low
STU-08241,79.3,42.1,57.5,6.5,28.7,medium
STU-08242,90.1,35.9,66.5,4.9,31.9,medium
STU-08243,83.6,69.5,82.4,9.0,98.7,low
STU-08244,72.8,85.1,79.8,5.5,81.9,low
STU-08245,89.1,94.4,89.6,7.8,70.5,low
STU-08246,95.2,46.1,72.6,5.0,81.4,low
STU-08247,100.0,82.7,80.8,9.5,66.9,low
STU-08248,70.0,30.0,70.1,6.4,53.8,medium
STU-08249,76.9,81.0,100.0,6.7,70.0,low
STU-08250,63.7,76.6,80.6,5.4,78.0,medium
STU-08251,35.5,28.4,1.9,1.4,59.3,high
STU-08252,46.3,55.1,76.1,6.7,64.3,high
STU-08253,72.7,57.4,53.1,6.0,58.5,high
STU-08254,83.2,96.6,100.0,10.0,86.4,low
STU-08255,80.0,57.5,59.0,7.6,63.7,medium
STU-08256,50.2,72.8,31.4,4.3,60.4,high
STU-08257,61.4,66.6,69.5,5.6,85.8,medium
STU-08258,100.0,73.4,81.8,10.0,41.1,low
STU-08259,89.9,72.8,78.7,7.5,98.1,low
STU-08260,88.3,84.2,90.8,10.0,76.1,low
STU-08261,74.0,67.5,69.3,8.2,72.5,low
STU-08262,72.5,61.7,51.3,5.0,71.7,medium
STU-08263,61.3,48.9,60.5,2.6,56.8,medium
STU-08264,86.4,63.9,58.4,6.0,78.7,low
STU-08265,41.2,36.9,21.8,0.0,38.3,high
STU-08266,47.5,56.3,97.2,6.3,54.8,high
STU-08267,91.3,87.8,86.8,7.3,84.9,low
STU-08268,55.8,28.3,36.6,5.4,46.0,high
STU-08269,100.0,64.8,97.9,9.8,85.0,low
STU-08270,87.4,46.3,100.0,10.0,87.0,low
STU-08271,100.0,100.0,91.6,8.4,97.9,low
STU-08272,30.7,87.9,74.3,4.6,34.1,high
STU-08273,100.0,100.0,100.0,10.0,100.0,low
STU-08274,89.5,67.8,74.2,8.9,73.7,low
STU-08275,40.7,59.1,53.9,4.9,88.4,high
STU-08276,95.4,36.8,52.0,7.4,77.0,medium
STU-08277,87.6,62.7,69.0,6.0,38.0,medium
STU-08278,33.1,71.3,39.4,4.4,76.9,medium
STU-08279,72.6,80.3,80.4,4.2,88.0,low
STU-08280,85.2,85.9,83.9,6.6,97.3,low
STU-08281,78.1,68.7,38.4,2.9,68.1,medium
STU-08282,62.0,47.2,51.2,6.4,61.3,medium
STU-08283,23.0,63.2,39.5,4.8,45.4,high
STU-08284,100.0,80.9,74.0,9.4,58.5,low
STU-08285,68.0,55.9,58.9,7.6,72.4,medium
STU-08286,53.8,92.8,92.2,7.2,88.6,low
STU-08287,50.2,32.7,45.8,1.8,52.9,high
STU-08288,64.2,65.0,47.6,5.5,59.5,medium
STU-08289,47.1,48.3,49.5,3.0,48.5,high
STU-08290,60.1,75.2,85.2,5.1,75.1,medium
STU-08291,66.4,74.4,82.1,6.3,36.0,medium
STU-08292,81.4,83.2,92.9,7.2,100.0,low
STU-08293,47.6,50.2,33.7,5.8,47.2,high
STU-08294,79.8,49.6,47.4,5.6,68.3,medium
STU-08295,38.0,66.4,56.7,5.3,91.0,high
STU-08296,78.7,51.0,44.1,7.7,41.8,medium
STU-08297,73.5,74.1,75.9,8.9,52.2,low
STU-08298,71.5,58.7,58.2,5.5,31.6,medium
STU-08299,53.4,45.1,47.5,1.6,53.1,high
STU-08300,100.0,89.8,78.6,8.8,81.8,low
STU-08301,74.4,67.7,41.8,2.2,49.9,medium
STU-08302,58.6,43.4,62.1,4.2,40.9,medium
STU-08303,75.4,48.8,80.9,9.1,77.6,low
STU-08304,79.1,64.6,78.1,4.8,63.7,low
STU-08305,68.9,19.6,15.0,2.1,33.8,high
STU-08306,37.6,55.3,62.2,4.6,67.1,high
STU-08307,42.0,36.4,37.0,3.5,63.7,high
STU-08308,64.0,52.4,69.3,6.8,71.7,medium
STU-08309,81.2,56.8,50.8,8.4,69.3,medium
STU-08310,82.7,59.9,100.0,10.0,83.6,low
STU-08311,54.9,33.2,48.8,2.8,19.6,high
STU-08312,56.5,41.7,43.5,2.4,65.0,high
STU-08313,100.0,100.0,86.9,8.0,64.4,low
STU-08314,44.7,62.7,33.9,3.2,48.4,high
STU-08315,59.2,67.5,32.1,8.5,67.6,medium
STU-08316,66.7,49.0,45.6,7.0,64.6,medium
STU-08317,59.1,66.1,64.6,7.2,85.0,medium
STU-08318,45.8,0.5,48.5,3.4,2.7,high
STU-08319,66.4,100.0,84.9,3.4,95.1,low
STU-08320,49.7,79.5,64.8,7.9,74.6,medium
STU-08321,81.6,70.0,83.3,6.2,47.1,low
STU-08322,68.3,66.3,90.6,5.2,70.1,low
STU-08323,68.5,10.9,54.5,5.8,0.0,high
STU-08324,23.7,56.4,48.3,6.6,67.7,high
STU-08325,81.8,59.0,56.1,10.0,67.3,medium
STU-08326,48.9,78.7,65.6,6.3,65.5,high
STU-08327,79.6,82.9,64.1,10.0,70.1,low
STU-08328,85.0,69.8,98.2,5.9,99.8,low
STU-08329,58.8,42.4,37.3,5.2,43.5,high
STU-08330,71.2,20.8,43.3,6.1,56.0,high
STU-08331,97.8,81.9,75.9,7.1,84.2,low
STU-08332,100.0,100.0,100.0,10.0,100.0,low
STU-08333,100.0,100.0,100.0,10.0,100.0,low
STU-08334,100.0,100.0,100.0,10.0,79.6,low
STU-08335,66.0,72.0,85.2,6.1,55.0,medium
STU-08336,90.6,73.6,94.6,9.2,59.6,low
STU-08337,64.3,88.1,53.1,6.7,79.4,low
STU-08338,75.7,83.5,85.6,6.6,60.8,low
STU-08339,56.7,31.0,39.7,5.0,30.6,high
STU-08340,54.6,100.0,67.3,8.5,62.6,low
STU-08341,68.6,79.3,82.7,6.2,86.8,low
STU-08342,40.7,60.9,48.1,4.6,55.1,high
STU-08343,67.8,50.4,22.1,7.9,18.8,high
STU-08344,55.2,49.7,72.2,7.3,50.4,medium
STU-08345,24.7,19.8,30.0,0.9,24.5,high
STU-08346,71.5,65.1,53.5,7.7,91.9,medium
STU-08347,53.5,28.2,31.8,3.9,30.9,high
STU-08348,86.3,58.0,99.8,9.2,86.8,low
STU-08349,58.7,44.9,68.8,4.9,64.4,medium
STU-08350,76.6,65.8,75.6,5.4,39.0,low
STU-08351,100.0,78.3,82.3,8.1,80.5,low
STU-08352,53.7,57.9,58.5,6.3,72.0,medium
STU-08353,50.0,56.2,61.3,7.8,92.6,high
STU-08354,64.5,42.9,38.2,3.3,47.8,high
STU-08355,67.0,53.4,77.2,2.8,54.1,medium
STU-08356,63.9,29.0,46.8,5.7,9.5,high
STU-08357,50.6,39.0,34.1,5.5,42.5,high
STU-08358,87.7,90.7,79.3,4.8,75.0,low
STU-08359,88.1,100.0,100.0,8.2,98.6,low
STU-08360,54.6,70.5,39.5,3.1,75.7,medium
STU-08361,86.4,43.3,80.1,6.5,40.5,medium
STU-08362,20.2,47.2,29.3,5.1,52.3,high
STU-08363,77.0,60.6,81.7,8.5,64.1,low
STU-08364,67.4,54.6,68.1,6.0,54.8,medium
STU-08365,77.3,99.6,96.1,9.9,64.0,low
STU-08366,49.4,59.5,50.4,1.0,49.1,high
STU-08367,79.2,75.4,59.0,9.0,69.1,low
STU-08368,95.1,75.4,79.2,9.1,69.9,low
STU-08369,69.7,86.7,79.5,6.1,61.4,low
STU-08370,58.9,38.5,47.6,4.1,51.1,high
STU-08371,53.4,76.6,35.0,4.2,60.9,high
STU-08372,36.8,76.2,37.4,3.0,46.2,high
STU-08373,72.1,59.9,41.5,4.9,48.3,medium
STU-08374,74.6,60.4,38.7,2.7,74.2,medium
STU-08375,80.5,65.4,80.8,9.6,44.8,low
STU-08376,73.5,75.1,75.6,3.7,99.7,low
STU-08377,57.2,9.7,45.7,5.1,52.8,high
STU-08378,67.2,48.3,63.3,5.7,91.6,medium
STU-08379,83.2,62.7,80.9,7.4,82.0,low
STU-08380,95.0,100.0,100.0,10.0,100.0,low
STU-08381,75.5,61.4,37.6,6.6,10.1,high
STU-08382,60.7,68.3,82.5,2.9,74.9,low
STU-08383,94.7,75.3,87.4,7.5,100.0,low
STU-08384,56.2,100.0,64.0,5.4,36.3,low
STU-08385,89.6,70.4,75.2,8.3,75.5,low
STU-08386,100.0,63.2,76.1,9.1,83.0,low
STU-08387,39.0,43.2,48.8,4.1,61.2,high
STU-08388,43.9,61.5,40.0,5.1,87.2,high
STU-08389,95.1,57.8,95.1,7.1,81.3,low
STU-08390,100.0,100.0,79.6,10.0,78.8,low
STU-08391,100.0,35.8,91.4,8.5,81.8,medium
STU-08392,63.5,70.3,76.0,5.4,38.1,medium
STU-08393,95.7,82.5,89.8,8.2,74.9,low
STU-08394,87.7,50.0,70.5,5.2,58.8,low
STU-08395,100.0,97.2,70.6,9.2,70.5,low
STU-08396,93.0,48.8,55.0,7.0,79.6,medium
STU-08397,49.1,29.9,28.9,4.4,23.4,high
STU-08398,77.8,80.6,53.5,4.0,76.6,low
STU-08399,71.4,42.9,55.8,7.0,50.9,medium
STU-08400,82.7,68.3,63.8,6.9,97.5,low
STU-08401,58.8,53.5,42.9,8.1,65.9,medium
STU-08402,100.0,100.0,84.9,9.7,62.6,low
STU-08403,42.8,68.8,29.2,5.0,49.0,high
STU-08404,89.6,87.7,84.8,9.1,100.0,low
STU-08405,67.8,64.8,63.4,3.9,67.5,medium
STU-08406,63.4,77.8,62.4,6.9,58.2,medium
STU-08407,68.3,45.3,50.2,4.2,60.7,high
STU-08408,17.6,36.8,17.9,0.0,51.7,high
STU-08409,82.3,99.3,93.8,7.8,72.5,low
STU-08410,53.3,89.0,44.8,7.8,49.7,medium
STU-08411,60.2,60.4,71.6,4.8,70.5,medium
STU-08412,30.0,48.4,51.2,3.5,58.2,high
STU-08413,76.6,61.3,60.6,3.4,64.4,medium
STU-08414,59.7,42.3,41.9,3.9,44.9,high
STU-08415,73.5,84.1,63.7,6.5,76.5,low
STU-08416,70.8,69.3,53.7,5.8,76.5,medium
STU-08417,73.2,100.0,55.5,6.8,66.5,low
STU-08418,88.9,65.4,78.8,7.8,78.0,low
STU-08419,88.8,92.1,95.9,5.8,91.5,low
STU-08420,45.2,54.9,52.4,4.4,49.7,high
STU-08421,89.8,71.8,85.5,4.7,87.2,low
STU-08422,85.4,64.9,83.4,7.0,48.3,low
STU-08423,62.0,67.0,72.8,6.4,50.0,low
STU-08424,82.6,100.0,72.2,4.9,73.5,low
STU-08425,66.0,41.6,56.0,9.2,52.0,high
STU-08426,44.4,66.4,46.3,4.0,64.5,high
STU-08427,45.2,58.2,65.0,4.9,46.7,high
STU-08428,67.3,62.0,32.9,1.4,66.1,high
STU-08429,100.0,89.1,100.0,5.2,96.8,low
STU-08430,100.0,85.1,93.1,10.0,88.9,low
STU-08431,68.6,57.7,73.3,6.5,75.5,medium
STU-08432,67.9,38.7,55.8,3.6,89.7,medium
STU-08433,53.4,70.4,71.3,4.7,49.8,medium
STU-08434,71.7,34.4,50.0,7.8,50.6,high
STU-08435,73.6,44.5,57.5,6.6,78.7,medium
STU-08436,64.2,88.8,60.6,2.2,92.6,medium
STU-08437,100.0,92.9,96.5,10.0,90.6,low
STU-08438,95.3,48.0,68.1,6.9,53.3,medium
STU-08439,77.3,79.0,78.1,8.1,78.7,low
STU-08440,90.0,88.4,68.3,8.6,62.4,low
STU-08441,78.5,48.4,79.4,5.0,50.3,medium
STU-08442,53.1,85.3,89.0,3.8,78.4,low
STU-08443,82.6,72.6,61.7,5.6,95.9,low
STU-08444,56.1,73.2,67.4,7.5,80.0,medium
STU-08445,85.7,94.3,100.0,7.1,67.5,low
STU-08446,83.9,95.7,61.7,5.6,77.0,low
STU-08447,76.5,66.6,87.0,6.7,77.5,low
STU-08448,81.4,69.3,72.9,4.7,71.0,low
STU-08449,97.2,70.9,74.4,9.3,50.7,low
STU-08450,71.2,100.0,92.3,6.9,100.0,low
STU-08451,64.5,77.0,49.1,8.0,78.1,low
STU-08452,41.4,40.1,34.7,0.6,53.4,high
STU-08453,55.6,41.4,31.7,4.1,29.5,high
STU-08454,73.6,70.4,76.3,8.4,59.9,low
STU-08455,69.6,69.3,68.3,5.0,58.9,low
STU-08456,62.2,74.3,61.4,4.1,100.0,medium
STU-08457,100.0,70.8,77.6,7.3,72.3,low
STU-08458,86.2,57.8,66.3,6.0,64.7,medium
STU-08459,78.2,37.0,79.2,6.8,52.1,medium
STU-08460,67.3,69.4,56.4,8.4,72.8,low
STU-08461,83.0,54.6,68.8,4.5,46.4,medium
STU-08462,77.6,74.2,63.7,7.3,77.7,medium
STU-08463,48.0,20.2,33.2,2.0,25.7,high
STU-08464,75.7,92.6,100.0,10.0,74.9,low
STU-08465,100.0,86.1,100.0,8.2,74.6,low
STU-08466,73.0,85.8,36.6,3.7,81.6,medium
STU-08467,42.0,63.7,40.3,4.0,25.2,high
STU-08468,86.6,31.5,58.0,4.1,47.0,high
STU-08469,51.0,54.7,74.5,6.0,49.0,medium
STU-08470,90.6,72.6,81.5,9.8,87.4,low
STU-08471,65.2,72.8,63.4,5.6,80.6,medium
STU-08472,100.0,77.1,100.0,9.7,30.3,low
STU-08473,76.6,71.5,90.2,3.5,53.7,low
STU-08474,100.0,100.0,100.0,10.0,100.0,low
STU-08475,96.9,95.6,69.4,7.6,69.6,low
STU-08476,40.1,17.7,0.0,0.0,40.1,high
STU-08477,100.0,94.7,83.1,10.0,78.5,low
STU-08478,85.4,100.0,86.9,9.4,100.0,low
STU-08479,67.7,43.0,55.5,6.3,59.2,medium
STU-08480,100.0,79.1,88.2,7.0,53.2,low
STU-08481,62.1,72.0,71.1,3.6,49.7,medium
STU-08482,32.9,55.6,56.6,0.0,44.0,high
STU-08483,91.9,60.3,58.5,4.6,71.4,low
STU-08484,100.0,100.0,100.0,10.0,73.1,low
STU-08485,88.3,75.6,78.2,4.9,80.3,low
STU-08486,100.0,100.0,86.7,8.8,87.0,low
STU-08487,96.3,86.8,73.0,7.8,76.4,low
STU-08488,46.6,62.4,56.5,5.4,49.9,high
STU-08489,99.7,95.8,100.0,8.9,70.7,low
STU-08490,58.7,43.5,72.1,7.8,59.0,high
STU-08491,84.4,84.4,51.0,5.3,78.9,low
STU-08492,80.3,100.0,81.9,4.9,85.3,low
STU-08493,86.4,79.5,79.4,10.0,92.0,low
STU-08494,41.2,52.0,34.8,2.5,72.9,high
STU-08495,86.7,53.8,60.6,7.7,51.5,low
STU-08496,81.8,72.3,83.4,3.7,68.3,low
STU-08497,82.5,70.7,98.2,6.7,100.0,low
STU-08498,92.1,94.9,100.0,7.8,87.2,low
STU-08499,100.0,90.6,79.3,6.6,76.6,low
STU-08500,53.3,79.9,43.6,4.4,66.2,medium
STU-08501,81.3,79.1,87.3,8.8,55.7,low
STU-08502,60.8,65.7,76.7,5.1,67.9,medium
STU-08503,66.1,30.7,42.6,4.5,59.3,high
STU-08504,100.0,72.5,44.0,7.5,50.8,low
STU-08505,72.4,67.0,73.4,5.2,42.4,medium
STU-08506,100.0,84.2,77.6,8.2,79.0,low
STU-08507,84.2,44.6,68.8,6.5,62.0,medium
STU-08508,52.4,33.2,55.1,2.8,25.4,high
STU-08509,55.6,49.5,57.3,8.3,67.4,medium
STU-08510,100.0,79.4,100.0,10.0,82.0,low
STU-08511,50.6,42.0,24.4,4.7,35.3,high
STU-08512,46.2,56.6,50.2,1.5,74.9,high
STU-08513,67.8,48.8,52.8,5.7,61.3,high
STU-08514,87.0,39.2,59.2,8.5,57.3,medium
STU-08515,91.9,76.9,96.7,7.8,84.6,low
STU-08516,31.1,23.0,15.1,3.4,20.5,high
STU-08517,17.5,4.5,0.0,1.3,4.0,high
STU-08518,100.0,75.0,77.0,6.8,95.1,low
STU-08519,53.4,42.7,99.8,7.2,45.8,low
STU-08520,71.6,66.3,64.3,6.1,84.6,medium
STU-08521,46.2,56.4,28.6,1.8,67.9,high
STU-08522,41.7,60.3,76.0,7.1,46.2,high
STU-08523,92.4,72.2,48.9,5.1,74.7,low
STU-08524,64.2,64.2,77.3,5.2,68.5,low
STU-08525,80.0,87.2,98.4,6.5,100.0,low
STU-08526,57.9,64.5,8.0,5.6,41.3,high
STU-08527,74.3,60.2,81.8,5.9,54.2,low
STU-08528,83.5,100.0,89.0,5.9,100.0,low
STU-08529,68.5,64.1,37.9,7.5,36.8,medium
STU-08530,82.4,85.0,72.7,8.2,46.5,low
STU-08531,96.1,60.2,65.6,6.2,77.9,low
STU-08532,100.0,86.0,68.9,9.4,80.1,low
STU-08533,52.5,88.7,43.7,2.7,64.3,low
STU-08534,64.0,90.6,65.2,7.9,58.7,low
STU-08535,80.1,70.0,57.4,8.3,80.4,low
STU-08536,56.8,56.4,35.1,3.4,62.2,high
STU-08537,70.1,63.7,53.6,4.3,71.4,medium
STU-08538,77.0,100.0,92.7,8.6,82.6,low
STU-08539,83.5,79.5,89.1,7.9,98.0,low
STU-08540,64.8,68.2,81.6,9.6,50.4,low
STU-08541,78.7,71.9,77.3,8.0,62.8,low
STU-08542,64.8,69.4,27.2,6.3,59.4,medium
STU-08543,54.5,43.2,44.9,2.8,40.3,high
STU-08544,90.7,99.0,66.9,4.4,71.8,low
STU-08545,89.6,85.5,63.0,5.0,91.0,low
STU-08546,79.9,34.5,53.3,3.4,59.7,high
STU-08547,72.1,65.4,51.6,5.7,67.7,medium
STU-08548,100.0,95.2,100.0,10.0,100.0,low
STU-08549,65.2,69.8,50.9,6.2,57.4,medium
STU-08550,72.2,89.1,64.6,7.3,79.3,low
STU-08551,46.4,53.9,72.9,1.5,47.8,high
STU-08552,33.8,44.3,36.0,7.2,62.0,high
STU-08553,100.0,100.0,85.5,10.0,73.7,low
STU-08554,51.1,76.9,61.0,6.6,100.0,high
STU-08555,61.9,80.5,71.7,5.5,90.4,medium
STU-08556,42.2,48.6,34.6,2.9,20.5,high
STU-08557,60.8,42.8,46.8,6.9,72.4,high
STU-08558,79.7,90.8,54.6,4.2,65.2,low
STU-08559,80.0,72.7,85.5,9.1,53.1,low
STU-08560,61.2,25.8,32.9,5.8,64.3,high
STU-08561,47.1,62.4,77.5,4.5,84.4,high
STU-08562,80.4,72.9,80.7,8.8,99.6,low
STU-08563,73.7,56.2,63.3,3.5,49.2,medium
STU-08564,66.4,54.9,64.0,7.2,96.2,low
STU-08565,63.6,34.1,56.1,6.8,60.4,high
STU-08566,65.1,53.1,69.0,5.6,39.0,medium
STU-08567,50.6,66.5,74.3,7.3,95.6,medium
STU-08568,55.6,70.2,52.6,2.0,66.0,high
STU-08569,4.9,49.6,36.5,5.1,41.0,high
STU-08570,68.6,46.4,25.9,8.7,42.8,high
STU-08571,57.8,43.1,42.7,2.5,0.7,high
STU-08572,97.5,54.6,72.3,8.8,83.6,low
STU-08573,61.4,23.9,8.7,1.2,16.5,high
STU-08574,71.5,48.0,92.1,2.7,43.5,high
STU-08575,52.6,42.4,21.9,6.3,33.1,high
STU-08576,99.6,66.9,69.3,6.0,60.3,low
STU-08577,54.6,30.6,48.1,6.4,44.9,high
STU-08578,44.4,57.9,60.4,8.5,52.9,high
STU-08579,92.4,100.0,62.5,7.1,67.1,low
STU-08580,100.0,100.0,100.0,10.0,98.8,low
STU-08581,35.7,8.0,24.9,2.7,27.0,high
STU-08582,78.5,89.7,94.6,7.6,51.4,low
STU-08583,68.8,37.1,51.3,4.6,31.6,high
STU-08584,55.4,57.6,48.3,4.6,48.0,medium
STU-08585,60.6,68.4,61.6,6.9,64.3,medium
STU-08586,100.0,100.0,100.0,6.0,100.0,low
STU-08587,94.5,86.0,74.4,4.8,87.8,low
STU-08588,71.6,65.0,61.1,5.6,59.8,medium
STU-08589,96.7,100.0,100.0,9.7,74.8,low
STU-08590,87.3,43.4,55.3,6.4,27.2,high
STU-08591,77.3,49.2,80.0,7.2,63.9,medium
STU-08592,21.0,22.4,28.1,1.9,58.0,high
STU-08593,21.6,44.3,78.0,5.0,67.4,high
STU-08594,73.4,72.3,69.3,8.2,56.7,medium
STU-08595,93.4,36.5,100.0,7.9,69.3,medium
STU-08596,63.5,56.5,84.9,4.3,56.3,medium
STU-08597,71.4,55.1,49.3,2.1,34.4,high
STU-08598,100.0,100.0,96.5,10.0,77.8,low
STU-08599,99.7,70.5,82.8,7.3,65.5,low
STU-08600,88.7,62.2,90.6,9.9,76.1,low
STU-08601,70.7,86.1,65.9,8.2,54.9,low
STU-08602,67.9,73.4,83.8,7.1,62.8,low
STU-08603,80.4,58.0,50.7,8.9,74.6,medium
STU-08604,48.9,54.0,53.4,7.0,50.8,high
STU-08605,82.7,84.0,68.3,5.7,71.6,low
STU-08606,48.2,32.2,30.4,2.0,49.2,high
STU-08607,68.1,87.8,57.5,7.9,100.0,low
STU-08608,71.9,67.2,74.5,4.4,66.1,medium
STU-08609,31.5,46.4,24.8,2.6,47.3,high
STU-08610,75.7,45.7,55.3,5.6,49.1,high
STU-08611,78.5,83.8,91.4,7.5,94.3,low
STU-08612,57.9,56.0,72.7,5.8,48.1,high
STU-08613,79.8,46.0,50.4,4.6,61.9,medium
STU-08614,62.4,50.4,44.8,4.9,53.7,medium
STU-08615,49.8,51.5,52.3,8.7,49.2,high
STU-08616,80.2,57.3,69.9,4.0,34.6,medium
STU-08617,65.1,38.8,71.1,4.8,58.4,high
STU-08618,84.5,16.8,47.8,6.6,23.2,high
STU-08619,83.3,57.6,70.3,6.4,57.1,medium
STU-08620,58.8,73.3,47.2,6.9,47.7,medium
STU-08621,61.3,84.3,74.8,7.5,98.3,low
STU-08622,84.8,85.8,85.8,8.7,79.3,low
STU-08623,83.5,67.3,56.3,5.0,70.5,medium
STU-08624,88.3,100.0,89.9,8.8,95.6,low
STU-08625,47.7,55.9,28.1,4.3,63.2,high
STU-08626,62.3,41.5,56.7,1.4,65.3,high
STU-08627,62.5,45.7,42.3,6.1,37.5,high
STU-08628,65.8,33.7,47.4,2.3,19.8,high
STU-08629,57.2,64.9,60.9,5.6,55.7,medium
STU-08630,95.9,89.2,100.0,5.8,100.0,low
STU-08631,20.6,37.5,40.9,0.0,55.2,high
STU-08632,98.6,93.3,100.0,10.0,100.0,low
STU-08633,76.5,63.1,68.9,8.2,45.7,low
STU-08634,75.8,86.7,99.4,5.9,97.5,low
STU-08635,63.9,31.7,65.6,4.2,61.1,medium
STU-08636,91.3,64.9,71.7,6.0,72.8,low
STU-08637,71.1,45.6,72.8,6.5,83.3,medium
STU-08638,63.3,37.4,74.3,6.6,65.0,high
STU-08639,56.5,62.4,38.7,3.1,66.9,high
STU-08640,100.0,72.0,72.2,6.3,52.8,low
STU-08641,73.4,89.9,92.0,6.8,75.9,low
STU-08642,86.8,100.0,59.6,6.6,81.6,low
STU-08643,62.0,31.4,66.3,5.7,44.9,medium
STU-08644,83.1,6.8,61.6,5.4,16.2,high
STU-08645,100.0,63.2,79.6,6.3,100.0,low
STU-08646,7.7,11.7,45.7,3.1,33.6,high
STU-08647,58.2,50.2,70.2,2.5,74.6,high
STU-08648,71.1,78.5,52.6,4.7,49.7,medium
STU-08649,67.3,58.6,58.7,6.7,49.4,medium
STU-08650,93.5,79.7,67.6,8.2,59.9,low
STU-08651,45.6,53.1,33.7,2.5,72.9,high
STU-08652,52.8,74.0,78.3,6.4,86.1,high
STU-08653,49.7,51.7,64.3,5.4,48.1,high
STU-08654,53.9,49.1,44.2,5.6,42.8,high
STU-08655,69.6,27.7,67.0,7.6,65.4,high
STU-08656,90.4,35.1,82.3,9.9,89.0,medium
STU-08657,66.7,46.8,41.8,6.8,36.8,high
STU-08658,74.8,45.8,79.7,6.0,25.0,medium
STU-08659,78.0,100.0,100.0,7.6,70.4,low
STU-08660,71.4,90.4,100.0,8.0,87.5,low
STU-08661,61.4,61.5,64.8,5.9,36.2,medium
STU-08662,60.7,61.7,65.9,8.5,65.4,low
STU-08663,48.0,47.5,65.5,5.2,46.8,high
STU-08664,66.1,61.9,57.6,3.6,62.7,medium
STU-08665,96.6,91.0,59.9,5.1,83.1,low
STU-08666,44.0,23.2,57.6,6.4,22.2,high
STU-08667,78.0,69.4,41.4,4.7,68.1,high
STU-08668,92.9,80.1,97.9,8.3,92.5,low
STU-08669,69.1,42.4,67.9,5.5,100.0,medium
STU-08670,76.8,73.6,76.9,5.8,72.8,low
STU-08671,69.7,90.4,82.2,5.5,83.5,low
STU-08672,89.5,74.6,71.6,7.9,61.9,low
STU-08673,65.7,90.7,82.9,4.7,95.6,low
STU-08674,81.4,93.0,77.9,10.0,100.0,low
STU-08675,76.1,54.9,51.0,4.9,54.0,medium
STU-08676,60.2,50.7,28.4,5.5,50.7,high
STU-08677,58.9,0.0,25.8,7.7,9.5,high
STU-08678,38.8,41.9,16.6,4.8,34.7,high
STU-08679,59.2,55.0,70.1,5.3,43.7,medium
STU-08680,44.5,68.8,27.8,4.2,44.2,high
STU-08681,84.5,83.1,79.0,7.0,71.5,low
STU-08682,86.3,89.2,68.6,9.1,79.8,low
STU-08683,64.9,79.5,76.4,5.9,88.2,medium
STU-08684,97.1,56.4,71.8,8.2,63.9,medium
STU-08685,71.1,94.6,92.6,4.8,76.2,low
STU-08686,56.6,61.1,59.7,4.6,80.8,medium
STU-08687,53.7,35.2,22.6,2.0,11.9,high
STU-08688,97.7,71.5,70.4,9.7,64.1,low
STU-08689,98.3,86.4,96.8,9.7,87.7,low
STU-08690,48.9,33.1,66.2,5.3,67.3,high
STU-08691,56.2,29.3,77.4,0.5,62.4,high
STU-08692,53.2,57.9,51.2,8.2,67.2,medium
STU-08693,53.6,63.7,54.6,3.1,41.7,medium
STU-08694,74.8,85.0,35.4,6.9,74.7,medium
STU-08695,55.3,64.0,82.8,2.0,69.7,medium
STU-08696,72.3,68.9,62.1,7.5,71.7,medium
STU-08697,58.7,71.4,69.2,6.8,87.8,low
STU-08698,100.0,49.1,81.0,5.0,48.3,low
STU-08699,69.4,64.3,58.3,5.2,90.9,medium
STU-08700,72.2,36.8,31.3,5.8,46.6,high
STU-08701,29.3,38.9,40.4,3.1,55.6,high
STU-08702,64.2,40.6,54.6,2.2,58.5,high
STU-08703,42.3,47.5,42.8,6.7,59.6,high
STU-08704,88.2,90.4,96.4,10.0,83.5,low
STU-08705,74.2,38.1,46.8,7.4,45.6,high
STU-08706,54.4,70.2,75.9,4.2,54.7,medium
STU-08707,75.3,80.5,64.7,4.4,49.7,low
STU-08708,48.6,34.9,60.8,2.9,59.5,high
STU-08709,32.4,42.6,18.2,3.1,30.9,high
STU-08710,54.5,41.0,57.8,6.5,42.2,high
STU-08711,60.9,42.9,53.9,4.4,62.6,high
STU-08712,61.5,50.6,58.9,5.2,37.3,high
STU-08713,61.1,59.5,59.8,4.4,60.9,medium
STU-08714,75.0,80.6,34.2,4.3,55.8,medium
STU-08715,57.0,45.9,61.0,5.6,69.3,medium
STU-08716,100.0,85.9,93.2,8.5,76.4,low
STU-08717,99.1,60.9,59.0,7.7,55.2,low
STU-08718,73.6,72.9,68.2,5.5,88.6,low
STU-08719,74.1,86.3,66.9,8.2,94.0,low
STU-08720,70.0,41.5,46.7,5.1,65.8,high
STU-08721,74.7,7.4,67.9,5.1,48.2,high
STU-08722,100.0,100.0,100.0,9.3,100.0,low
STU-08723,71.1,63.3,52.7,6.9,54.3,medium
STU-08724,83.2,42.9,100.0,10.0,56.8,medium
STU-08725,63.6,65.0,45.4,5.4,63.6,medium
STU-08726,66.8,64.1,74.2,5.5,68.2,medium
STU-08727,39.7,69.6,49.7,3.1,91.4,high
STU-08728,72.3,61.9,43.9,5.1,67.8,low
STU-08729,76.0,98.9,84.1,9.3,72.2,low
STU-08730,18.7,28.2,11.0,1.3,43.7,high
STU-08731,78.1,63.7,68.5,4.6,100.0,medium
STU-08732,74.1,77.8,91.9,8.9,51.4,medium
STU-08733,72.8,93.0,85.7,6.1,63.6,low
STU-08734,65.9,36.1,55.7,2.9,53.2,high
STU-08735,77.6,50.8,71.8,8.0,69.7,medium
STU-08736,89.9,28.6,60.3,4.6,57.9,medium
STU-08737,92.3,75.1,84.0,10.0,66.8,low
STU-08738,67.7,95.0,88.5,6.8,90.5,low
STU-08739,88.8,77.8,52.4,7.4,69.0,low
STU-08740,82.8,95.3,58.4,6.3,63.5,low
STU-08741,94.8,75.5,85.8,5.3,72.8,low
STU-08742,79.0,67.1,70.2,6.5,58.6,medium
STU-08743,89.6,52.0,73.9,8.7,28.1,low
STU-08744,63.9,45.8,39.5,3.3,56.3,high
STU-08745,54.4,59.2,36.8,5.3,52.9,medium
STU-08746,68.7,30.6,70.2,5.9,22.5,high
STU-08747,89.5,100.0,100.0,10.0,100.0,low
STU-08748,97.2,75.2,100.0,7.7,100.0,low
STU-08749,94.9,70.8,88.0,6.0,69.5,low
STU-08750,11.6,2.2,0.0,0.0,0.3,high
STU-08751,71.8,9.4,40.3,4.0,28.7,high
STU-08752,70.4,71.5,79.1,6.1,36.8,medium
STU-08753,77.3,100.0,93.2,7.3,95.2,low
STU-08754,88.4,64.4,91.3,6.3,57.3,medium
STU-08755,82.5,75.6,78.5,4.1,83.6,low
STU-08756,100.0,85.4,63.4,10.0,60.8,low
STU-08757,80.2,59.9,70.0,5.8,75.6,medium
STU-08758,63.6,82.4,86.6,6.8,70.2,low
STU-08759,89.6,61.5,64.5,5.0,62.1,medium
STU-08760,86.6,51.3,85.2,6.7,40.3,low
STU-08761,86.7,100.0,92.7,8.4,77.1,low
STU-08762,62.0,65.8,33.0,5.8,72.1,medium
STU-08763,98.3,100.0,96.9,7.1,98.9,low
STU-08764,72.3,43.3,42.1,4.6,40.4,high
STU-08765,64.1,66.1,70.0,4.5,90.3,medium
STU-08766,56.2,83.7,76.3,6.6,79.0,low
STU-08767,81.6,55.0,46.6,4.6,54.0,low
STU-08768,100.0,64.3,93.4,7.7,78.2,low
STU-08769,65.6,42.8,39.4,8.4,54.2,high
STU-08770,90.2,37.8,82.3,5.3,68.4,medium
STU-08771,60.5,45.9,62.3,3.6,51.9,high
STU-08772,81.5,98.2,100.0,6.7,57.8,low
STU-08773,45.2,48.9,59.6,6.3,60.6,high
STU-08774,65.8,64.9,59.7,6.2,44.6,low
STU-08775,79.7,60.2,52.5,6.7,39.1,high
STU-08776,51.1,41.8,28.4,2.7,13.8,high
STU-08777,68.6,48.3,71.6,7.4,88.0,low
STU-08778,57.9,59.6,36.2,5.8,44.7,high
STU-08779,92.0,70.4,82.0,9.4,46.2,low
STU-08780,63.2,88.4,54.3,5.8,83.9,low
STU-08781,56.8,51.0,50.9,4.5,67.4,medium
STU-08782,69.1,70.3,67.0,5.6,84.2,low
STU-08783,60.1,55.4,34.1,3.5,55.8,high
STU-08784,56.5,1.6,27.9,4.3,21.1,high
STU-08785,83.5,40.7,79.5,7.9,76.9,high
STU-08786,94.8,39.2,61.7,5.5,78.1,low
STU-08787,100.0,100.0,84.3,9.4,94.2,low
STU-08788,82.5,68.0,78.3,5.3,81.8,low
STU-08789,64.8,12.6,27.9,4.1,7.6,high
STU-08790,39.3,56.8,62.4,6.0,65.7,high
STU-08791,62.5,12.6,32.0,3.9,50.2,high
STU-08792,100.0,84.6,100.0,9.6,100.0,low
STU-08793,91.9,44.2,88.2,8.0,97.4,medium
STU-08794,60.3,69.7,45.0,6.8,55.6,medium
STU-08795,60.1,44.0,41.9,3.4,58.1,high
STU-08796,62.2,85.1,50.4,2.4,72.9,medium
STU-08797,88.4,78.1,78.3,4.5,54.8,low
STU-08798,100.0,92.1,100.0,7.8,79.6,low
STU-08799,83.1,62.5,89.2,8.1,72.4,low
STU-08800,64.6,46.2,64.0,2.1,68.2,medium
STU-08801,57.9,58.5,46.4,2.7,79.8,medium
STU-08802,94.5,72.7,74.1,8.4,73.1,low
STU-08803,60.6,44.6,80.5,4.8,74.0,medium
STU-08804,58.4,73.9,72.2,3.3,60.2,medium
STU-08805,94.4,76.4,85.3,7.5,60.4,low
STU-08806,100.0,79.9,100.0,10.0,100.0,low
STU-08807,89.3,63.9,69.7,9.3,69.7,low
STU-08808,97.0,59.8,100.0,9.7,75.5,low
STU-08809,46.3,55.7,34.4,1.5,47.0,high
STU-08810,46.3,67.8,48.6,3.8,60.2,high
STU-08811,44.5,70.3,60.5,6.3,80.8,high
STU-08812,97.0,96.9,89.2,8.5,86.5,low
STU-08813,79.0,91.5,70.1,10.0,78.3,low
STU-08814,78.3,86.1,88.7,8.7,42.8,low
STU-08815,53.0,69.5,50.3,8.1,100.0,medium
STU-08816,51.2,53.3,56.6,3.2,65.3,medium
STU-08817,80.8,56.8,68.4,7.1,89.6,low
STU-08818,87.6,30.3,82.6,7.7,35.3,high
STU-08819,86.7,45.2,72.0,6.2,79.3,medium
STU-08820,57.7,49.7,64.0,5.3,28.8,high
STU-08821,80.2,100.0,61.6,7.3,97.9,low
STU-08822,61.0,62.4,53.1,5.9,42.2,medium
STU-08823,82.0,67.8,68.7,5.9,78.2,low
STU-08824,92.4,71.6,82.2,7.0,67.5,low
STU-08825,75.4,70.5,76.4,6.2,86.7,low
STU-08826,81.4,62.9,66.6,3.9,54.4,low
STU-08827,81.8,97.7,74.2,6.0,74.3,low
STU-08828,66.7,62.0,49.0,3.4,100.0,low
STU-08829,48.2,49.9,38.8,4.5,56.9,high
STU-08830,77.2,73.0,84.6,8.6,86.8,low
STU-08831,35.4,14.6,51.7,4.6,38.0,high
STU-08832,68.1,66.4,64.8,6.3,87.1,low
STU-08833,77.4,54.8,42.6,3.7,67.0,medium
STU-08834,100.0,94.9,100.0,10.0,94.2,low
STU-08835,62.8,58.6,80.0,6.1,51.2,medium
STU-08836,77.2,44.2,56.3,7.3,31.1,high
STU-08837,46.6,81.5,68.2,3.7,69.6,high
STU-08838,64.3,67.3,67.6,6.2,64.1,medium
STU-08839,78.7,64.2,58.5,8.1,58.2,medium
STU-08840,45.1,49.0,64.0,4.0,90.0,high
STU-08841,64.6,38.9,69.1,7.3,58.5,high
STU-08842,100.0,63.5,81.8,10.0,74.2,low
STU-08843,82.7,49.3,66.8,7.9,58.4,low
STU-08844,74.8,70.8,83.7,10.0,77.4,low
STU-08845,88.8,97.4,81.4,8.4,99.2,low
STU-08846,71.7,90.6,71.3,7.5,89.4,low
STU-08847,74.6,61.9,63.3,5.7,71.9,medium
STU-08848,70.3,42.8,55.1,4.5,19.0,high
STU-08849,63.1,47.8,43.3,5.4,54.3,high
STU-08850,74.8,76.5,62.3,3.3,77.2,medium
STU-08851,56.4,66.5,70.0,8.0,92.7,medium
STU-08852,75.8,79.5,71.5,5.8,76.3,low
STU-08853,63.1,42.5,31.2,2.4,62.2,high
STU-08854,59.4,71.5,68.0,3.9,42.8,medium
STU-08855,79.1,81.5,100.0,8.5,82.9,low
STU-08856,44.1,35.6,29.8,1.6,34.9,high
STU-08857,24.8,43.9,6.4,1.7,27.7,high
STU-08858,55.4,58.7,60.9,4.1,64.7,medium
STU-08859,58.7,41.0,65.8,6.1,60.7,high
STU-08860,78.9,26.0,68.1,5.3,50.3,high
STU-08861,99.8,100.0,86.6,10.0,75.7,low
STU-08862,81.3,67.0,73.6,5.2,67.9,medium
STU-08863,72.1,58.8,83.9,5.5,65.3,low
STU-08864,47.8,33.6,22.8,3.8,39.1,high
STU-08865,81.3,100.0,100.0,7.3,89.1,low
STU-08866,73.6,72.9,81.9,6.4,59.0,low
STU-08867,97.7,85.2,93.1,7.5,76.1,low
STU-08868,80.8,78.9,88.2,6.0,100.0,low
STU-08869,96.8,75.9,57.2,6.4,74.7,low
STU-08870,47.0,36.1,53.2,5.1,86.4,high
STU-08871,91.6,100.0,100.0,8.4,94.8,low
STU-08872,100.0,100.0,100.0,9.7,94.0,low
STU-08873,75.0,42.0,44.8,5.3,24.1,high
STU-08874,92.3,75.1,100.0,9.2,82.3,low
STU-08875,69.7,47.0,61.2,2.3,52.6,medium
STU-08876,75.8,42.9,76.2,7.5,40.5,high
STU-08877,69.8,100.0,75.5,9.2,92.0,low
STU-08878,54.7,31.6,10.6,6.1,41.4,high
STU-08879,86.1,100.0,74.0,6.4,63.9,low
STU-08880,81.8,54.0,60.7,8.4,56.5,medium
STU-08881,69.0,46.2,75.8,7.4,64.3,medium
STU-08882,72.2,47.0,78.9,4.8,45.2,low
STU-08883,64.3,67.1,62.2,6.8,36.4,medium
STU-08884,71.3,88.5,83.2,7.2,100.0,low
STU-08885,64.2,91.1,70.0,9.6,76.5,low
STU-08886,91.3,100.0,80.2,10.0,100.0,low
STU-08887,63.5,66.0,44.3,3.6,70.0,medium
STU-08888,68.1,58.8,45.1,7.1,51.3,medium
STU-08889,50.3,98.7,60.0,4.2,70.4,low
STU-08890,69.6,69.5,46.6,5.7,40.9,low
STU-08891,82.6,52.9,76.0,10.0,55.2,medium
STU-08892,65.1,93.6,95.9,5.6,66.3,low
STU-08893,76.3,42.1,52.2,5.5,36.0,medium
STU-08894,72.2,96.6,71.9,6.3,58.5,low
STU-08895,100.0,78.5,67.4,6.7,84.4,low
STU-08896,77.8,100.0,87.5,9.6,100.0,low
STU-08897,69.9,70.6,58.1,7.9,63.2,low
STU-08898,71.3,64.3,75.9,8.2,62.4,low
STU-08899,53.9,62.7,44.1,1.9,59.5,high
STU-08900,95.3,66.9,45.1,8.8,73.8,low
STU-08901,98.1,96.1,100.0,9.2,82.7,low
STU-08902,36.8,30.2,29.7,5.8,21.5,high
STU-08903,53.2,7.6,70.2,4.7,11.6,high
STU-08904,69.9,70.2,59.5,6.2,76.3,low
STU-08905,91.1,84.9,85.0,10.0,83.7,low
STU-08906,48.2,71.1,86.8,8.6,77.3,low
STU-08907,87.9,91.8,68.3,8.4,93.6,low
STU-08908,28.9,22.6,2.0,1.5,49.0,high
STU-08909,83.2,80.0,53.4,8.2,75.3,low
STU-08910,86.9,41.9,57.3,6.3,19.6,medium
STU-08911,100.0,89.4,74.2,7.2,79.3,low
STU-08912,84.6,52.4,62.2,7.4,62.4,low
STU-08913,88.1,35.2,28.6,6.4,28.2,high
STU-08914,97.1,97.0,100.0,10.0,74.5,low
STU-08915,100.0,83.3,100.0,9.2,91.0,low
STU-08916,45.5,58.1,30.8,3.4,56.2,high
STU-08917,84.1,86.5,33.7,5.4,75.0,low
STU-08918,52.2,47.3,38.3,6.6,57.3,high
STU-08919,100.0,49.8,87.8,10.0,54.7,low
STU-08920,60.2,17.6,44.2,3.5,45.8,high
STU-08921,51.2,85.4,43.0,4.2,62.8,medium
STU-08922,63.5,57.7,50.4,4.2,96.8,medium
STU-08923,48.2,49.4,43.1,4.9,56.2,high
STU-08924,67.8,76.9,77.8,5.4,70.6,low
STU-08925,57.0,0.0,47.2,4.0,23.7,high
STU-08926,56.6,49.5,47.1,0.7,72.4,high
STU-08927,51.9,83.4,60.5,3.7,62.1,low
STU-08928,68.8,42.1,70.6,2.9,64.2,medium
STU-08929,52.9,40.1,53.8,5.4,41.7,high
STU-08930,75.4,50.0,43.3,4.1,26.5,high
STU-08931,84.0,83.5,76.7,4.7,95.4,low
STU-08932,41.3,28.2,33.9,8.1,52.2,high
STU-08933,49.4,51.1,50.2,3.6,59.7,high
STU-08934,83.9,87.8,67.7,8.8,77.2,low
STU-08935,100.0,95.4,100.0,10.0,100.0,low
STU-08936,65.3,73.7,85.5,7.7,88.3,low
STU-08937,56.7,22.4,49.1,2.5,20.4,high
STU-08938,67.8,96.2,71.4,5.7,80.0,low
STU-08939,88.1,90.3,100.0,5.6,100.0,low
STU-08940,54.1,40.7,54.3,4.1,72.3,high
STU-08941,66.2,1.8,43.2,3.8,32.0,high
STU-08942,91.2,64.5,100.0,7.5,31.9,low
STU-08943,69.2,73.2,40.5,5.1,79.0,medium
STU-08944,64.0,81.4,77.9,8.2,100.0,medium
STU-08945,72.2,55.9,76.6,7.3,54.8,medium
STU-08946,53.4,90.5,84.6,3.5,77.4,low
STU-08947,71.7,63.0,45.3,6.4,45.8,medium
STU-08948,74.1,55.5,64.0,7.3,57.7,medium
STU-08949,96.3,85.8,74.6,6.6,59.8,low
STU-08950,100.0,100.0,100.0,10.0,71.3,low
STU-08951,97.5,100.0,87.6,3.7,66.0,low
STU-08952,46.0,55.3,68.0,3.8,82.4,high
STU-08953,67.1,36.0,11.3,3.6,23.8,high
STU-08954,97.7,91.5,100.0,10.0,100.0,low
STU-08955,35.3,90.1,44.8,4.4,92.0,high
STU-08956,61.2,43.6,51.1,5.9,27.2,medium
STU-08957,10.4,3.7,0.0,3.0,10.4,high
STU-08958,42.0,96.9,58.8,3.4,84.0,high
STU-08959,89.4,62.9,72.1,5.4,86.4,low
STU-08960,62.9,48.9,48.2,6.6,46.8,medium
STU-08961,67.0,67.1,65.4,6.9,51.3,low
STU-08962,67.9,68.9,66.4,6.6,61.7,medium
STU-08963,21.4,45.0,53.5,2.2,55.1,high
STU-08964,81.5,53.3,50.1,5.1,36.6,medium
STU-08965,62.7,86.9,93.3,5.3,100.0,low
STU-08966,47.3,85.5,63.5,2.9,64.4,high
STU-08967,48.1,54.3,63.6,3.7,65.8,high
STU-08968,87.1,82.1,93.1,6.4,73.1,low
STU-08969,50.5,83.5,59.0,8.6,69.9,medium
STU-08970,53.7,52.3,56.1,4.7,44.6,medium
STU-08971,60.7,68.9,74.4,6.7,70.0,medium
STU-08972,53.2,49.8,23.9,4.7,28.8,high
STU-08973,70.5,71.2,82.4,5.7,74.2,low
STU-08974,86.9,3.8,61.6,6.0,48.3,high
STU-08975,80.7,40.7,73.8,9.1,49.0,high
STU-08976,100.0,100.0,100.0,9.2,81.0,low
STU-08977,66.7,63.6,59.4,6.7,87.9,medium
STU-08978,71.2,82.7,78.6,10.0,82.6,low
STU-08979,60.9,53.2,49.7,4.1,16.2,high
STU-08980,76.5,55.8,35.1,4.2,59.2,medium
STU-08981,82.1,39.4,59.6,5.5,62.1,high
STU-08982,93.1,75.7,76.6,6.8,59.7,low
STU-08983,93.3,53.3,62.1,6.3,27.9,medium
STU-08984,51.4,54.8,59.2,5.2,66.0,medium
STU-08985,100.0,86.6,100.0,9.6,77.2,low
STU-08986,96.5,89.5,91.2,10.0,90.7,low
STU-08987,92.1,67.1,60.8,5.4,59.2,medium
STU-08988,51.6,16.8,53.7,6.2,40.1,high
STU-08989,75.8,57.5,37.5,8.7,81.1,low
STU-08990,36.4,45.1,40.3,4.0,40.8,high
STU-08991,55.8,76.6,55.2,7.1,70.4,medium
STU-08992,58.1,10.1,43.0,2.7,15.5,high
STU-08993,51.0,44.8,44.5,1.9,58.3,high
STU-08994,100.0,100.0,100.0,10.0,100.0,low
STU-08995,73.9,74.1,66.6,5.1,52.5,medium
STU-08996,63.2,96.3,69.1,6.5,100.0,low
STU-08997,58.2,23.5,71.7,4.1,23.3,high
STU-08998,34.1,17.0,4.5,3.8,46.8,high
STU-08999,71.0,88.3,82.9,7.3,96.2,low
STU-09000,82.0,77.0,67.7,5.5,48.9,medium
STU-09001,75.0,71.7,50.9,5.8,69.2,low
STU-09002,74.2,27.3,38.0,2.3,20.6,high
STU-09003,83.2,80.6,53.3,8.9,58.2,low
STU-09004,39.4,36.1,75.5,6.7,46.7,high
STU-09005,100.0,97.9,86.5,7.3,87.8,low
STU-09006,86.1,100.0,100.0,9.4,100.0,low
STU-09007,73.8,68.2,62.9,5.3,62.9,medium
STU-09008,67.5,43.7,73.3,4.0,58.7,medium
STU-09009,84.5,32.1,58.3,5.2,43.9,medium
STU-09010,50.0,27.3,45.6,1.8,32.6,high
STU-09011,52.5,62.3,63.9,5.5,80.4,medium
STU-09012,59.3,58.3,61.5,7.9,32.4,medium
STU-09013,91.7,68.5,65.1,2.7,34.9,medium
STU-09014,66.9,79.2,100.0,5.8,59.2,low
STU-09015,93.3,100.0,82.4,7.1,100.0,low
STU-09016,90.9,53.0,59.9,6.9,79.2,medium
STU-09017,38.2,48.4,25.4,3.7,68.4,high
STU-09018,100.0,78.9,100.0,9.0,80.6,low
STU-09019,38.0,41.6,37.2,3.5,53.7,high
STU-09020,72.7,66.1,83.1,7.6,50.0,medium
STU-09021,50.8,54.8,39.3,0.3,57.3,medium
STU-09022,48.9,43.8,84.7,8.5,42.9,high
STU-09023,55.9,100.0,54.9,5.6,98.6,low
STU-09024,100.0,84.0,85.5,10.0,82.2,low
STU-09025,74.5,86.7,68.2,8.4,75.3,low
STU-09026,100.0,39.1,81.1,6.1,66.5,low
STU-09027,83.9,58.4,80.8,5.0,87.2,medium
STU-09028,41.7,28.1,25.5,3.5,30.8,high
STU-09029,73.8,64.8,81.3,8.4,100.0,low
STU-09030,91.4,67.5,65.8,7.0,81.8,medium
STU-09031,70.2,33.8,39.9,3.6,76.9,high
STU-09032,64.8,100.0,84.4,5.3,89.3,low
STU-09033,86.5,100.0,59.0,6.1,100.0,low
STU-09034,100.0,100.0,90.5,9.8,100.0,low
STU-09035,100.0,82.9,97.1,5.8,77.0,low
STU-09036,76.8,100.0,73.1,7.5,77.2,low
STU-09037,63.8,64.6,72.5,5.3,44.5,medium
STU-09038,35.6,62.0,28.8,5.7,86.9,high
STU-09039,42.9,45.1,57.8,6.1,47.3,high
STU-09040,98.1,54.5,65.4,6.7,59.1,medium
STU-09041,77.4,71.7,74.0,8.6,68.5,low
STU-09042,56.3,79.6,74.6,7.1,64.8,low
STU-09043,77.7,41.7,32.8,5.2,48.7,high
STU-09044,68.8,60.4,79.5,4.3,46.4,medium
STU-09045,64.5,68.7,61.4,6.0,78.9,low
STU-09046,100.0,87.7,65.8,7.1,77.2,low
STU-09047,65.1,70.6,100.0,7.3,100.0,low
STU-09048,99.7,100.0,100.0,9.5,100.0,low
STU-09049,92.7,70.2,85.5,10.0,79.7,low
STU-09050,71.7,60.7,80.2,8.9,38.2,medium
STU-09051,74.1,69.2,80.0,7.6,45.7,low
STU-09052,61.0,60.7,65.1,2.7,56.4,high
STU-09053,32.9,29.9,31.9,1.1,43.0,high
STU-09054,79.3,75.3,81.9,8.2,66.8,low
STU-09055,70.3,93.5,94.7,7.6,63.0,low
STU-09056,87.8,59.1,72.5,6.7,68.1,medium
STU-09057,54.6,98.6,66.9,3.6,87.2,medium
STU-09058,84.3,63.6,35.2,4.6,69.9,medium
STU-09059,86.3,59.7,75.6,9.5,68.4,low
STU-09060,68.5,100.0,76.8,7.5,68.8,low
STU-09061,57.6,100.0,90.5,6.3,92.5,low
STU-09062,61.1,100.0,86.3,7.7,74.2,low
STU-09063,100.0,95.7,86.2,5.7,72.2,low
STU-09064,100.0,71.0,100.0,9.4,75.9,low
STU-09065,81.7,33.8,55.5,7.6,51.2,high
STU-09066,62.9,72.8,69.6,4.9,93.5,medium
STU-09067,100.0,83.4,100.0,9.3,89.6,low
STU-09068,75.7,91.4,75.0,6.0,61.4,low
STU-09069,89.7,8.4,69.9,6.4,42.3,high
STU-09070,83.3,67.1,82.4,8.4,60.7,low
STU-09071,86.7,88.3,100.0,8.3,89.4,low
STU-09072,74.1,14.2,40.2,4.6,23.7,high
STU-09073,49.5,82.6,39.2,2.2,72.3,high
STU-09074,56.8,70.5,60.8,4.6,84.4,medium
STU-09075,70.3,33.4,47.7,6.4,55.3,high
STU-09076,57.1,57.2,44.4,4.5,57.8,high
STU-09077,71.4,47.5,58.3,4.5,44.4,high
STU-09078,62.1,57.1,79.9,7.1,60.4,medium
STU-09079,53.7,86.7,61.9,4.1,58.7,medium
STU-09080,37.3,44.9,26.3,0.2,61.2,high
STU-09081,79.8,72.0,83.2,7.2,63.8,low
STU-09082,82.2,67.8,94.5,5.9,63.3,low
STU-09083,54.0,74.7,66.6,6.2,54.0,medium
STU-09084,100.0,98.8,99.1,8.2,100.0,low
STU-09085,89.0,42.8,51.5,3.2,63.3,medium
STU-09086,98.7,91.6,89.9,8.7,75.9,low
STU-09087,84.9,59.0,54.9,7.6,52.6,medium
STU-09088,77.9,75.1,76.2,8.6,63.0,low
STU-09089,24.7,9.7,34.2,0.0,19.7,high
STU-09090,77.2,46.1,65.5,4.8,23.4,high
STU-09091,59.5,16.8,41.1,3.8,64.2,high
STU-09092,49.3,53.7,56.5,4.5,84.5,high
STU-09093,100.0,82.8,96.2,8.3,90.0,low
STU-09094,80.0,45.9,52.3,3.7,47.9,high
STU-09095,47.6,31.3,11.8,1.9,43.4,high
STU-09096,67.8,25.9,71.1,8.5,53.5,high
STU-09097,99.7,56.0,87.1,6.1,65.4,low
STU-09098,64.7,86.0,60.2,3.9,81.3,low
STU-09099,69.5,51.1,39.6,6.5,41.1,medium
STU-09100,40.9,40.0,53.4,6.2,79.7,high
STU-09101,76.2,99.2,69.7,6.1,72.5,low
STU-09102,78.3,92.7,50.8,6.6,82.7,low
STU-09103,100.0,69.4,63.1,7.4,46.7,low
STU-09104,71.6,36.7,89.6,8.1,43.6,medium
STU-09105,54.4,43.9,33.4,2.0,59.1,high
STU-09106,84.8,71.5,66.2,6.9,75.4,medium
STU-09107,53.8,42.7,62.3,4.5,54.6,high
STU-09108,25.0,13.8,20.6,3.9,47.5,high
STU-09109,37.1,65.6,27.1,5.7,55.6,high
STU-09110,92.4,69.5,70.6,7.7,90.3,low
STU-09111,100.0,78.5,61.0,6.2,58.1,medium
STU-09112,73.4,74.3,79.1,9.4,73.3,low
STU-09113,48.9,81.9,64.2,4.4,80.1,high
STU-09114,91.5,42.7,69.8,7.0,55.9,medium
STU-09115,49.3,57.4,54.7,3.3,62.9,high
STU-09116,48.4,35.9,25.1,1.7,49.5,high
STU-09117,83.4,19.1,45.3,4.1,58.8,high
STU-09118,75.5,0.0,36.1,0.1,15.0,high
STU-09119,58.4,64.6,48.8,1.6,53.4,medium
STU-09120,31.5,28.9,36.7,6.9,37.1,high
STU-09121,53.4,79.2,56.1,1.6,64.1,medium
STU-09122,90.0,45.1,57.8,4.0,24.2,medium
STU-09123,60.4,43.5,41.4,6.8,66.9,high
STU-09124,67.1,53.7,60.5,5.4,82.9,medium
STU-09125,66.4,48.3,61.3,5.2,33.4,medium
STU-09126,83.6,39.8,67.4,6.1,63.3,medium
STU-09127,91.6,48.7,48.9,3.8,67.6,medium
STU-09128,51.6,56.1,37.2,5.3,66.6,medium
STU-09129,56.9,81.6,60.8,5.3,70.4,low
STU-09130,95.0,90.5,79.1,8.6,84.6,low
STU-09131,100.0,69.2,80.2,10.0,74.3,low
STU-09132,96.5,46.5,77.1,5.1,50.8,low
STU-09133,88.5,58.0,70.6,7.9,77.5,low
STU-09134,41.4,69.6,35.9,1.9,75.6,high
STU-09135,65.7,42.9,53.6,1.8,48.0,high
STU-09136,85.9,58.0,63.7,8.5,46.8,medium
STU-09137,88.9,85.2,100.0,10.0,63.3,low
STU-09138,64.0,59.6,49.9,7.0,54.0,high
STU-09139,92.0,33.1,61.4,6.0,48.2,medium
STU-09140,69.3,18.1,49.3,3.9,39.9,high
STU-09141,74.1,84.6,80.5,2.6,96.0,low
STU-09142,78.7,61.9,100.0,6.5,82.9,low
STU-09143,49.5,16.8,27.6,0.1,12.8,high
STU-09144,19.8,47.4,44.0,1.8,66.6,high
STU-09145,97.7,79.3,100.0,7.4,71.6,low
STU-09146,70.1,46.4,86.2,6.3,77.7,low
STU-09147,36.0,25.1,35.0,5.6,43.7,high
STU-09148,64.5,25.2,76.2,10.0,59.9,high
STU-09149,72.2,77.4,74.9,7.5,75.6,low
STU-09150,73.1,80.2,80.0,7.8,75.3,low
STU-09151,99.4,64.0,94.8,7.2,58.9,low
STU-09152,45.5,34.3,61.5,3.2,49.7,high
STU-09153,55.7,53.8,46.5,2.4,50.2,high
STU-09154,64.8,75.2,64.1,8.2,72.8,medium
STU-09155,78.2,70.4,77.7,7.5,100.0,low
STU-09156,57.9,67.4,21.2,5.8,59.8,medium
STU-09157,72.9,69.0,71.4,5.1,77.8,low
STU-09158,86.3,100.0,100.0,9.0,91.6,low
STU-09159,73.1,45.3,82.7,5.4,48.6,medium
STU-09160,93.1,71.5,73.0,9.3,100.0,low
STU-09161,94.2,37.3,74.5,7.2,49.4,medium
STU-09162,51.6,91.1,35.5,2.1,50.6,medium
STU-09163,100.0,87.5,100.0,9.6,75.6,low
STU-09164,72.8,62.3,83.6,7.4,66.8,low
STU-09165,100.0,100.0,100.0,10.0,89.6,low
STU-09166,58.7,62.8,67.2,5.7,47.0,medium
STU-09167,32.0,32.0,30.4,0.9,67.2,high
STU-09168,100.0,69.1,85.8,9.6,39.6,low
STU-09169,64.0,83.7,81.3,4.7,73.2,low
STU-09170,78.4,63.6,94.6,8.4,99.3,low
STU-09171,79.7,43.0,82.0,6.7,51.5,low
STU-09172,87.7,35.4,82.3,7.9,98.6,medium
STU-09173,77.1,50.2,85.1,7.9,83.8,low
STU-09174,72.7,38.5,72.3,5.0,42.7,high
STU-09175,95.3,100.0,88.3,6.3,100.0,low
STU-09176,100.0,70.0,74.2,9.5,64.9,low
STU-09177,84.4,78.4,73.6,6.3,64.3,low
STU-09178,46.3,76.3,92.7,5.9,61.9,high
STU-09179,64.8,72.4,77.7,9.3,57.8,low
STU-09180,33.8,49.0,51.9,0.0,78.1,high
STU-09181,78.2,43.3,54.8,5.4,31.7,high
STU-09182,56.4,54.3,49.4,8.1,29.4,high
STU-09183,84.9,100.0,77.2,8.1,90.6,low
STU-09184,95.0,91.5,80.5,7.0,89.5,low
STU-09185,55.6,60.0,64.2,4.2,64.4,medium
STU-09186,77.6,49.9,68.6,6.1,43.0,low
STU-09187,72.2,63.7,95.4,7.9,86.9,low
STU-09188,69.0,70.7,69.6,6.5,67.9,medium
STU-09189,100.0,100.0,97.6,8.8,78.3,low
STU-09190,65.2,72.7,55.8,1.1,54.8,medium
STU-09191,12.0,19.1,0.0,0.0,39.6,high
STU-09192,62.1,31.8,43.8,2.8,43.2,high
STU-09193,41.6,40.6,40.9,4.8,34.6,high
STU-09194,58.4,92.2,41.8,6.1,36.0,medium
STU-09195,64.7,33.4,44.1,5.2,21.8,high
STU-09196,87.8,52.6,68.1,5.7,52.3,medium
STU-09197,47.6,45.7,32.9,2.8,27.9,high
STU-09198,98.8,100.0,97.2,8.6,74.7,low
STU-09199,99.7,100.0,100.0,7.6,100.0,low
STU-09200,68.3,53.7,45.0,7.3,57.6,medium
STU-09201,91.8,86.6,94.5,9.8,59.7,low
STU-09202,61.2,60.5,59.2,7.2,48.7,medium
STU-09203,63.2,55.3,31.2,5.3,49.0,high
STU-09204,74.7,95.6,93.5,9.3,98.4,low
STU-09205,83.5,57.9,78.3,7.4,46.9,medium
STU-09206,75.7,68.4,56.0,5.2,52.3,medium
STU-09207,59.2,55.3,68.0,6.8,55.7,medium
STU-09208,29.0,66.5,68.1,3.5,63.8,high
STU-09209,52.1,1.3,42.4,2.0,33.7,high
STU-09210,48.1,47.5,52.7,2.7,43.2,high
STU-09211,69.3,42.7,84.6,6.2,76.6,medium
STU-09212,66.7,72.3,78.3,8.2,69.5,low
STU-09213,73.8,82.2,70.5,6.0,59.2,low
STU-09214,82.7,71.2,55.3,6.0,77.2,low
STU-09215,75.5,51.6,54.6,7.6,34.1,medium
STU-09216,96.3,93.5,100.0,7.2,100.0,low
STU-09217,81.8,42.7,84.8,5.8,48.4,medium
STU-09218,100.0,100.0,100.0,10.0,100.0,low
STU-09219,100.0,94.7,78.5,7.6,93.6,low
STU-09220,71.1,60.7,86.0,8.9,80.5,low
STU-09221,97.6,60.4,90.1,10.0,53.6,low
STU-09222,70.9,60.4,77.5,7.4,50.3,low
STU-09223,73.0,75.8,45.6,5.8,50.6,medium
STU-09224,68.1,47.7,44.1,5.9,61.7,high
STU-09225,64.5,67.6,66.8,5.1,67.5,medium
STU-09226,65.3,55.6,38.9,2.3,61.5,high
STU-09227,54.9,56.6,57.9,5.9,55.0,medium
STU-09228,46.1,66.1,40.3,3.9,39.5,high
STU-09229,57.2,20.8,64.0,3.0,45.5,high
STU-09230,75.9,91.8,76.8,10.0,63.7,low
STU-09231,85.2,90.0,100.0,7.5,76.6,low
STU-09232,91.1,100.0,77.9,7.1,58.4,low
STU-09233,77.2,87.7,100.0,10.0,100.0,low
STU-09234,23.5,19.7,8.5,3.1,7.8,high
STU-09235,47.0,67.4,45.2,4.8,62.5,high
STU-09236,63.5,76.0,87.0,6.7,83.8,low
STU-09237,96.7,89.3,77.6,7.5,92.7,low
STU-09238,63.5,83.8,71.0,7.0,61.1,low
STU-09239,44.5,65.1,21.3,2.8,29.6,high
STU-09240,74.3,63.7,78.3,5.5,53.2,medium
STU-09241,100.0,55.5,65.2,6.5,62.2,medium
STU-09242,64.6,85.7,70.9,7.7,78.3,low
STU-09243,38.9,21.6,55.2,3.8,33.7,high
STU-09244,51.1,68.0,31.2,5.7,79.8,high
STU-09245,69.1,37.7,72.7,2.7,61.4,medium
STU-09246,71.4,56.1,49.5,4.4,69.6,medium
STU-09247,66.0,49.0,65.4,5.1,72.5,medium
STU-09248,88.6,65.2,62.5,7.1,37.2,low
STU-09249,85.8,75.3,70.1,7.6,88.8,low
STU-09250,81.3,100.0,89.4,9.8,100.0,low
STU-09251,51.1,94.5,62.2,6.3,85.5,medium
STU-09252,90.6,61.9,73.9,9.4,63.1,low
STU-09253,90.3,57.8,85.3,4.1,51.3,low
STU-09254,52.0,76.7,42.1,4.0,75.3,medium
STU-09255,31.3,47.0,5.8,0.5,51.0,high
STU-09256,55.8,44.4,18.7,5.3,19.1,high
STU-09257,87.2,63.9,85.0,9.1,91.1,low
STU-09258,78.0,65.1,44.5,3.5,87.3,medium
STU-09259,93.6,42.2,66.5,7.6,34.9,high
STU-09260,60.2,50.1,82.8,5.5,39.1,medium
STU-09261,100.0,59.0,91.9,10.0,82.3,low
STU-09262,70.6,44.9,59.3,3.4,63.6,medium
STU-09263,62.6,100.0,65.0,4.9,92.0,low
STU-09264,64.8,42.2,50.3,5.6,49.3,high
STU-09265,98.2,100.0,98.7,8.2,100.0,low
STU-09266,74.5,49.1,48.9,4.0,25.1,high
STU-09267,48.0,25.4,67.6,4.4,32.2,high
STU-09268,81.4,63.5,68.6,8.0,71.5,low
STU-09269,44.6,45.7,20.8,4.4,36.7,high
STU-09270,59.8,71.2,59.4,5.4,71.1,medium
STU-09271,56.9,72.3,69.8,4.8,75.2,medium
STU-09272,76.6,56.5,52.2,6.2,48.7,medium
STU-09273,80.3,54.1,65.5,6.6,53.1,medium
STU-09274,91.9,64.2,70.3,5.9,62.5,low
STU-09275,33.5,41.5,60.1,4.0,44.4,high
STU-09276,75.6,72.4,87.7,5.1,60.1,low
STU-09277,58.8,51.2,36.5,3.7,62.2,medium
STU-09278,85.4,48.4,33.4,4.9,89.3,medium
STU-09279,91.9,33.6,59.8,5.5,47.5,medium
STU-09280,39.6,54.6,22.1,0.2,81.1,high
STU-09281,40.9,15.2,32.8,3.2,57.6,high
STU-09282,62.0,47.3,42.2,6.3,35.4,high
STU-09283,55.2,49.3,44.6,0.1,71.9,high
STU-09284,88.3,26.4,49.6,5.7,50.7,high
STU-09285,77.4,87.1,97.2,9.1,100.0,low
STU-09286,56.3,72.2,56.7,5.6,57.4,medium
STU-09287,69.3,25.4,44.5,2.3,63.2,high
STU-09288,16.6,29.3,25.8,2.6,58.6,high
STU-09289,74.5,84.9,87.3,9.7,61.1,low
STU-09290,100.0,66.4,96.1,10.0,88.4,low
STU-09291,92.8,68.6,84.1,8.0,78.4,low
STU-09292,66.5,49.1,53.8,6.3,44.9,medium
STU-09293,63.6,24.4,48.1,1.8,24.4,high
STU-09294,63.6,23.8,85.4,4.8,39.4,medium
STU-09295,49.3,71.5,66.8,3.4,57.8,high
STU-09296,100.0,86.2,54.4,7.6,73.1,low
STU-09297,79.3,69.8,61.9,8.0,59.3,low
STU-09298,86.8,70.3,89.2,9.1,83.3,low
STU-09299,79.1,51.8,60.6,7.2,61.1,medium
STU-09300,89.6,79.6,79.8,7.6,77.4,low
STU-09301,55.1,61.2,39.0,5.0,81.7,medium
STU-09302,57.3,45.2,36.1,5.2,45.7,high
STU-09303,46.4,54.1,22.5,4.4,68.3,high
STU-09304,68.8,64.8,28.9,7.3,48.5,medium
STU-09305,65.2,41.6,57.0,5.3,54.2,high
STU-09306,86.4,72.9,78.2,9.0,61.2,low
STU-09307,53.7,50.1,42.0,5.6,54.7,high
STU-09308,66.1,44.5,72.0,6.1,81.4,medium
STU-09309,76.7,88.9,74.9,8.9,53.9,low
STU-09310,80.5,49.5,71.4,6.6,39.4,medium
STU-09311,76.2,89.7,74.7,7.4,43.1,low
STU-09312,94.8,59.2,71.6,7.7,49.1,low
STU-09313,90.1,85.3,73.5,8.8,30.3,low
STU-09314,42.2,57.5,66.1,4.5,74.4,high
STU-09315,62.9,90.3,83.0,7.8,79.7,low
STU-09316,78.5,74.1,93.0,7.6,82.4,low
STU-09317,75.4,58.4,89.7,5.3,63.6,low
STU-09318,59.0,43.1,54.7,0.7,37.8,high
STU-09319,88.6,75.7,76.9,8.0,90.3,low
STU-09320,63.1,44.6,58.4,4.7,30.4,high
STU-09321,98.6,87.7,79.7,7.6,91.2,low
STU-09322,87.3,54.2,82.4,8.2,7.2,low
STU-09323,78.3,67.7,68.9,6.5,37.2,low
STU-09324,91.8,88.4,100.0,10.0,56.3,low
STU-09325,92.4,100.0,93.3,10.0,100.0,low
STU-09326,97.1,71.4,82.4,6.4,70.3,low
STU-09327,35.0,57.6,41.0,5.3,96.7,high
STU-09328,83.4,70.2,61.1,4.4,87.2,medium
STU-09329,57.6,34.8,44.5,6.2,54.7,high
STU-09330,58.2,85.6,71.5,6.9,86.4,low
STU-09331,26.4,54.9,31.3,7.0,53.9,high
STU-09332,70.9,45.0,46.3,4.5,35.8,high
STU-09333,84.0,100.0,81.5,8.2,76.7,low
STU-09334,50.5,42.4,37.9,3.7,45.9,high
STU-09335,84.3,77.2,78.9,6.6,76.7,low
STU-09336,69.3,17.3,72.2,5.2,47.3,high
STU-09337,90.5,52.5,76.2,8.0,64.5,low
STU-09338,89.7,45.4,77.2,7.6,51.5,medium
STU-09339,52.0,67.8,40.4,5.6,69.0,medium
STU-09340,96.6,81.3,68.0,5.4,60.1,low
STU-09341,86.4,33.2,60.7,5.1,44.2,medium
STU-09342,100.0,73.5,70.8,10.0,69.8,low
STU-09343,72.5,75.8,56.8,6.8,71.8,medium
STU-09344,81.9,35.0,84.1,9.6,71.1,high
STU-09345,29.7,61.7,31.5,1.5,37.2,high
STU-09346,90.4,79.3,78.4,8.0,42.9,low
STU-09347,75.5,65.4,48.0,6.2,71.8,low
STU-09348,62.0,79.1,80.4,1.9,34.7,medium
STU-09349,41.0,12.3,22.4,1.9,54.5,high
STU-09350,59.2,49.4,44.6,4.1,54.3,high
STU-09351,53.0,100.0,87.7,5.7,90.3,medium
STU-09352,100.0,84.8,100.0,10.0,84.0,low
STU-09353,69.5,70.5,62.9,9.3,57.7,medium
STU-09354,60.6,80.5,45.0,2.8,62.3,medium
STU-09355,3.9,38.9,28.6,1.3,42.6,high
STU-09356,68.0,57.3,52.3,6.9,64.4,medium
STU-09357,80.3,71.9,100.0,7.3,27.2,low
STU-09358,44.3,16.4,34.4,4.9,43.1,high
STU-09359,65.2,82.7,84.3,8.4,84.6,low
STU-09360,64.7,62.6,52.6,4.5,45.8,medium
STU-09361,94.6,68.3,65.8,7.5,70.7,low
STU-09362,73.3,78.0,61.9,8.1,74.1,low
STU-09363,59.1,100.0,91.6,4.6,100.0,low
STU-09364,44.9,43.0,41.9,2.3,49.0,high
STU-09365,73.4,68.7,62.6,8.1,24.4,medium
STU-09366,92.2,29.2,53.5,5.7,42.9,medium
STU-09367,54.7,87.1,45.6,3.1,77.3,medium
STU-09368,53.1,93.9,69.9,2.8,72.9,low
STU-09369,76.2,65.2,72.9,6.0,50.1,medium
STU-09370,42.5,72.2,71.1,7.2,86.5,high
STU-09371,82.0,79.6,73.4,6.8,79.9,medium
STU-09372,83.0,49.0,71.2,4.5,67.8,medium
STU-09373,71.0,50.7,40.1,8.2,40.0,medium
STU-09374,95.3,78.1,88.6,7.6,79.0,low
STU-09375,100.0,82.1,100.0,10.0,67.4,low
STU-09376,77.2,64.1,66.6,5.5,65.5,medium
STU-09377,41.8,27.3,41.6,4.0,73.7,high
STU-09378,76.6,73.1,61.5,6.2,71.5,low
STU-09379,100.0,100.0,100.0,10.0,100.0,low
STU-09380,66.7,96.1,56.2,7.7,56.1,low
STU-09381,100.0,72.0,92.1,8.2,100.0,low
STU-09382,88.4,55.0,53.6,6.5,73.5,medium
STU-09383,72.4,68.4,45.9,6.5,39.3,medium
STU-09384,60.8,68.2,60.2,4.0,52.1,high
STU-09385,67.0,79.0,83.7,7.9,83.0,low
STU-09386,86.2,91.1,77.5,6.4,73.0,low
STU-09387,76.2,82.7,66.1,6.3,86.3,low
STU-09388,100.0,42.6,77.9,7.7,48.1,medium
STU-09389,48.0,70.2,71.5,6.7,71.5,high
STU-09390,67.4,31.0,35.5,0.0,45.8,high
STU-09391,79.3,50.5,50.2,6.2,61.1,medium
STU-09392,76.4,100.0,100.0,6.7,100.0,low
STU-09393,95.2,49.9,39.5,5.6,42.2,high
STU-09394,63.3,81.2,36.3,8.7,99.2,medium
STU-09395,86.2,55.4,79.1,6.9,38.1,medium
STU-09396,59.1,98.4,71.3,7.3,94.5,low
STU-09397,81.5,98.5,96.0,9.8,100.0,low
STU-09398,54.9,46.1,48.0,3.2,39.2,high
STU-09399,52.1,47.9,23.9,1.5,62.9,high
STU-09400,100.0,70.2,84.1,7.3,78.0,low
STU-09401,65.3,39.7,41.8,7.8,62.7,high
STU-09402,27.5,59.7,60.4,8.4,63.9,high
STU-09403,76.4,64.3,50.8,4.6,43.9,medium
STU-09404,66.5,90.8,84.8,7.4,68.5,low
STU-09405,77.8,35.9,30.4,3.3,35.1,high
STU-09406,50.7,8.2,33.3,1.6,16.1,high
STU-09407,67.8,64.8,70.4,6.4,53.1,medium
STU-09408,48.6,56.7,46.3,4.2,51.9,high
STU-09409,78.2,74.1,65.9,6.5,100.0,low
STU-09410,48.1,26.7,39.5,4.1,24.4,high
STU-09411,82.5,46.6,52.0,5.5,79.5,medium
STU-09412,85.4,95.6,89.3,10.0,57.6,low
STU-09413,89.1,49.2,82.5,8.9,41.2,medium
STU-09414,44.3,43.1,45.7,4.6,15.0,high
STU-09415,66.0,100.0,82.2,7.6,75.7,low
STU-09416,97.4,37.7,99.9,7.6,70.6,medium
STU-09417,72.8,47.6,83.7,6.6,58.1,medium
STU-09418,71.7,62.6,75.9,5.6,62.3,low
STU-09419,73.0,97.2,81.7,5.7,74.8,low
STU-09420,58.9,77.3,78.8,4.3,54.1,low
STU-09421,78.3,67.1,32.1,6.9,29.5,medium
STU-09422,62.8,31.9,74.9,6.2,27.6,medium
STU-09423,34.9,53.9,51.7,3.7,48.7,high
STU-09424,90.4,41.9,77.8,7.1,82.8,low
STU-09425,85.5,65.9,68.5,5.1,34.1,medium
STU-09426,76.5,100.0,93.9,5.2,64.6,low
STU-09427,95.8,55.6,59.3,6.5,68.2,medium
STU-09428,49.1,27.3,57.4,3.8,73.2,high
STU-09429,46.6,27.6,30.4,0.0,17.3,high
STU-09430,57.0,52.2,38.2,4.2,23.1,high
STU-09431,35.0,43.3,29.5,1.6,51.3,high
STU-09432,96.9,76.7,71.1,6.1,23.9,low
STU-09433,61.4,47.9,52.0,2.3,34.6,high
STU-09434,74.8,84.2,93.4,8.1,71.2,low
STU-09435,90.2,57.5,80.3,9.1,72.0,low
STU-09436,43.8,33.4,48.1,3.1,46.3,high
STU-09437,41.5,24.8,31.2,6.1,29.2,high
STU-09438,72.7,73.0,78.1,6.7,74.2,low
STU-09439,87.1,74.3,78.1,9.0,82.6,low
STU-09440,33.2,67.4,42.1,0.4,69.5,high
STU-09441,90.7,75.6,84.4,5.5,55.8,low
STU-09442,22.7,24.7,16.5,0.1,14.0,high
STU-09443,46.9,39.0,31.2,5.5,40.2,high
STU-09444,67.8,36.5,79.3,8.6,36.8,high
STU-09445,100.0,100.0,100.0,10.0,92.0,low
STU-09446,83.4,66.0,67.7,6.5,59.0,low
STU-09447,52.1,50.7,24.4,4.6,26.2,high
STU-09448,69.8,72.1,30.6,4.3,61.2,medium
STU-09449,81.1,46.8,86.4,3.5,56.0,medium
STU-09450,53.5,62.6,37.9,5.4,32.1,medium
STU-09451,78.1,69.0,44.7,5.5,88.6,medium
STU-09452,56.6,65.2,60.2,5.6,46.3,medium
STU-09453,75.2,87.5,83.7,10.0,100.0,low
STU-09454,80.2,77.0,84.9,8.5,47.8,low
STU-09455,67.1,72.2,86.1,6.6,75.4,low
STU-09456,67.0,91.0,50.3,3.8,45.9,medium
STU-09457,75.9,49.6,50.8,2.8,42.6,high
STU-09458,61.3,77.0,63.8,5.4,72.6,medium
STU-09459,63.4,52.4,35.4,4.7,57.4,high
STU-09460,100.0,94.9,83.4,8.9,82.0,low
STU-09461,73.8,50.2,65.9,8.6,68.6,low
STU-09462,52.9,29.4,68.3,4.6,62.1,medium
STU-09463,71.0,71.2,71.8,7.9,61.6,medium
STU-09464,100.0,96.2,89.5,7.2,100.0,low
STU-09465,25.0,16.2,60.3,3.5,34.7,high
STU-09466,69.2,97.6,92.9,7.7,83.3,low
STU-09467,52.4,83.2,29.9,4.3,79.5,medium
STU-09468,100.0,66.4,56.2,2.2,38.4,medium
STU-09469,55.5,48.7,59.0,3.5,34.9,medium
STU-09470,68.0,35.4,63.9,6.0,48.8,medium
STU-09471,65.7,84.1,89.1,4.4,80.4,low
STU-09472,32.1,37.8,38.6,3.6,12.3,high
STU-09473,100.0,88.1,98.4,9.5,46.7,low
STU-09474,79.0,94.4,72.7,6.8,90.4,low
STU-09475,59.9,48.1,37.7,5.7,39.1,medium
STU-09476,81.1,52.4,48.8,6.2,63.3,medium
STU-09477,100.0,54.1,78.4,6.7,41.6,low
STU-09478,55.7,26.4,67.1,4.3,63.7,medium
STU-09479,100.0,100.0,100.0,10.0,100.0,low
STU-09480,100.0,73.1,100.0,10.0,65.3,low
STU-09481,68.8,62.6,67.9,4.0,44.8,low
STU-09482,91.0,35.3,64.7,4.9,70.8,medium
STU-09483,54.9,73.9,60.5,2.9,62.8,medium
STU-09484,9.2,50.5,45.5,5.4,62.8,high
STU-09485,86.2,67.1,66.1,6.6,92.5,medium
STU-09486,67.9,77.1,79.7,7.2,84.9,low
STU-09487,77.5,42.4,73.8,9.5,53.4,medium
STU-09488,74.7,71.7,65.3,8.4,38.2,medium
STU-09489,41.8,72.4,63.1,3.4,81.1,high
STU-09490,78.1,28.5,54.7,4.1,57.6,high
STU-09491,100.0,76.9,99.6,10.0,87.1,low
STU-09492,68.6,58.0,55.0,3.8,88.6,high
STU-09493,78.5,24.3,25.0,5.2,36.1,high
STU-09494,46.4,42.4,33.5,5.1,62.4,high
STU-09495,68.7,26.1,41.5,7.4,52.9,high
STU-09496,83.1,80.3,100.0,10.0,90.1,low
STU-09497,90.0,62.2,95.8,7.5,74.4,low
STU-09498,70.4,96.1,80.5,9.0,67.6,low
STU-09499,100.0,100.0,100.0,8.1,94.8,low
STU-09500,100.0,56.5,74.5,6.6,48.5,low
STU-09501,68.0,35.9,46.7,5.3,27.0,high
STU-09502,83.6,76.1,78.7,9.8,63.7,low
STU-09503,62.6,37.3,34.5,3.9,35.2,high
STU-09504,100.0,100.0,100.0,10.0,100.0,low
STU-09505,76.9,22.3,73.1,8.2,47.1,high
STU-09506,100.0,83.0,94.4,4.8,60.9,low
STU-09507,85.1,48.9,64.9,5.6,57.2,high
STU-09508,76.5,66.1,80.4,5.1,81.7,low
STU-09509,99.8,73.7,95.6,10.0,69.5,low
STU-09510,78.4,99.2,88.3,9.1,83.9,low
STU-09511,74.2,83.6,68.9,9.5,68.5,low
STU-09512,60.8,19.4,43.9,2.7,76.9,high
STU-09513,66.8,97.8,73.3,6.4,100.0,low
STU-09514,44.3,32.7,38.7,3.8,47.4,high
STU-09515,89.8,69.6,80.4,6.5,59.4,medium
STU-09516,63.0,13.4,40.4,5.3,13.8,high
STU-09517,76.9,62.7,48.2,8.2,98.4,low
STU-09518,87.7,55.2,87.2,10.0,54.9,low
STU-09519,98.8,76.7,97.1,8.6,61.4,low
STU-09520,63.0,41.7,64.9,6.2,70.8,high
STU-09521,54.8,37.4,45.6,4.4,80.7,high
STU-09522,72.8,55.2,66.2,1.9,55.9,medium
STU-09523,61.9,83.7,64.3,7.9,67.4,low
STU-09524,56.0,72.4,61.9,3.6,70.3,medium
STU-09525,55.4,36.0,69.6,7.3,59.9,medium
STU-09526,81.7,78.3,74.2,6.3,100.0,low
STU-09527,50.7,58.8,15.3,3.3,61.1,high
STU-09528,84.6,57.6,91.4,8.1,55.0,low
STU-09529,81.7,80.3,55.0,9.6,78.5,low
STU-09530,64.5,33.3,45.2,4.3,55.4,high
STU-09531,37.7,41.2,45.2,1.6,42.9,high
STU-09532,79.0,25.0,34.6,4.5,42.4,high
STU-09533,49.6,42.9,24.5,3.4,41.9,high
STU-09534,40.7,32.2,29.8,3.8,14.7,high
STU-09535,96.1,64.7,83.3,7.6,63.9,low
STU-09536,41.6,84.1,37.6,3.3,72.3,high
STU-09537,35.2,35.4,44.1,2.4,52.6,high
STU-09538,65.5,79.8,100.0,8.2,100.0,low
STU-09539,72.4,81.8,76.8,7.0,99.4,low
STU-09540,62.6,49.2,65.7,3.7,72.1,high
STU-09541,95.1,47.4,75.4,8.8,71.5,low
STU-09542,85.1,46.6,82.1,5.6,56.0,medium
STU-09543,74.8,80.2,92.2,7.1,63.9,low
STU-09544,59.6,55.5,64.7,7.7,76.7,low
STU-09545,61.7,47.1,70.1,6.7,76.4,high
STU-09546,88.6,89.4,100.0,10.0,98.9,low
STU-09547,100.0,68.9,93.9,10.0,89.5,low
STU-09548,28.9,28.9,7.3,3.5,34.8,high
STU-09549,41.7,17.5,60.5,3.2,41.2,high
STU-09550,38.2,45.4,43.0,4.8,58.6,high
STU-09551,70.0,70.2,46.6,7.9,57.1,medium
STU-09552,78.9,98.7,73.6,8.3,98.6,low
STU-09553,65.3,100.0,100.0,8.1,100.0,low
STU-09554,100.0,70.3,62.8,9.8,52.5,low
STU-09555,100.0,85.7,72.3,7.4,86.7,low
STU-09556,94.3,100.0,48.9,10.0,89.4,low
STU-09557,53.8,42.2,45.5,3.3,38.0,high
STU-09558,62.5,53.6,58.8,8.3,62.0,medium
STU-09559,31.3,48.5,47.4,3.7,74.7,high
STU-09560,89.4,18.8,69.7,5.5,45.8,medium
STU-09561,73.0,63.7,63.3,3.3,77.8,medium
STU-09562,79.1,71.0,39.5,3.2,52.6,medium
STU-09563,56.3,43.0,53.0,6.3,67.5,medium
STU-09564,99.7,83.7,100.0,9.1,78.8,low
STU-09565,79.9,61.1,57.7,3.4,45.8,medium
STU-09566,84.6,69.1,67.4,7.7,60.7,low
STU-09567,54.9,23.0,0.9,0.0,17.9,high
STU-09568,72.6,27.5,77.9,4.7,37.3,medium
STU-09569,51.8,71.1,47.9,3.4,75.6,medium
STU-09570,43.4,65.8,47.6,4.9,47.0,high
STU-09571,65.6,77.6,29.2,5.1,86.6,medium
STU-09572,61.3,21.2,52.6,5.7,30.7,high
STU-09573,87.0,59.5,50.4,3.3,55.9,high
STU-09574,99.1,53.1,76.1,10.0,49.7,low
STU-09575,58.5,68.8,74.1,9.2,88.0,low
STU-09576,65.0,81.8,65.2,4.3,68.7,low
STU-09577,94.6,98.9,94.8,8.2,66.3,low
STU-09578,68.1,78.2,73.6,3.8,84.7,low
STU-09579,48.1,36.3,60.0,6.2,44.9,high
STU-09580,100.0,82.9,80.5,7.0,70.4,low
STU-09581,18.4,28.3,8.2,0.1,45.8,high
STU-09582,84.5,34.1,73.0,6.2,36.5,medium
STU-09583,52.5,89.8,59.1,3.5,79.4,low
STU-09584,47.4,24.7,59.5,2.5,67.1,high
STU-09585,100.0,95.1,100.0,10.0,71.7,low
STU-09586,70.4,51.2,44.1,4.6,70.0,medium
STU-09587,92.1,99.1,72.8,10.0,81.6,low
STU-09588,75.5,74.5,79.7,7.8,68.7,low
STU-09589,79.1,44.6,64.5,5.7,44.8,medium
STU-09590,61.3,61.6,80.3,5.5,77.2,medium
STU-09591,45.9,47.5,46.5,4.4,54.2,high
STU-09592,98.2,56.2,83.6,7.8,92.7,low
STU-09593,100.0,92.2,81.3,10.0,50.7,low
STU-09594,71.6,51.1,61.5,5.6,55.7,low
STU-09595,57.3,58.3,54.9,1.5,59.2,medium
STU-09596,48.3,64.6,56.5,4.1,72.2,high
STU-09597,100.0,99.0,100.0,8.5,93.8,low
STU-09598,93.2,76.0,56.3,8.6,80.2,low
STU-09599,87.1,38.4,74.1,9.5,61.1,medium
STU-09600,51.6,19.5,21.6,3.1,31.4,high
STU-09601,100.0,58.4,73.4,7.4,45.6,low
STU-09602,81.5,84.8,62.4,7.8,89.6,medium
STU-09603,63.3,73.9,56.9,9.3,99.0,low
STU-09604,100.0,82.6,100.0,9.4,63.8,low
STU-09605,45.9,70.8,62.3,2.5,67.9,high
STU-09606,72.8,84.6,90.4,8.6,61.7,low
STU-09607,76.9,78.4,64.0,3.4,83.7,medium
STU-09608,80.7,98.2,78.1,9.9,83.9,low
STU-09609,88.9,79.5,80.7,8.0,100.0,low
STU-09610,78.6,82.5,63.6,8.8,70.3,low
STU-09611,73.6,22.9,59.2,1.9,45.0,high
STU-09612,83.5,33.6,92.7,7.6,72.8,medium
STU-09613,83.1,100.0,66.8,4.2,77.2,low
STU-09614,88.6,77.1,71.2,5.9,89.2,low
STU-09615,69.8,76.7,74.0,6.6,88.5,low
STU-09616,100.0,83.7,100.0,10.0,100.0,low
STU-09617,99.4,79.0,70.0,10.0,94.0,low
STU-09618,45.4,59.0,49.6,1.1,84.0,high
STU-09619,70.2,42.8,48.5,4.6,27.8,high
STU-09620,85.1,53.2,68.4,7.7,60.4,medium
STU-09621,41.6,41.6,73.5,3.7,66.7,high
STU-09622,66.9,76.5,73.8,7.2,57.4,low
STU-09623,92.5,80.0,100.0,10.0,94.2,low
STU-09624,73.1,81.4,74.3,8.3,70.4,low
STU-09625,76.9,83.7,65.4,10.0,68.3,low
STU-09626,60.9,73.6,55.9,6.6,71.5,low
STU-09627,70.8,34.8,49.1,5.2,21.8,high
STU-09628,73.1,57.2,46.9,4.7,85.8,medium
STU-09629,85.5,97.3,65.5,5.1,100.0,low
STU-09630,88.5,100.0,97.8,9.9,100.0,low
STU-09631,100.0,61.9,84.2,9.3,100.0,low
STU-09632,93.7,100.0,100.0,10.0,92.6,low
STU-09633,86.1,63.6,69.6,7.4,58.0,low
STU-09634,52.0,43.0,41.1,3.7,62.9,high
STU-09635,38.9,56.8,73.6,6.2,70.9,high
STU-09636,94.0,70.4,62.9,7.6,48.4,low
STU-09637,86.9,40.0,68.3,5.5,70.3,medium
STU-09638,77.4,54.9,65.4,5.7,43.1,medium
STU-09639,40.6,28.7,0.0,2.1,34.3,high
STU-09640,100.0,100.0,100.0,6.4,93.5,low
STU-09641,67.4,59.3,96.7,6.0,73.8,low
STU-09642,86.7,75.5,75.5,10.0,61.1,low
STU-09643,62.4,49.9,28.1,0.1,53.2,high
STU-09644,53.2,72.8,62.9,4.9,81.7,high
STU-09645,80.0,100.0,86.5,4.4,73.1,low
STU-09646,86.1,74.6,64.7,3.8,53.7,low
STU-09647,75.0,32.4,61.3,1.2,40.9,high
STU-09648,84.5,70.4,97.0,5.1,81.8,low
STU-09649,51.1,40.3,37.5,6.6,55.0,high
STU-09650,88.1,67.2,90.6,10.0,85.8,low
STU-09651,100.0,82.0,88.7,8.7,100.0,low
STU-09652,67.1,100.0,85.9,9.1,81.9,low
STU-09653,53.6,75.9,71.4,4.0,69.8,medium
STU-09654,77.0,67.0,79.6,5.8,58.0,medium
STU-09655,86.4,100.0,85.6,6.5,86.1,low
STU-09656,75.7,0.0,59.2,1.2,20.7,high
STU-09657,65.0,55.2,52.2,1.0,58.1,medium
STU-09658,61.2,60.0,34.3,6.0,67.0,medium
STU-09659,62.0,84.2,63.9,6.7,46.2,low
STU-09660,82.2,76.7,79.5,4.8,88.0,low
STU-09661,100.0,79.3,99.5,10.0,55.2,low
STU-09662,93.6,45.8,92.9,8.1,48.9,low
STU-09663,55.8,79.0,41.1,3.0,44.2,medium
STU-09664,40.5,33.7,23.9,1.6,54.1,high
STU-09665,79.4,64.1,56.2,7.7,46.9,medium
STU-09666,81.3,65.8,72.1,6.4,68.6,medium
STU-09667,90.9,53.0,59.1,10.0,69.0,medium
STU-09668,79.8,52.2,75.3,8.1,87.8,medium
STU-09669,37.3,56.7,55.1,0.5,88.0,high
STU-09670,93.3,71.8,46.2,2.9,79.6,medium
STU-09671,45.5,42.7,28.8,3.8,62.1,high
STU-09672,58.3,67.0,30.2,6.8,48.1,high
STU-09673,58.2,64.5,38.5,4.8,54.6,high
STU-09674,86.4,100.0,96.3,7.9,99.7,low
STU-09675,70.6,71.8,58.1,2.3,80.7,medium
STU-09676,82.0,35.7,47.5,8.0,39.3,high
STU-09677,65.1,70.7,71.7,9.3,70.8,medium
STU-09678,88.5,78.5,100.0,7.3,82.1,low
STU-09679,58.3,40.6,57.6,6.5,59.7,high
STU-09680,76.0,75.2,97.9,6.2,73.6,low
STU-09681,98.7,49.4,77.6,9.8,75.5,low
STU-09682,64.3,78.6,56.3,8.1,50.0,medium
STU-09683,86.3,68.6,79.9,9.7,80.5,low
STU-09684,55.0,75.1,63.9,6.8,99.9,low
STU-09685,60.7,35.7,58.0,5.4,42.6,high
STU-09686,35.8,20.2,8.6,2.9,35.6,high
STU-09687,80.2,60.3,69.9,6.7,100.0,low
STU-09688,75.5,16.9,64.9,10.0,26.7,high
STU-09689,51.3,56.9,79.7,5.1,38.8,medium
STU-09690,74.7,74.4,90.8,7.3,84.2,low
STU-09691,92.9,87.8,79.9,7.9,62.2,low
STU-09692,52.5,71.1,72.4,4.1,82.4,medium
STU-09693,48.4,64.6,55.0,4.7,78.7,medium
STU-09694,95.5,100.0,93.0,7.8,92.0,low
STU-09695,67.4,57.9,44.9,4.1,35.9,high
STU-09696,55.6,58.4,72.1,7.2,84.1,medium
STU-09697,72.3,72.9,67.1,4.9,83.1,medium
STU-09698,81.0,70.0,98.3,9.5,79.7,low
STU-09699,67.2,62.2,31.9,6.7,81.2,high
STU-09700,62.2,69.1,67.5,7.5,100.0,medium
STU-09701,78.6,47.6,65.8,5.3,62.6,medium
STU-09702,85.3,100.0,99.2,6.9,92.3,low
STU-09703,56.4,83.5,62.4,8.6,84.0,medium
STU-09704,64.7,73.8,40.3,6.9,73.0,medium
STU-09705,83.9,63.2,60.1,6.6,40.6,low
STU-09706,80.6,86.4,88.6,8.6,70.7,low
STU-09707,65.2,58.9,73.7,3.9,52.6,medium
STU-09708,78.6,59.9,76.3,8.7,53.7,low
STU-09709,88.7,60.2,79.1,5.3,62.3,low
STU-09710,61.9,67.4,60.6,4.4,56.8,medium
STU-09711,59.6,33.6,67.8,5.3,43.2,medium
STU-09712,70.2,90.0,90.4,4.8,77.5,low
STU-09713,69.1,47.1,49.4,6.0,44.2,medium
STU-09714,44.5,47.3,19.0,2.0,50.4,high
STU-09715,53.7,55.9,68.7,7.0,90.8,high
STU-09716,58.9,66.4,55.7,7.0,82.3,low
STU-09717,58.9,28.2,14.6,4.5,22.8,high
STU-09718,63.9,68.0,85.2,7.5,58.4,low
STU-09719,75.5,62.2,77.1,6.7,82.0,low
STU-09720,82.2,49.1,73.6,6.6,63.8,medium
STU-09721,54.2,52.9,69.5,6.2,89.8,high
STU-09722,81.9,65.2,77.4,6.6,55.0,low
STU-09723,75.8,54.8,51.9,8.1,44.0,medium
STU-09724,57.9,47.6,70.5,7.2,92.8,medium
STU-09725,51.4,50.1,53.3,2.7,58.3,medium
STU-09726,69.3,21.6,41.8,2.9,58.6,high
STU-09727,51.9,78.9,43.2,7.4,54.3,medium
STU-09728,64.7,79.0,80.6,5.4,70.2,low
STU-09729,39.4,35.1,19.4,1.3,41.3,high
STU-09730,75.8,88.4,63.7,7.0,92.3,low
STU-09731,100.0,47.5,50.9,6.3,58.4,high
STU-09732,86.6,86.6,100.0,9.2,77.5,low
STU-09733,96.4,70.0,73.7,8.3,36.7,low
STU-09734,74.5,48.8,73.1,8.0,38.5,medium
STU-09735,55.3,69.7,35.9,4.2,67.3,medium
STU-09736,61.3,20.0,21.7,3.0,20.3,high
STU-09737,44.7,70.3,88.1,4.8,96.1,high
STU-09738,46.0,43.0,19.6,5.5,47.2,high
STU-09739,78.8,64.2,80.8,5.5,57.3,low
STU-09740,74.6,64.5,100.0,7.0,93.4,low
STU-09741,100.0,84.6,100.0,10.0,100.0,low
STU-09742,55.6,76.7,72.3,6.5,85.7,low
STU-09743,46.7,22.7,0.0,2.2,46.4,high
STU-09744,87.3,86.0,44.1,7.0,54.4,low
STU-09745,55.7,28.0,47.4,4.3,23.7,high
STU-09746,57.4,86.6,85.8,5.2,100.0,low
STU-09747,51.9,40.3,41.4,6.6,42.5,high
STU-09748,54.5,61.8,29.9,3.8,57.5,high
STU-09749,85.1,52.5,47.4,8.4,50.7,medium
STU-09750,83.3,76.0,66.4,8.2,84.9,low
STU-09751,86.4,48.7,100.0,8.4,64.6,low
STU-09752,61.1,100.0,92.9,7.7,83.9,low
STU-09753,92.8,100.0,67.0,8.9,100.0,low
STU-09754,60.3,84.3,74.4,6.5,93.1,low
STU-09755,53.7,37.7,77.5,4.7,43.4,medium
STU-09756,100.0,84.5,100.0,9.3,100.0,low
STU-09757,25.8,37.4,27.1,4.0,40.4,high
STU-09758,54.6,82.6,88.4,7.5,76.0,low
STU-09759,100.0,100.0,100.0,9.9,100.0,low
STU-09760,66.8,65.6,79.7,7.2,75.4,medium
STU-09761,66.7,74.0,70.0,6.4,93.8,medium
STU-09762,55.9,36.8,19.6,3.3,22.1,high
STU-09763,75.9,72.6,43.0,7.2,49.7,low
STU-09764,82.1,100.0,79.5,10.0,61.6,low
STU-09765,83.4,80.9,95.6,9.6,80.4,low
STU-09766,66.7,26.7,44.6,4.1,28.9,high
STU-09767,88.9,82.4,82.1,8.5,64.5,low
STU-09768,70.2,42.0,37.6,4.9,32.1,high
STU-09769,80.0,60.3,84.6,8.7,80.3,low
STU-09770,51.3,14.6,28.2,5.6,24.1,high
STU-09771,100.0,85.5,100.0,9.9,97.3,low
STU-09772,81.8,93.8,94.5,7.6,100.0,low
STU-09773,27.2,48.7,18.9,0.0,49.1,high
STU-09774,96.7,81.5,94.5,9.3,86.7,low
STU-09775,63.6,54.9,63.0,5.0,54.8,low
STU-09776,56.0,37.8,52.8,4.1,69.3,high
STU-09777,53.6,25.1,57.3,1.3,63.8,high
STU-09778,87.1,99.8,72.8,6.4,76.7,low
STU-09779,39.8,34.2,30.9,2.3,30.5,high
STU-09780,53.3,39.4,37.7,3.6,49.0,high
STU-09781,60.8,52.3,60.3,4.3,58.6,medium
STU-09782,87.9,54.0,62.6,7.1,68.4,medium
STU-09783,74.3,65.0,59.8,5.8,70.1,low
STU-09784,90.0,63.7,92.4,8.3,66.2,low
STU-09785,96.5,100.0,93.7,9.7,100.0,low
STU-09786,72.2,60.6,70.6,9.1,86.7,low
STU-09787,98.8,71.1,100.0,8.9,86.2,low
STU-09788,73.5,55.7,56.9,4.9,87.3,medium
STU-09789,61.2,46.3,86.1,6.5,73.3,medium
STU-09790,87.4,100.0,74.0,10.0,68.2,low
STU-09791,83.3,100.0,80.0,10.0,75.3,low
STU-09792,78.7,100.0,77.3,9.7,100.0,low
STU-09793,75.4,42.7,41.9,8.3,40.4,high
STU-09794,49.2,54.1,43.5,4.1,10.5,high
STU-09795,31.6,50.3,33.6,2.1,87.3,high
STU-09796,35.9,61.8,37.3,4.8,59.0,high
STU-09797,92.9,81.5,100.0,7.3,67.4,low
STU-09798,77.7,67.7,79.5,6.9,50.4,low
STU-09799,88.9,69.3,66.0,3.6,74.9,low
STU-09800,48.3,33.3,0.0,1.4,43.3,high
STU-09801,73.6,48.4,78.1,4.3,74.5,medium
STU-09802,61.3,37.1,27.4,4.0,50.7,high
STU-09803,66.2,53.2,63.6,0.5,49.1,high
STU-09804,70.2,44.1,66.6,3.5,24.8,high
STU-09805,55.0,95.6,49.5,4.7,66.2,medium
STU-09806,58.3,39.9,51.0,3.4,52.5,medium
STU-09807,100.0,75.0,59.2,5.8,55.1,low
STU-09808,100.0,99.7,96.8,9.6,54.8,low
STU-09809,70.1,32.3,72.5,7.1,78.5,medium
STU-09810,91.6,44.3,80.1,10.0,10.8,high
STU-09811,55.2,47.9,61.4,3.4,42.2,high
STU-09812,41.6,0.0,15.5,3.9,44.8,high
STU-09813,49.5,17.2,7.8,0.8,40.8,high
STU-09814,45.9,51.8,38.5,2.5,37.9,high
STU-09815,67.7,59.5,100.0,6.0,88.2,low
STU-09816,65.3,50.5,74.2,4.6,85.9,low
STU-09817,61.2,82.3,44.9,4.5,77.0,medium
STU-09818,75.9,16.7,67.0,8.4,64.4,high
STU-09819,86.7,69.5,74.9,8.0,71.7,low
STU-09820,93.9,69.4,72.4,9.2,44.4,low
STU-09821,82.3,62.7,82.2,9.5,77.2,low
STU-09822,46.3,52.6,45.2,3.6,59.9,high
STU-09823,63.4,45.0,75.6,5.9,48.2,medium
STU-09824,76.9,56.9,100.0,4.9,79.9,low
STU-09825,82.7,57.9,55.7,4.4,74.9,medium
STU-09826,87.4,100.0,100.0,7.7,100.0,low
STU-09827,50.8,21.8,26.3,1.7,8.3,high
STU-09828,58.1,54.2,51.5,4.3,62.7,medium
STU-09829,65.5,30.3,59.3,6.5,4.6,high
STU-09830,82.1,57.3,92.2,9.0,88.2,low
STU-09831,88.7,51.3,100.0,9.5,73.9,low
STU-09832,79.9,90.3,76.8,8.6,79.3,low
STU-09833,86.2,42.6,66.5,5.1,71.4,medium
STU-09834,68.6,42.6,51.6,7.0,47.0,high
STU-09835,47.6,29.6,44.4,1.2,66.5,high
STU-09836,50.3,35.0,71.4,5.0,42.1,high
STU-09837,61.1,55.2,44.4,3.1,54.5,high
STU-09838,96.6,72.2,100.0,3.5,57.0,low
STU-09839,74.1,75.9,70.2,8.8,67.6,low
STU-09840,89.2,87.5,77.8,7.5,85.4,low
STU-09841,69.7,68.5,76.5,9.9,55.7,low
STU-09842,86.5,66.4,66.3,7.6,45.4,low
STU-09843,47.4,31.3,28.6,1.6,46.8,high
STU-09844,56.0,63.1,81.7,8.8,80.4,low
STU-09845,42.3,30.6,11.1,1.5,37.9,high
STU-09846,95.4,100.0,72.1,8.7,81.7,low
STU-09847,53.2,86.6,100.0,8.7,84.9,low
STU-09848,72.9,74.6,44.0,4.3,52.2,medium
STU-09849,72.1,35.7,59.5,9.8,55.0,medium
STU-09850,58.5,52.1,62.6,5.1,60.7,low
STU-09851,80.1,58.7,84.1,8.8,87.2,low
STU-09852,38.8,56.6,31.0,5.3,58.7,high
STU-09853,67.9,47.7,69.6,6.9,50.5,low
STU-09854,80.3,65.7,82.3,4.5,66.2,low
STU-09855,83.4,100.0,76.6,3.3,82.8,low
STU-09856,54.7,56.1,46.5,2.0,29.2,high
STU-09857,37.9,31.1,34.4,0.8,16.2,high
STU-09858,92.9,61.4,96.8,6.5,73.7,low
STU-09859,67.3,21.1,55.7,3.9,49.1,high
STU-09860,65.2,80.7,89.4,1.9,80.8,medium
STU-09861,51.4,30.1,58.5,3.3,45.7,high
STU-09862,87.7,30.3,44.2,7.2,33.5,high
STU-09863,67.1,56.5,68.6,8.4,67.7,medium
STU-09864,84.2,62.2,91.5,6.0,70.2,low
STU-09865,58.0,59.9,44.5,5.6,59.6,medium
STU-09866,74.6,55.3,45.8,3.3,61.1,medium
STU-09867,52.4,3.4,33.4,3.2,31.7,high
STU-09868,84.9,85.3,65.7,7.8,78.6,medium
STU-09869,61.1,75.4,79.7,4.8,59.8,low
STU-09870,65.2,16.8,52.7,4.9,29.6,high
STU-09871,100.0,61.1,88.6,3.7,87.4,low
STU-09872,56.5,77.6,65.8,9.6,71.7,low
STU-09873,55.4,79.0,75.3,8.9,94.2,low
STU-09874,65.6,53.0,66.6,7.1,54.1,medium
STU-09875,94.7,71.3,95.4,9.0,80.3,low
STU-09876,75.3,42.9,48.0,4.9,43.3,medium
STU-09877,48.9,51.3,49.3,6.8,47.6,high
STU-09878,40.8,0.0,39.1,3.9,28.3,high
STU-09879,53.2,45.6,47.5,5.6,54.3,high
STU-09880,52.7,77.9,47.1,3.0,77.5,medium
STU-09881,100.0,90.3,98.8,10.0,99.5,low
STU-09882,68.3,56.0,48.0,7.2,76.7,medium
STU-09883,89.7,68.8,76.2,9.7,48.1,low
STU-09884,29.1,28.9,18.0,2.1,71.9,high
STU-09885,98.3,89.2,100.0,10.0,88.5,low
STU-09886,47.8,8.9,37.0,2.5,28.1,high
STU-09887,79.3,26.8,51.9,0.2,61.7,medium
STU-09888,69.4,100.0,97.2,7.7,100.0,low
STU-09889,95.1,66.6,38.7,6.2,55.7,medium
STU-09890,66.9,31.7,54.3,3.3,50.3,high
STU-09891,95.3,84.7,90.7,9.4,48.6,low
STU-09892,63.7,62.5,74.9,5.4,56.6,low
STU-09893,79.7,18.6,49.9,1.1,54.1,high
STU-09894,71.8,42.9,79.3,6.1,71.2,medium
STU-09895,59.2,79.2,69.2,7.6,73.2,low
STU-09896,58.2,61.1,26.9,3.4,92.3,high
STU-09897,84.5,52.9,62.8,4.5,59.9,medium
STU-09898,70.1,61.2,52.9,4.0,72.3,medium
STU-09899,70.9,100.0,92.5,9.5,100.0,low
STU-09900,48.6,46.4,53.8,2.4,52.2,high
STU-09901,57.0,57.0,44.4,1.8,39.2,medium
STU-09902,90.8,66.7,80.3,10.0,75.2,low
STU-09903,75.8,87.1,74.5,7.9,94.5,low
STU-09904,97.9,81.2,84.3,6.7,73.3,low
STU-09905,49.8,75.9,69.2,9.4,76.4,medium
STU-09906,72.8,56.3,64.5,6.3,56.4,medium
STU-09907,100.0,71.4,81.9,9.2,96.7,low
STU-09908,100.0,96.0,77.2,7.7,91.5,low
STU-09909,50.5,20.7,21.5,2.6,41.9,high
STU-09910,85.7,63.6,65.4,6.9,69.2,low
STU-09911,63.1,59.5,81.2,5.7,56.3,medium
STU-09912,68.0,64.2,46.4,8.0,56.1,medium
STU-09913,99.9,79.4,68.4,6.2,89.1,low
STU-09914,48.6,66.7,48.3,6.0,62.3,high
STU-09915,58.5,66.6,61.2,3.4,52.8,medium
STU-09916,83.3,57.9,60.5,7.0,53.9,medium
STU-09917,58.6,60.6,53.9,6.6,38.8,high
STU-09918,84.5,88.5,78.5,8.2,87.3,low
STU-09919,53.8,52.3,46.6,3.2,50.4,high
STU-09920,77.3,70.0,48.9,5.1,84.0,high
STU-09921,100.0,100.0,100.0,10.0,97.1,low
STU-09922,50.4,83.1,81.0,5.1,81.4,medium
STU-09923,69.8,59.6,43.2,4.8,39.3,medium
STU-09924,100.0,75.9,100.0,10.0,68.1,low
STU-09925,81.6,88.4,64.0,5.5,50.6,low
STU-09926,92.1,90.1,93.1,10.0,94.8,low
STU-09927,65.5,67.8,93.8,6.6,65.4,low
STU-09928,86.4,83.9,90.9,8.2,100.0,low
STU-09929,76.6,54.6,38.7,7.2,45.4,medium
STU-09930,57.8,35.7,77.6,0.0,82.1,high
STU-09931,43.7,42.3,29.3,4.3,37.0,high
STU-09932,77.9,76.4,100.0,4.8,56.0,low
STU-09933,71.4,46.1,60.5,3.8,36.0,high
STU-09934,100.0,95.2,92.6,10.0,77.9,low
STU-09935,58.9,100.0,67.2,7.4,82.0,low
STU-09936,69.6,69.5,69.1,5.2,74.6,low
STU-09937,92.5,95.7,75.8,8.7,65.4,low
STU-09938,78.0,46.3,84.3,6.5,95.1,low
STU-09939,59.8,55.9,68.5,6.0,63.0,high
STU-09940,80.7,50.5,65.8,8.7,20.8,medium
STU-09941,98.1,71.7,70.4,5.5,89.2,low
STU-09942,73.9,44.0,64.0,4.6,40.8,medium
STU-09943,44.8,38.4,38.2,4.8,29.2,high
STU-09944,81.0,64.4,59.5,6.2,49.0,low
STU-09945,33.3,91.0,47.7,4.1,68.9,high
STU-09946,57.5,78.4,49.2,6.4,55.8,medium
STU-09947,89.6,31.0,96.9,7.0,15.8,medium
STU-09948,50.1,52.0,61.2,3.6,49.9,high
STU-09949,100.0,96.6,100.0,10.0,100.0,low
STU-09950,54.4,45.0,78.9,8.1,58.6,low
STU-09951,71.0,58.4,29.6,5.4,76.6,high
STU-09952,92.4,79.9,100.0,7.8,89.0,low
STU-09953,64.0,59.0,59.7,3.2,69.0,medium
STU-09954,47.2,78.3,37.1,3.4,62.1,high
STU-09955,61.5,27.0,38.9,8.5,27.5,high
STU-09956,100.0,100.0,100.0,10.0,100.0,low
STU-09957,72.4,81.4,100.0,7.8,79.1,low
STU-09958,100.0,99.1,100.0,9.1,100.0,low
STU-09959,48.4,40.7,47.6,4.8,49.8,high
STU-09960,76.6,51.1,38.8,7.5,41.0,high
STU-09961,76.4,70.4,60.1,7.7,54.3,low
STU-09962,85.5,54.0,58.4,5.7,48.2,medium
STU-09963,57.1,67.6,29.0,5.0,77.3,medium
STU-09964,68.6,78.1,78.5,4.9,66.7,low
STU-09965,70.2,51.4,70.5,6.1,41.0,medium
STU-09966,95.5,64.6,83.2,6.0,61.2,low
STU-09967,78.2,86.9,95.8,8.5,81.6,low
STU-09968,36.8,51.0,48.1,3.3,50.8,high
STU-09969,64.4,22.4,38.9,3.9,36.6,high
STU-09970,90.3,89.7,100.0,8.5,98.9,low
STU-09971,71.8,81.1,63.5,6.9,84.4,medium
STU-09972,98.0,64.1,84.1,10.0,100.0,low
STU-09973,45.6,36.6,36.5,4.2,53.6,high
STU-09974,42.6,31.6,45.8,1.4,36.7,high
STU-09975,73.8,80.4,72.6,5.6,47.7,medium
STU-09976,75.2,31.2,59.7,6.4,15.4,medium
STU-09977,45.6,67.1,44.8,1.9,58.2,high
STU-09978,26.1,9.9,45.4,3.4,27.0,high
STU-09979,73.9,84.6,51.3,9.2,76.8,medium
STU-09980,58.4,46.2,97.1,5.0,63.0,medium
STU-09981,79.0,39.0,61.8,8.9,53.6,high
STU-09982,69.6,88.1,72.6,8.1,71.9,low
STU-09983,77.4,39.3,70.8,7.2,53.2,low
STU-09984,84.1,75.1,80.2,8.3,74.6,medium
STU-09985,100.0,90.0,88.8,8.2,92.2,low
STU-09986,67.2,26.7,80.5,8.6,67.4,high
STU-09987,60.5,53.1,37.5,5.6,44.5,medium
STU-09988,69.9,71.6,60.8,7.0,74.4,low
STU-09989,98.0,92.7,55.2,7.4,76.8,low
STU-09990,79.6,97.5,92.1,7.0,97.0,low
STU-09991,31.8,74.1,45.8,5.2,63.9,high
STU-09992,68.1,15.9,13.1,4.2,32.0,high
STU-09993,87.5,71.6,63.8,7.1,58.6,low
STU-09994,88.3,86.1,72.4,8.0,71.5,low
STU-09995,68.0,27.4,65.1,4.7,84.6,medium
STU-09996,100.0,100.0,97.4,9.9,97.4,low
STU-09997,53.4,58.9,45.3,5.9,54.4,medium
STU-09998,100.0,71.5,71.2,6.2,81.9,low
STU-09999,86.6,88.2,100.0,10.0,94.0,low
STU-10000,73.6,44.4,51.7,3.8,62.1,medium
STU-10001,80.5,75.7,74.4,3.6,56.5,low
STU-10002,85.9,84.1,71.6,7.8,62.2,low
STU-10003,76.7,47.1,28.9,5.8,41.6,high
STU-10004,22.8,55.2,52.7,4.0,54.9,high
STU-10005,68.9,78.4,54.1,4.4,69.6,medium
STU-10006,60.1,58.2,76.0,6.1,74.6,medium
STU-10007,70.0,100.0,100.0,6.1,98.9,low
STU-10008,56.1,41.6,50.7,5.6,53.2,high
STU-10009,41.7,18.1,3.8,0.0,13.4,high
STU-10010,79.7,76.8,77.0,6.4,91.3,low
STU-10011,62.3,50.6,72.2,7.6,51.6,medium
STU-10012,25.4,17.8,49.8,1.1,51.9,high
STU-10013,87.1,63.3,63.1,3.7,80.9,medium
STU-10014,62.2,92.1,74.5,4.7,61.6,medium
STU-10015,85.5,49.7,53.5,8.2,41.0,medium
STU-10016,86.0,37.6,52.6,7.5,50.3,high
STU-10017,75.5,59.1,67.1,7.8,92.8,low
STU-10018,94.0,73.3,98.1,8.1,100.0,low
STU-10019,59.5,25.2,29.1,2.9,58.5,high
STU-10020,51.0,64.0,68.3,6.6,48.6,medium
STU-10021,76.0,66.5,97.3,6.5,69.8,low
STU-10022,71.7,65.8,71.4,4.1,100.0,medium
STU-10023,72.2,58.1,60.2,7.2,78.5,medium
STU-10024,64.8,54.2,60.8,6.4,34.1,low
STU-10025,76.8,97.4,100.0,9.8,98.9,low
STU-10026,73.9,27.8,83.9,6.2,46.6,medium
STU-10027,17.2,33.4,40.2,4.5,47.4,high
STU-10028,57.9,31.3,45.2,4.0,47.5,high
STU-10029,55.0,47.8,22.6,2.9,43.0,high
STU-10030,80.2,76.0,91.0,6.7,67.1,low
STU-10031,57.9,74.0,25.9,5.2,79.6,medium
STU-10032,74.2,58.9,95.9,10.0,86.8,low
STU-10033,73.1,80.1,73.6,6.4,78.4,low
STU-10034,78.5,100.0,40.7,5.9,100.0,low
STU-10035,53.7,47.3,54.0,7.3,53.4,medium
STU-10036,84.9,41.1,53.8,6.9,46.4,high
STU-10037,97.6,61.5,64.8,4.9,49.9,medium
STU-10038,34.1,36.5,40.5,6.6,36.7,high
STU-10039,49.1,24.4,37.6,3.9,25.5,high
STU-10040,90.0,82.1,96.1,5.5,87.5,low
STU-10041,60.1,63.3,61.7,6.6,79.2,medium
STU-10042,90.6,98.0,91.1,6.5,100.0,low
STU-10043,69.1,75.1,56.0,4.6,57.9,high
STU-10044,89.1,81.8,100.0,8.2,90.5,low
STU-10045,82.9,73.6,98.6,10.0,72.2,low
STU-10046,70.2,33.6,62.9,7.3,26.9,medium
STU-10047,77.5,100.0,100.0,10.0,67.8,low
STU-10048,64.2,49.5,53.9,7.2,44.6,medium
STU-10049,44.9,54.0,39.7,3.4,19.4,high
STU-10050,77.0,84.8,28.7,2.3,72.6,medium
STU-10051,50.4,48.1,51.1,0.4,60.7,high
STU-10052,77.1,65.9,89.5,7.6,75.2,medium
STU-10053,87.3,49.0,81.8,7.4,58.5,medium
STU-10054,73.5,51.1,61.7,8.7,100.0,low
STU-10055,73.7,80.8,74.2,7.1,74.7,low
STU-10056,63.9,56.9,47.2,2.2,44.2,medium
STU-10057,62.4,49.1,65.3,5.3,89.3,medium
STU-10058,52.0,30.8,25.8,3.6,40.2,high
STU-10059,61.3,41.2,58.0,1.8,35.0,high
STU-10060,92.2,90.7,85.8,10.0,55.2,low
STU-10061,65.3,59.8,69.3,5.3,65.0,medium
STU-10062,65.6,29.3,41.2,4.5,40.6,high
STU-10063,54.0,32.3,31.5,1.7,18.8,high
STU-10064,83.6,89.4,66.9,10.0,48.4,low
STU-10065,55.7,54.2,76.1,5.5,46.7,medium
STU-10066,80.9,54.5,56.4,5.8,77.9,medium
STU-10067,80.8,42.9,48.4,3.2,36.3,high
STU-10068,55.7,48.6,31.1,4.5,42.6,high
STU-10069,86.7,54.2,56.4,7.3,62.7,medium
STU-10070,100.0,95.5,90.5,8.7,100.0,low
STU-10071,62.4,74.4,69.1,7.4,98.1,low
STU-10072,47.5,83.4,71.5,7.9,70.2,medium
STU-10073,91.5,73.3,95.9,7.5,55.5,low
STU-10074,51.4,18.2,7.1,4.2,31.5,high
STU-10075,76.8,49.8,81.9,6.3,57.2,medium
STU-10076,52.8,5.6,35.1,3.0,6.5,high
STU-10077,78.2,90.4,80.7,6.0,81.4,low
STU-10078,84.2,85.1,47.8,3.0,67.0,low
STU-10079,64.4,42.5,82.0,6.8,67.8,medium
STU-10080,60.1,76.0,50.3,4.9,56.8,medium
STU-10081,65.1,58.9,28.5,4.2,13.4,high
STU-10082,100.0,81.7,86.1,10.0,66.0,low
STU-10083,97.9,86.6,80.4,6.1,94.5,medium
STU-10084,85.9,92.5,70.2,5.7,87.2,low
STU-10085,80.2,64.6,83.6,6.9,43.0,medium
STU-10086,51.9,32.9,49.5,8.8,29.8,high
STU-10087,75.0,73.6,64.1,9.1,71.3,low
STU-10088,96.1,69.9,91.5,9.3,50.6,low
STU-10089,84.8,41.8,47.0,5.9,6.7,high
STU-10090,89.5,60.2,75.6,5.9,56.2,medium
STU-10091,78.1,47.1,55.2,7.3,47.4,medium
STU-10092,82.1,66.9,65.0,4.7,67.5,low
STU-10093,73.6,63.5,72.0,5.6,72.0,medium
STU-10094,84.2,66.6,66.7,5.9,50.9,low
STU-10095,81.7,78.1,90.3,9.2,70.9,low
STU-10096,100.0,100.0,93.4,10.0,88.7,low
STU-10097,68.9,64.3,47.5,1.9,84.3,medium
STU-10098,92.1,72.2,76.9,9.2,63.3,low
STU-10099,63.2,100.0,97.8,8.0,98.8,low
STU-10100,100.0,78.6,57.1,9.0,63.5,low
STU-10101,67.0,55.5,22.8,4.6,51.4,high
STU-10102,81.5,53.0,44.1,6.9,42.5,medium
STU-10103,72.3,59.7,35.7,5.8,63.9,medium
STU-10104,43.3,16.8,13.1,0.9,36.3,high
STU-10105,100.0,75.3,85.6,8.4,84.0,low
STU-10106,42.6,0.7,30.1,2.7,42.2,high
STU-10107,79.7,76.5,78.4,4.5,79.1,medium
STU-10108,40.1,9.7,37.8,2.6,51.5,high
STU-10109,57.0,55.6,47.0,3.0,45.2,high
STU-10110,75.0,68.9,82.5,7.9,83.8,low
STU-10111,67.0,87.3,80.5,8.0,100.0,low
STU-10112,50.2,54.9,1.6,6.3,52.5,high
STU-10113,63.9,40.7,41.0,3.5,64.0,high
STU-10114,41.6,29.8,41.6,2.6,52.3,high
STU-10115,73.8,41.3,60.0,7.6,38.4,high
STU-10116,69.7,52.2,64.5,5.8,59.0,medium
STU-10117,15.9,50.4,75.6,2.1,81.6,high
STU-10118,66.2,71.5,55.1,3.5,76.0,medium
STU-10119,86.6,89.0,98.8,9.9,100.0,low
STU-10120,53.2,100.0,59.5,4.9,89.6,medium
STU-10121,61.1,35.1,46.1,5.8,49.3,high
STU-10122,76.1,100.0,77.9,8.2,70.3,low
STU-10123,46.4,56.7,38.9,7.1,47.9,high
STU-10124,91.1,76.8,97.3,5.5,94.2,low
STU-10125,55.2,44.3,37.9,7.2,45.6,high
STU-10126,40.6,27.5,36.8,3.8,31.4,high
STU-10127,53.6,56.6,47.7,6.3,68.0,medium
STU-10128,95.8,75.2,77.6,10.0,75.2,low
STU-10129,79.4,89.3,76.0,7.8,84.5,low
STU-10130,91.8,95.1,85.3,7.4,67.4,low
STU-10131,45.3,51.0,73.5,2.2,78.8,high
STU-10132,64.0,67.2,55.7,5.7,38.5,medium
STU-10133,73.0,87.0,77.1,7.5,73.4,low
STU-10134,36.3,14.1,42.4,0.0,16.9,high
STU-10135,49.4,20.5,18.3,5.3,18.3,high
STU-10136,63.7,82.5,67.5,6.5,73.7,low
STU-10137,77.4,63.0,17.2,5.7,41.3,medium
STU-10138,79.0,56.7,51.6,4.4,70.9,high
STU-10139,53.9,70.3,59.8,4.0,58.2,medium
STU-10140,84.1,89.8,83.7,9.4,74.3,low
STU-10141,53.8,96.5,74.3,6.5,67.8,low
STU-10142,59.6,89.2,72.8,10.0,90.8,low
STU-10143,56.5,57.9,71.6,8.0,72.4,low
STU-10144,62.5,64.9,48.8,6.1,62.5,medium
STU-10145,84.9,71.8,83.3,7.9,82.0,low
STU-10146,66.7,55.6,52.2,4.6,63.7,medium
STU-10147,86.5,61.2,76.9,9.7,73.2,low
STU-10148,100.0,100.0,100.0,10.0,100.0,low
STU-10149,99.1,65.9,82.7,8.6,87.5,low
STU-10150,67.7,52.1,59.9,7.1,73.4,medium
STU-10151,94.6,63.5,96.8,10.0,61.1,low
STU-10152,56.4,69.1,63.9,7.6,94.0,medium
STU-10153,96.6,87.5,81.1,7.4,92.0,low
STU-10154,64.2,62.7,60.4,6.8,76.5,medium
STU-10155,38.2,49.5,51.3,5.8,70.9,high
STU-10156,98.2,93.0,100.0,9.3,93.9,low
STU-10157,51.9,100.0,60.6,5.2,83.7,medium
STU-10158,88.8,66.8,96.6,7.7,55.0,low
STU-10159,84.8,51.9,100.0,7.8,54.6,low
STU-10160,96.6,66.6,77.3,8.7,77.5,low
STU-10161,67.1,30.1,42.9,3.4,47.6,high
STU-10162,76.5,39.2,68.0,6.7,36.5,medium
STU-10163,34.1,73.9,1.8,0.9,23.5,high
STU-10164,51.2,45.3,43.8,7.0,35.2,high
STU-10165,75.7,80.9,84.0,8.3,82.4,low
STU-10166,57.3,70.7,62.6,5.8,59.7,low
STU-10167,84.7,42.2,48.3,6.3,79.6,low
STU-10168,63.5,52.0,64.9,7.3,42.4,medium
STU-10169,92.4,67.8,74.0,9.4,76.1,low
STU-10170,87.7,71.8,73.4,9.8,90.2,low
STU-10171,100.0,76.7,78.5,9.5,56.1,low
STU-10172,54.2,79.5,68.0,2.9,48.5,low
STU-10173,81.8,63.8,64.9,6.2,71.6,low
STU-10174,56.5,59.3,19.6,6.0,52.9,high
STU-10175,100.0,74.6,100.0,10.0,96.3,low
STU-10176,70.3,3.8,51.3,3.3,40.3,high
STU-10177,97.0,54.0,79.5,9.4,82.0,low
STU-10178,65.6,46.2,43.1,3.9,60.9,high
STU-10179,100.0,62.2,95.1,8.3,86.4,low
STU-10180,59.0,56.1,43.7,5.1,26.7,high
STU-10181,97.9,58.9,76.8,8.0,74.0,low
STU-10182,46.1,61.0,43.8,2.8,77.6,high
STU-10183,100.0,79.2,66.9,6.7,98.3,low
STU-10184,47.4,73.0,84.2,5.6,71.5,medium
STU-10185,65.2,17.2,51.2,4.4,71.9,high
STU-10186,64.9,42.4,39.0,1.7,52.0,high
STU-10187,93.6,86.2,98.3,10.0,91.6,low
STU-10188,92.3,59.3,79.2,6.4,73.3,low
STU-10189,66.8,62.5,80.4,4.4,61.8,medium
STU-10190,54.4,30.0,61.1,2.1,75.7,high
STU-10191,41.6,56.0,40.1,0.0,34.6,high
STU-10192,82.7,100.0,100.0,10.0,99.4,low
STU-10193,100.0,64.9,92.1,8.6,53.5,low
STU-10194,50.5,95.5,54.7,3.3,39.4,medium
STU-10195,84.1,68.3,100.0,10.0,53.9,low
STU-10196,55.1,66.2,81.0,9.2,74.5,low
STU-10197,67.5,55.9,17.2,3.1,65.2,medium
STU-10198,39.5,50.0,46.6,5.4,31.2,high
STU-10199,77.4,57.7,66.6,7.0,35.9,medium
STU-10200,57.1,56.1,60.4,4.0,41.6,medium
STU-10201,100.0,70.7,52.8,10.0,43.1,low
STU-10202,42.6,71.8,52.9,3.8,100.0,high
STU-10203,56.6,68.8,56.4,5.1,56.5,medium
STU-10204,56.2,19.6,44.1,5.8,49.2,high
STU-10205,78.4,85.0,77.4,7.4,83.2,low
STU-10206,70.2,23.2,22.5,4.7,63.9,high
STU-10207,57.2,60.5,51.2,5.0,62.4,high
STU-10208,100.0,99.1,83.4,6.8,81.6,low
STU-10209,67.8,77.6,77.1,6.9,67.6,low
STU-10210,62.9,75.5,69.8,7.3,61.0,low
STU-10211,70.7,80.5,59.4,7.1,47.4,low
STU-10212,36.5,16.8,32.0,3.6,11.2,high
STU-10213,30.0,51.5,60.7,3.4,78.9,high
STU-10214,98.1,69.0,100.0,8.9,82.9,low
STU-10215,47.4,75.0,30.7,4.3,50.7,high
STU-10216,62.3,39.3,86.7,4.6,60.5,medium
STU-10217,50.6,72.3,72.5,5.7,57.7,medium
STU-10218,39.2,15.6,55.1,1.8,50.7,high
STU-10219,65.7,71.3,29.9,8.3,61.3,medium
STU-10220,83.5,79.2,54.0,1.5,64.1,medium
STU-10221,100.0,83.0,100.0,8.1,91.7,low
STU-10222,54.3,45.2,51.5,7.0,71.4,high
STU-10223,58.9,54.4,69.1,7.4,52.2,medium
STU-10224,88.0,60.9,79.2,4.0,78.0,low
STU-10225,80.9,61.2,71.3,6.6,68.3,medium
STU-10226,50.1,61.1,85.7,5.7,100.0,high
STU-10227,53.5,35.6,43.8,0.4,53.1,high
STU-10228,71.3,48.5,31.5,4.0,36.1,high
STU-10229,82.2,27.2,46.6,7.6,33.2,high
STU-10230,38.1,69.4,75.2,6.6,57.0,high
STU-10231,93.0,90.4,87.2,9.5,82.6,low
STU-10232,71.0,52.7,68.2,5.9,81.8,low
STU-10233,78.4,100.0,93.8,8.2,78.0,low
STU-10234,100.0,100.0,100.0,9.0,93.9,low
STU-10235,58.1,55.1,62.2,4.7,52.9,medium
STU-10236,63.2,35.3,56.7,6.1,50.9,high
STU-10237,91.1,77.6,88.6,5.2,37.2,low
STU-10238,88.6,78.7,99.8,10.0,97.1,low
STU-10239,83.9,97.1,86.3,6.9,68.7,low
STU-10240,100.0,96.5,100.0,10.0,100.0,low
STU-10241,75.0,49.8,68.0,4.9,69.8,medium
STU-10242,58.2,55.3,47.4,3.2,69.0,high
STU-10243,52.1,76.3,49.3,5.4,48.9,medium
STU-10244,75.0,33.7,39.2,5.7,69.3,high
STU-10245,46.0,83.1,33.6,3.7,99.0,high
STU-10246,35.9,34.7,35.1,3.4,15.3,high
STU-10247,78.6,56.4,72.2,4.6,52.4,medium
STU-10248,64.3,63.5,63.1,6.2,65.7,medium
STU-10249,77.3,56.8,91.1,5.3,56.1,medium
STU-10250,69.0,86.8,86.5,9.1,84.9,low
STU-10251,28.8,25.4,18.4,1.2,51.0,high
STU-10252,53.4,50.1,40.3,4.9,57.9,high
STU-10253,70.3,98.0,74.6,5.0,86.8,low
STU-10254,83.8,92.4,89.2,5.8,100.0,low
STU-10255,100.0,100.0,97.3,10.0,100.0,low
STU-10256,89.6,68.3,96.5,10.0,82.3,low
STU-10257,67.8,69.6,77.2,8.4,83.6,low
STU-10258,67.8,87.6,74.5,8.2,95.7,low
STU-10259,95.2,80.4,100.0,8.1,68.0,low
STU-10260,31.2,28.3,17.8,4.0,60.7,high
STU-10261,64.7,25.1,59.3,6.5,31.5,high
STU-10262,50.8,88.5,58.5,6.6,100.0,low
STU-10263,51.4,56.4,63.4,5.4,42.8,medium
STU-10264,99.7,44.3,80.5,5.6,64.1,medium
STU-10265,80.0,70.7,97.6,9.1,100.0,low
STU-10266,74.4,54.9,49.1,4.6,41.8,high
STU-10267,91.3,69.9,100.0,9.0,63.1,low
STU-10268,33.5,58.3,37.4,5.3,71.1,high
STU-10269,69.8,48.1,22.8,4.2,70.1,medium
STU-10270,98.9,66.6,45.6,6.9,84.4,medium
STU-10271,68.9,41.5,55.8,4.9,45.3,medium
STU-10272,64.2,44.0,28.5,3.3,75.7,high
STU-10273,72.1,66.9,80.1,7.0,87.2,low
STU-10274,67.9,83.0,64.1,7.4,69.0,low
STU-10275,69.3,33.6,40.5,6.6,64.6,high
STU-10276,91.2,100.0,100.0,7.8,97.5,low
STU-10277,90.9,98.4,88.8,5.2,87.5,low
STU-10278,60.4,52.5,77.2,6.4,42.0,medium
STU-10279,49.2,29.3,0.0,4.3,2.2,high
STU-10280,58.1,73.5,35.6,6.1,53.6,medium
STU-10281,94.0,70.0,93.6,6.1,75.6,low
STU-10282,100.0,68.6,44.7,9.1,54.0,low
STU-10283,97.7,74.2,59.1,4.7,83.5,low
STU-10284,84.5,56.1,66.7,8.5,68.1,medium
STU-10285,79.8,73.2,54.7,6.3,82.4,medium
STU-10286,83.7,78.2,66.4,6.1,85.9,low
STU-10287,100.0,100.0,82.3,10.0,90.8,low
STU-10288,20.0,72.5,54.5,1.6,55.1,high
STU-10289,72.2,61.3,66.2,5.5,68.7,medium
STU-10290,50.1,39.8,75.9,5.9,56.1,medium
STU-10291,69.2,67.3,51.1,2.4,71.2,high
STU-10292,89.1,82.6,68.8,8.0,85.6,low
STU-10293,76.1,100.0,81.9,8.0,84.2,low
STU-10294,16.8,62.5,25.0,0.2,59.1,high
STU-10295,74.0,76.4,94.3,7.6,73.8,low
STU-10296,68.3,40.6,67.9,5.5,74.2,medium
STU-10297,75.6,48.9,56.3,7.8,54.6,medium
STU-10298,68.9,43.8,82.8,6.9,37.2,medium
STU-10299,63.2,47.9,61.7,7.8,44.9,medium
STU-10300,71.3,62.6,82.4,7.9,53.2,low
STU-10301,70.0,99.0,96.1,7.5,86.0,low
STU-10302,70.4,88.2,69.1,6.5,100.0,low
STU-10303,63.8,26.5,32.8,6.4,43.5,high
STU-10304,36.4,35.3,39.3,2.5,67.8,high
STU-10305,87.8,52.9,100.0,6.4,55.7,low
STU-10306,91.2,82.1,78.6,6.6,79.6,low
STU-10307,99.0,71.2,66.5,8.0,58.1,low
STU-10308,100.0,83.5,80.4,7.9,74.8,low
STU-10309,49.2,30.7,31.9,1.4,33.1,high
STU-10310,83.3,67.9,72.7,4.1,80.0,low
STU-10311,49.3,81.7,41.4,4.9,65.5,high
STU-10312,45.0,18.6,23.3,3.5,49.0,high
STU-10313,56.9,56.1,44.0,5.2,46.2,high
STU-10314,100.0,96.7,85.6,9.6,64.9,low
STU-10315,68.7,30.6,35.1,3.2,36.4,high
STU-10316,67.0,40.0,39.4,2.4,56.2,high
STU-10317,75.1,91.6,64.3,4.0,61.8,low
STU-10318,73.2,57.9,79.8,4.8,43.9,low
STU-10319,91.3,74.2,100.0,7.9,76.6,low
STU-10320,66.4,61.7,59.3,6.8,61.0,medium
STU-10321,58.5,83.0,59.8,6.1,100.0,low
STU-10322,100.0,59.3,70.0,8.7,67.6,low
STU-10323,94.8,87.6,100.0,8.3,76.8,low
STU-10324,81.4,84.6,69.9,4.0,91.4,low
STU-10325,68.2,82.6,99.1,5.2,82.9,low
STU-10326,50.8,37.4,28.7,2.8,41.4,high
STU-10327,72.4,88.6,52.9,4.5,100.0,low
STU-10328,100.0,60.6,65.6,10.0,41.6,medium
STU-10329,68.7,29.9,93.6,8.8,41.1,medium
STU-10330,77.5,49.0,72.5,3.8,68.2,low
STU-10331,86.9,100.0,93.4,7.6,66.4,low
STU-10332,71.2,72.7,67.0,6.2,65.5,medium
STU-10333,69.2,55.6,60.7,5.1,68.2,medium
STU-10334,81.1,56.3,45.7,5.2,67.0,medium
STU-10335,86.1,90.6,83.4,7.3,75.4,low
STU-10336,24.3,37.3,36.6,4.6,45.0,high
STU-10337,80.0,52.8,68.5,8.0,63.3,medium
STU-10338,55.2,56.7,39.8,4.9,62.4,high
STU-10339,57.5,95.7,76.6,6.4,73.4,low
STU-10340,52.2,32.6,18.7,1.1,47.4,high
STU-10341,69.1,68.6,77.9,3.0,64.3,medium
STU-10342,90.7,25.4,79.1,7.7,42.9,medium
STU-10343,95.8,100.0,100.0,8.9,94.0,low
STU-10344,84.6,38.2,73.6,6.4,40.8,low
STU-10345,49.3,37.2,48.1,2.4,45.6,high
STU-10346,37.3,32.3,44.8,3.8,26.0,high
STU-10347,67.1,69.7,87.4,8.0,45.8,low
STU-10348,81.2,60.4,85.6,3.9,61.3,low
STU-10349,85.9,68.2,42.0,4.3,81.7,medium
STU-10350,72.3,59.1,56.3,5.7,63.8,medium
STU-10351,68.7,29.1,58.8,0.7,55.1,high
STU-10352,70.9,49.4,58.4,5.6,62.5,low
STU-10353,52.0,23.8,38.3,7.1,55.0,high
STU-10354,94.7,32.6,61.1,6.7,48.1,medium
STU-10355,61.2,52.1,80.3,9.8,45.5,medium
STU-10356,78.3,68.0,66.3,5.4,49.0,low
STU-10357,43.1,0.0,12.7,5.8,34.5,high
STU-10358,100.0,44.3,89.0,6.3,71.8,low
STU-10359,49.9,76.2,63.6,6.1,93.5,high
STU-10360,100.0,98.6,100.0,6.3,99.1,low
STU-10361,41.5,13.2,21.7,2.0,18.9,high
STU-10362,43.3,59.2,53.3,5.9,51.0,high
STU-10363,91.9,34.5,87.4,7.8,56.6,high
STU-10364,76.6,73.0,80.9,5.5,61.5,low
STU-10365,80.4,54.7,54.4,5.6,48.7,medium
STU-10366,85.6,83.3,69.6,6.0,75.3,low
STU-10367,57.1,39.1,48.5,3.2,80.1,high
STU-10368,87.4,63.3,75.5,8.2,47.4,medium
STU-10369,100.0,90.1,99.4,8.2,100.0,low
STU-10370,76.7,48.7,62.2,8.5,62.7,medium
STU-10371,59.0,77.0,80.9,4.3,34.0,medium
STU-10372,80.6,48.3,49.3,4.2,28.2,high
STU-10373,76.0,36.5,59.7,6.7,46.0,medium
STU-10374,76.2,68.9,60.3,5.6,51.0,medium
STU-10375,100.0,94.7,96.2,6.0,100.0,low
STU-10376,37.1,84.8,71.6,5.6,62.5,high
STU-10377,85.3,72.8,100.0,9.6,81.7,low
STU-10378,58.9,36.6,74.5,7.3,51.7,high
STU-10379,71.5,62.6,68.9,5.3,85.0,medium
STU-10380,76.3,50.3,77.8,6.9,60.4,low
STU-10381,53.7,22.8,24.6,7.3,47.7,high
STU-10382,81.9,58.1,71.1,7.4,53.5,medium
STU-10383,95.2,100.0,100.0,10.0,100.0,low
STU-10384,76.5,97.6,78.7,9.0,97.8,low
STU-10385,59.9,57.6,57.4,7.3,49.8,high
STU-10386,68.3,64.4,58.7,6.3,47.7,medium
STU-10387,73.5,42.7,81.0,10.0,53.7,medium
STU-10388,64.1,62.1,68.4,1.5,75.5,medium
STU-10389,100.0,79.1,100.0,7.9,80.0,low
STU-10390,82.7,60.6,72.3,8.1,85.9,low
STU-10391,75.9,91.3,69.0,9.5,77.0,low
STU-10392,92.8,81.7,92.8,7.6,82.1,low
STU-10393,55.1,85.0,84.7,6.7,72.4,low
STU-10394,79.2,40.7,83.1,7.8,49.7,medium
STU-10395,74.7,61.2,82.5,9.0,50.1,medium
STU-10396,47.4,49.0,76.3,5.2,61.5,high
STU-10397,100.0,80.8,86.8,9.2,71.0,low
STU-10398,60.8,76.8,100.0,7.4,60.5,low
STU-10399,51.6,56.8,45.2,7.2,47.3,high
STU-10400,79.7,89.7,62.6,10.0,94.9,low
STU-10401,45.6,0.0,19.4,5.0,37.9,high
STU-10402,81.8,53.8,45.3,6.4,54.5,medium
STU-10403,73.3,76.3,56.3,5.6,55.7,medium
STU-10404,77.3,36.3,47.8,5.5,46.2,high
STU-10405,63.5,55.7,55.6,3.9,55.5,high
STU-10406,81.4,86.9,81.3,8.8,47.7,low
STU-10407,100.0,92.8,95.2,10.0,99.5,low
STU-10408,45.3,67.8,60.3,6.0,54.2,high
STU-10409,100.0,100.0,100.0,10.0,83.6,low
STU-10410,56.2,92.0,48.0,5.4,70.9,low
STU-10411,54.2,28.2,35.3,5.0,62.8,high
STU-10412,91.6,67.5,73.3,9.0,63.4,low
STU-10413,52.2,72.4,51.0,2.3,75.8,medium
STU-10414,100.0,100.0,97.2,10.0,95.8,low
STU-10415,56.4,72.3,71.1,3.9,60.5,medium
STU-10416,54.4,0.0,35.4,1.4,30.4,high
STU-10417,48.4,0.0,24.6,0.5,31.5,high
STU-10418,40.3,70.0,16.8,1.7,54.6,high
STU-10419,90.5,35.8,40.8,3.9,44.5,high
STU-10420,69.5,90.6,57.3,2.1,90.9,low
STU-10421,77.5,61.4,72.3,9.3,73.5,low
STU-10422,75.7,44.3,21.7,4.4,47.4,high
STU-10423,58.8,48.2,24.5,4.0,46.7,medium
STU-10424,79.6,67.2,96.4,6.6,77.8,medium
STU-10425,68.5,39.1,49.8,7.3,27.2,high
STU-10426,87.8,60.1,86.0,9.5,69.3,low
STU-10427,51.3,53.4,38.0,5.2,47.9,medium
STU-10428,74.0,58.5,73.2,6.8,64.3,medium
STU-10429,76.2,83.8,60.6,2.6,89.3,medium
STU-10430,81.7,100.0,91.2,7.3,78.2,low
STU-10431,89.3,51.5,63.6,6.6,83.4,medium
STU-10432,65.8,83.6,62.4,7.2,62.8,low
STU-10433,87.0,95.3,88.0,7.2,83.7,low
STU-10434,84.8,57.2,68.5,9.3,48.0,medium
STU-10435,81.2,29.3,35.2,3.7,47.6,high
STU-10436,99.9,67.0,41.2,5.5,79.9,low
STU-10437,45.2,56.1,53.3,5.9,39.4,high
STU-10438,63.3,44.2,55.3,6.6,61.9,medium
STU-10439,68.7,70.7,59.4,7.9,52.2,medium
STU-10440,57.3,18.9,35.3,1.1,57.8,high
STU-10441,78.9,70.4,83.9,7.9,83.8,low
STU-10442,69.8,98.9,90.9,8.5,74.7,low
STU-10443,53.2,33.9,66.5,6.6,28.1,high
STU-10444,70.0,52.4,50.9,6.4,42.3,medium
STU-10445,100.0,43.0,100.0,8.3,76.2,medium
STU-10446,75.6,77.3,99.8,2.9,75.2,low
STU-10447,68.1,77.0,66.8,9.3,68.2,low
STU-10448,49.6,24.5,50.3,5.3,50.7,high
STU-10449,75.7,80.0,100.0,6.9,81.4,low
STU-10450,69.9,71.6,60.9,6.0,80.9,medium
STU-10451,53.1,56.5,32.5,3.8,46.5,high
STU-10452,80.1,53.3,36.5,5.9,49.0,medium
STU-10453,61.9,71.8,68.8,4.7,65.0,low
STU-10454,58.2,49.2,39.7,3.1,56.4,high
STU-10455,83.2,59.6,56.7,6.5,51.7,medium
STU-10456,54.2,51.9,58.3,4.8,80.1,high
STU-10457,91.0,79.7,58.3,4.2,57.3,medium
STU-10458,86.5,98.8,100.0,7.4,53.4,low
STU-10459,66.0,55.3,74.2,4.6,80.6,medium
STU-10460,100.0,100.0,100.0,8.5,100.0,low
STU-10461,79.3,58.8,90.3,9.0,93.1,low
STU-10462,97.5,86.9,73.7,8.6,56.4,low
STU-10463,77.7,85.0,94.7,8.6,82.3,low
STU-10464,60.4,40.8,28.1,3.6,70.3,high
STU-10465,72.5,99.2,77.0,4.5,100.0,low
STU-10466,56.3,45.0,70.0,4.2,50.3,high
STU-10467,88.6,75.6,87.1,10.0,83.6,low
STU-10468,50.2,66.8,46.4,2.8,71.0,high
STU-10469,41.7,74.4,50.5,4.5,54.8,high
STU-10470,78.7,75.8,70.2,5.9,67.3,medium
STU-10471,88.5,71.6,78.1,7.1,64.1,low
STU-10472,91.0,84.9,99.2,7.2,91.4,low
STU-10473,80.2,88.2,52.2,5.0,55.6,low
STU-10474,61.0,88.3,47.0,2.9,58.6,medium
STU-10475,70.5,51.5,77.7,6.3,67.7,medium
STU-10476,87.2,90.7,67.4,8.2,63.2,low
STU-10477,70.3,22.1,40.5,3.1,53.2,high
STU-10478,67.8,100.0,71.0,3.4,86.8,low
STU-10479,62.6,42.1,72.6,4.4,58.1,high
STU-10480,72.3,75.0,85.3,6.4,89.8,low
STU-10481,63.5,63.1,75.7,5.9,67.6,medium
STU-10482,100.0,69.9,100.0,7.4,55.4,low
STU-10483,61.9,75.3,42.6,4.9,90.5,medium
STU-10484,42.7,68.5,60.4,8.1,71.1,high
STU-10485,46.2,1.4,19.4,1.0,49.1,high
STU-10486,63.9,87.1,95.9,3.0,84.5,medium
STU-10487,70.0,46.5,68.2,6.4,69.9,medium
STU-10488,85.3,91.0,79.7,5.0,56.8,low
STU-10489,69.6,100.0,92.2,7.5,67.8,low
STU-10490,53.1,55.9,65.6,6.4,90.8,medium
STU-10491,45.7,48.4,56.8,4.9,47.3,high
STU-10492,76.1,48.6,78.3,8.0,65.8,low
STU-10493,66.2,70.6,69.1,3.1,48.4,medium
STU-10494,82.9,82.0,55.2,4.8,68.3,medium
STU-10495,90.0,52.8,97.7,5.7,78.1,low
STU-10496,58.6,58.1,43.8,3.5,48.4,medium
STU-10497,100.0,52.7,89.8,8.7,64.8,medium
STU-10498,77.1,52.6,41.4,4.5,76.3,medium
STU-10499,100.0,96.6,100.0,9.5,100.0,low
STU-10500,57.0,0.0,28.6,1.9,40.1,high
STU-10501,77.5,83.9,93.0,8.2,55.0,low
STU-10502,69.9,78.7,26.4,5.3,63.3,medium
STU-10503,100.0,59.9,97.0,9.7,69.1,low
STU-10504,41.9,63.9,50.1,5.8,47.5,high
STU-10505,86.2,99.1,66.7,7.7,100.0,low
STU-10506,82.6,84.2,54.3,6.1,55.7,medium
STU-10507,74.4,100.0,81.0,7.2,71.1,low
STU-10508,81.8,96.7,83.8,7.3,97.6,low
STU-10509,72.5,100.0,64.2,5.9,81.9,low
STU-10510,34.4,40.3,34.4,1.8,38.6,high
STU-10511,96.5,84.7,97.4,10.0,87.5,low
STU-10512,74.8,94.6,65.9,8.9,51.1,low
STU-10513,13.4,38.6,25.5,0.4,42.7,high
STU-10514,66.6,2.9,42.5,8.0,66.0,high
STU-10515,61.2,23.5,49.9,8.0,30.8,high
STU-10516,50.6,11.7,30.4,1.3,25.7,high
STU-10517,46.5,67.4,72.3,1.8,49.9,high
STU-10518,74.2,61.3,67.7,6.7,70.6,low
STU-10519,97.7,52.4,96.7,7.2,67.7,medium
STU-10520,93.1,75.2,100.0,3.5,61.7,low
STU-10521,79.8,76.6,90.7,9.1,77.9,low
STU-10522,87.7,96.4,93.8,9.3,69.9,low
STU-10523,80.7,60.0,96.5,5.1,97.1,low
STU-10524,51.6,43.7,39.3,4.8,28.1,high
STU-10525,63.5,89.8,73.8,5.8,78.5,low
STU-10526,77.4,64.2,72.6,7.1,82.2,low
STU-10527,71.1,57.7,54.8,5.8,58.3,medium
STU-10528,52.3,23.1,45.2,4.1,39.4,high
STU-10529,91.8,48.2,99.5,6.4,53.1,low
STU-10530,88.0,64.7,68.5,2.1,70.8,high
STU-10531,68.8,100.0,71.3,7.1,69.3,low
STU-10532,60.7,56.2,62.8,8.1,59.5,low
STU-10533,100.0,100.0,100.0,10.0,99.3,low
STU-10534,41.7,4.8,17.3,2.1,36.3,high
STU-10535,88.5,67.0,77.1,7.0,99.2,medium
STU-10536,90.8,100.0,81.1,10.0,88.2,low
STU-10537,34.1,25.8,25.2,3.1,46.7,high
STU-10538,91.2,82.0,70.3,9.2,81.4,low
STU-10539,99.3,60.9,92.3,9.1,81.5,low
STU-10540,32.9,29.8,28.4,0.9,44.7,high
STU-10541,82.7,67.0,56.3,8.6,71.0,medium
STU-10542,42.4,8.2,32.1,2.9,59.6,high
STU-10543,62.1,79.2,86.2,5.1,38.9,low
STU-10544,66.6,73.9,62.5,5.7,83.5,medium
STU-10545,96.5,68.6,69.6,10.0,57.7,low
STU-10546,40.0,35.4,30.6,4.1,50.4,high
STU-10547,86.0,83.2,71.7,6.6,80.0,low
STU-10548,66.9,85.9,69.8,3.6,66.6,low
STU-10549,77.2,38.7,54.1,4.4,50.7,high
STU-10550,57.7,45.6,69.7,2.4,34.2,medium
STU-10551,70.4,46.9,31.4,6.4,60.6,high
STU-10552,100.0,73.4,69.5,5.7,64.3,low
STU-10553,70.1,85.0,79.2,4.7,57.8,low
STU-10554,95.6,80.7,87.9,8.3,85.1,low
STU-10555,62.1,42.5,38.8,5.4,60.0,high
STU-10556,59.0,42.8,54.4,4.9,67.5,high
STU-10557,70.1,72.9,53.7,7.0,74.3,low
STU-10558,87.2,53.3,49.9,5.7,57.6,high
STU-10559,66.6,83.1,54.9,6.6,51.7,low
STU-10560,48.5,42.4,66.3,4.6,42.3,high
STU-10561,74.0,54.2,80.0,6.9,42.3,low
STU-10562,74.6,86.2,71.7,6.4,81.3,low
STU-10563,65.5,54.4,38.9,6.0,43.0,medium
STU-10564,81.6,84.7,84.9,7.9,83.9,low
STU-10565,54.2,16.4,52.8,1.7,22.3,high
STU-10566,70.0,46.9,80.4,4.3,67.9,medium
STU-10567,79.8,49.0,58.3,7.4,53.4,medium
STU-10568,86.5,82.0,98.2,4.6,91.3,low
STU-10569,46.1,36.1,31.7,3.9,41.2,high
STU-10570,89.3,88.0,66.4,7.9,79.5,low
STU-10571,50.0,54.7,53.4,5.2,91.2,high
STU-10572,43.8,43.4,47.7,6.6,52.6,high
STU-10573,58.7,48.2,75.1,7.8,47.8,high
STU-10574,75.3,85.7,50.0,4.5,72.3,low
STU-10575,16.5,21.0,23.3,1.1,52.0,high
STU-10576,55.8,65.0,72.6,8.0,50.6,low
STU-10577,93.2,96.6,100.0,8.6,91.0,low
STU-10578,89.8,70.9,75.5,9.2,79.8,low
STU-10579,44.3,38.0,37.4,2.8,63.9,high
STU-10580,100.0,90.0,85.8,10.0,87.0,low
STU-10581,54.3,60.2,61.9,5.5,69.1,medium
STU-10582,53.2,76.3,56.0,3.5,66.4,medium
STU-10583,88.6,62.2,69.2,5.7,53.7,low
STU-10584,84.3,99.4,90.8,9.9,97.9,low
STU-10585,78.9,93.2,60.4,6.9,77.1,low
STU-10586,79.3,64.3,81.1,3.5,54.9,medium
STU-10587,97.3,55.1,76.9,7.7,55.1,medium
STU-10588,64.1,58.0,68.7,5.1,41.7,medium
STU-10589,43.0,71.2,53.2,3.5,46.9,high
STU-10590,86.8,87.8,74.6,7.9,79.0,low
STU-10591,42.2,0.0,44.6,7.8,38.9,high
STU-10592,100.0,71.2,68.5,7.2,75.4,low
STU-10593,78.8,93.4,100.0,5.3,73.0,low
STU-10594,100.0,78.1,100.0,8.7,80.9,low
STU-10595,64.5,33.3,55.9,4.0,31.5,high
STU-10596,85.0,44.0,53.1,6.3,42.2,medium
STU-10597,90.7,80.0,67.8,7.4,62.9,low
STU-10598,77.6,67.5,76.3,6.0,61.1,medium
STU-10599,79.1,73.3,100.0,7.0,76.8,low
STU-10600,15.4,45.0,46.2,2.0,56.6,high
STU-10601,78.1,71.3,75.8,4.5,67.3,medium
STU-10602,41.8,49.9,55.9,5.3,23.9,high
STU-10603,65.4,73.0,80.5,7.0,85.4,low
STU-10604,42.8,63.1,49.7,2.9,43.8,high
STU-10605,75.0,71.3,100.0,10.0,64.2,low
STU-10606,75.9,57.2,85.0,3.1,70.0,low
STU-10607,86.2,78.2,100.0,8.4,92.8,low
STU-10608,76.5,100.0,84.7,8.5,91.0,low
STU-10609,85.5,51.4,47.2,6.1,65.0,medium
STU-10610,86.4,72.3,87.1,9.1,77.1,low
STU-10611,100.0,65.0,61.0,5.0,44.3,low
STU-10612,79.6,67.6,60.0,6.7,40.1,medium
STU-10613,73.8,80.9,100.0,7.2,48.1,low
STU-10614,73.3,52.5,47.5,5.0,61.4,medium
STU-10615,87.3,95.6,59.1,5.4,66.9,low
STU-10616,61.9,65.7,61.5,5.3,71.5,medium
STU-10617,57.3,61.2,87.6,5.0,63.6,medium
STU-10618,54.3,53.7,50.5,6.6,41.0,high
STU-10619,59.8,82.4,76.0,8.5,76.6,low
STU-10620,69.5,73.8,90.2,9.4,49.2,low
STU-10621,26.7,39.3,44.8,4.4,48.7,high
STU-10622,63.6,91.9,32.4,5.7,61.2,low
STU-10623,75.0,54.6,72.8,8.5,91.9,low
STU-10624,100.0,91.3,95.9,10.0,88.5,low
STU-10625,92.2,44.9,46.0,6.9,52.6,high
STU-10626,69.5,83.3,63.9,8.6,92.8,low
STU-10627,100.0,98.1,45.2,8.8,86.2,low
STU-10628,87.7,56.8,71.7,5.3,61.9,low
STU-10629,65.2,47.6,48.3,6.3,51.8,high
STU-10630,63.1,84.9,66.9,7.6,89.4,medium
STU-10631,61.0,81.5,42.9,4.5,83.9,medium
STU-10632,75.7,50.8,94.7,8.5,80.7,low
STU-10633,66.4,61.0,49.6,5.2,46.2,medium
STU-10634,96.7,100.0,100.0,5.4,100.0,low
STU-10635,44.9,30.3,26.6,0.0,52.4,high
STU-10636,83.9,79.6,88.4,8.7,59.9,low
STU-10637,97.4,44.7,79.3,6.4,64.6,low
STU-10638,78.0,80.8,72.9,6.6,91.0,low
STU-10639,56.2,63.2,57.6,7.9,62.2,medium
STU-10640,79.6,98.6,100.0,5.0,83.0,low
STU-10641,73.4,61.9,66.6,8.8,76.5,medium
STU-10642,76.8,100.0,77.4,7.8,77.3,low
STU-10643,60.5,53.9,49.5,5.6,35.7,high
STU-10644,100.0,78.0,95.3,10.0,73.0,low
STU-10645,61.9,51.1,70.8,6.7,47.5,medium
STU-10646,100.0,100.0,98.5,10.0,90.7,low
STU-10647,80.9,87.0,100.0,7.9,100.0,low
STU-10648,87.4,58.8,77.0,6.5,52.0,low
STU-10649,61.9,54.9,51.0,3.5,65.8,high
STU-10650,68.1,26.8,65.3,8.4,32.0,high
STU-10651,53.9,58.5,27.3,6.2,39.1,medium
STU-10652,59.1,59.2,45.8,3.4,64.3,high
STU-10653,70.0,26.8,48.9,3.0,62.3,high
STU-10654,78.9,47.1,64.4,7.7,58.4,medium
STU-10655,69.8,73.1,80.8,3.8,71.5,medium
STU-10656,83.8,100.0,85.3,9.2,82.8,low
STU-10657,96.5,79.9,79.1,8.2,79.0,low
STU-10658,65.9,86.4,92.1,4.7,94.4,low
STU-10659,79.3,81.2,64.4,7.5,61.7,low
STU-10660,54.1,77.1,84.7,7.0,54.9,medium
STU-10661,72.6,81.6,93.6,7.2,53.0,low
STU-10662,44.1,29.9,30.1,4.1,28.2,high
STU-10663,70.7,61.8,59.5,7.6,55.8,low
STU-10664,41.6,0.0,9.4,1.7,0.6,high
STU-10665,78.7,28.7,67.4,2.7,50.9,high
STU-10666,64.3,67.1,69.8,7.7,76.6,low
STU-10667,79.6,49.8,73.3,6.9,51.7,low
STU-10668,81.6,42.6,56.8,4.2,80.0,high
STU-10669,82.0,100.0,94.6,8.1,100.0,low
STU-10670,66.2,73.2,65.8,7.9,84.4,low
STU-10671,62.1,57.8,99.0,6.2,46.1,medium
STU-10672,68.9,47.7,64.6,7.4,64.4,low
STU-10673,28.0,16.8,2.2,0.0,37.2,high
STU-10674,95.9,89.0,77.6,7.1,68.4,low
STU-10675,51.4,37.0,67.8,4.7,59.2,high
STU-10676,58.0,32.8,37.4,4.4,52.1,high
STU-10677,80.2,72.2,85.0,9.0,71.7,low
STU-10678,53.4,66.4,37.9,5.1,75.9,medium
STU-10679,64.8,83.8,82.6,8.9,76.4,low
STU-10680,80.6,72.0,66.9,7.0,43.7,medium
STU-10681,65.8,54.4,89.6,6.2,67.1,low
STU-10682,50.5,100.0,85.6,9.5,91.7,low
STU-10683,95.1,88.1,68.0,7.8,73.2,low
STU-10684,62.3,62.0,71.8,4.2,72.1,medium
STU-10685,67.0,42.9,66.2,3.7,43.0,medium
STU-10686,67.0,84.2,67.9,6.9,76.2,medium
STU-10687,76.7,32.4,42.4,3.9,34.9,high
STU-10688,77.1,43.0,26.9,5.5,42.6,high
STU-10689,100.0,58.0,84.2,7.7,62.0,low
STU-10690,83.2,49.4,40.4,7.1,45.8,medium
STU-10691,84.0,100.0,81.5,4.7,83.5,low
STU-10692,56.3,48.5,40.1,3.2,45.0,high
STU-10693,85.3,71.3,100.0,7.4,99.0,low
STU-10694,66.1,93.2,100.0,7.6,96.8,low
STU-10695,34.9,55.1,42.4,1.2,42.6,high
STU-10696,100.0,95.1,100.0,6.9,86.4,low
STU-10697,64.2,82.1,72.4,7.5,74.4,low
STU-10698,54.7,63.8,66.9,7.1,71.7,medium
STU-10699,79.4,90.2,47.1,7.3,66.9,low
STU-10700,45.7,59.3,71.0,2.3,76.6,high
STU-10701,43.8,23.4,11.0,1.4,62.6,high
STU-10702,39.0,39.7,73.2,6.2,33.3,high
STU-10703,69.6,40.1,47.1,5.9,37.7,high
STU-10704,100.0,87.9,100.0,8.5,63.7,low
STU-10705,66.3,73.0,100.0,9.0,81.3,low
STU-10706,51.5,43.0,26.4,5.7,34.4,high
STU-10707,53.1,25.8,22.8,2.1,55.5,high
STU-10708,80.4,55.2,75.3,7.3,43.3,medium
STU-10709,58.0,51.1,98.2,5.6,57.2,medium
STU-10710,100.0,73.2,93.5,10.0,100.0,low
STU-10711,100.0,97.7,81.5,10.0,91.3,low
STU-10712,100.0,87.0,98.1,10.0,43.5,low
STU-10713,100.0,78.6,70.3,7.6,83.3,low
STU-10714,74.2,74.6,64.2,7.4,71.9,low
STU-10715,79.0,77.2,72.5,9.4,63.3,low
STU-10716,91.7,92.1,88.3,6.4,80.1,low
STU-10717,62.1,70.9,55.2,6.8,51.6,medium
STU-10718,38.7,60.6,45.9,4.5,44.6,high
STU-10719,62.5,67.4,64.6,3.0,61.0,medium
STU-10720,75.3,51.6,62.6,3.7,74.5,medium
STU-10721,77.0,92.6,94.5,8.5,100.0,low
STU-10722,56.7,99.0,45.6,7.6,78.9,low
STU-10723,68.5,81.6,80.5,5.2,92.3,low
STU-10724,86.4,43.8,63.0,4.5,47.1,medium
STU-10725,100.0,48.2,79.1,7.5,73.2,low
STU-10726,63.2,38.1,39.9,5.5,83.2,high
STU-10727,79.8,91.2,77.6,8.6,57.9,low
STU-10728,56.2,37.8,51.8,4.7,34.6,high
STU-10729,78.1,61.9,64.9,8.2,54.9,low
STU-10730,84.7,33.8,59.9,7.0,55.7,medium
STU-10731,27.9,47.1,27.9,0.0,19.9,high
STU-10732,100.0,3.0,45.3,8.8,36.4,high
STU-10733,69.8,56.6,65.7,3.9,44.7,medium
STU-10734,87.0,100.0,100.0,10.0,100.0,low
STU-10735,96.4,87.1,77.9,7.2,84.0,low
STU-10736,69.3,53.8,63.1,6.3,70.1,low
STU-10737,70.3,61.1,59.1,6.4,76.3,medium
STU-10738,47.6,35.1,41.8,3.4,27.3,high
STU-10739,70.3,59.7,45.9,6.7,47.1,medium
STU-10740,47.1,34.2,45.8,4.4,42.1,high
STU-10741,31.1,70.4,44.7,1.1,37.6,high
STU-10742,60.0,57.4,47.9,4.6,77.5,medium
STU-10743,51.6,85.5,54.6,5.8,56.9,medium
STU-10744,78.0,60.1,55.6,5.7,100.0,low
STU-10745,66.9,52.8,62.1,6.3,62.4,medium
STU-10746,48.3,55.7,65.0,5.3,78.2,high
STU-10747,90.5,35.1,62.1,8.5,52.7,high
STU-10748,59.9,51.8,41.6,4.5,46.8,high
STU-10749,70.4,33.6,32.7,2.2,34.1,high
STU-10750,75.9,59.8,68.1,7.0,52.1,medium
STU-10751,100.0,57.6,69.5,9.0,88.2,low
STU-10752,51.1,7.2,32.5,2.5,20.2,high
STU-10753,100.0,89.0,84.3,8.4,91.3,low
STU-10754,89.8,55.6,51.3,7.4,77.0,medium
STU-10755,76.7,91.9,83.0,7.1,82.9,low
STU-10756,67.1,57.9,58.6,7.2,50.6,low
STU-10757,74.9,70.3,58.2,5.7,66.7,medium
STU-10758,100.0,100.0,100.0,7.8,59.0,low
STU-10759,31.6,39.2,32.3,4.9,51.5,high
STU-10760,92.5,85.1,79.5,7.2,87.9,low
STU-10761,45.7,63.7,90.7,5.7,58.0,high
STU-10762,71.5,89.2,69.9,6.8,72.7,medium
STU-10763,84.9,58.9,73.9,8.5,71.2,medium
STU-10764,90.0,59.8,39.9,7.7,46.1,medium
STU-10765,65.0,56.8,62.5,7.1,69.5,medium
STU-10766,97.3,92.3,61.5,8.2,65.3,low
STU-10767,73.0,72.2,62.7,7.7,57.4,medium
STU-10768,42.0,39.5,36.0,4.6,69.1,high
STU-10769,77.3,57.0,66.4,6.9,64.1,low
STU-10770,82.5,86.5,100.0,6.1,76.4,low
STU-10771,69.2,84.7,82.2,7.8,63.3,low
STU-10772,53.0,80.3,49.1,7.1,85.1,high
STU-10773,96.1,93.6,85.9,7.4,84.7,low
STU-10774,68.6,59.1,78.5,3.1,48.3,low
STU-10775,53.1,87.1,57.5,4.0,67.9,medium
STU-10776,59.0,55.8,74.9,3.6,70.9,low
STU-10777,62.8,55.1,60.4,4.8,50.3,low
STU-10778,63.6,32.3,59.3,3.1,23.3,high
STU-10779,51.2,52.2,47.0,4.7,64.4,high
STU-10780,46.2,42.8,43.4,1.9,56.9,high
STU-10781,93.2,29.1,34.4,2.1,49.3,high
STU-10782,94.6,80.8,92.2,9.7,86.2,low
STU-10783,87.7,69.2,100.0,8.1,94.5,low
STU-10784,58.4,36.2,66.0,3.3,40.4,high
STU-10785,81.7,68.7,46.4,3.8,85.8,medium
STU-10786,56.3,15.6,33.9,2.1,15.1,high
STU-10787,84.3,56.8,71.3,5.5,72.2,low
STU-10788,100.0,100.0,97.6,9.1,99.7,low
STU-10789,38.6,57.3,33.6,1.5,46.2,high
STU-10790,93.1,65.4,57.7,5.6,53.3,medium
STU-10791,69.1,86.7,92.6,5.3,82.4,low
STU-10792,72.0,47.3,33.4,3.2,44.5,high
STU-10793,78.4,71.0,87.9,5.4,81.7,low
STU-10794,50.6,41.5,65.7,2.6,44.2,high
STU-10795,65.1,92.7,94.7,8.5,100.0,low
STU-10796,52.5,49.6,50.2,2.5,36.6,high
STU-10797,80.8,65.0,39.6,6.8,47.9,high
STU-10798,76.7,47.3,50.8,5.6,42.9,medium
STU-10799,54.3,37.8,32.4,6.4,38.1,high
STU-10800,68.1,100.0,54.6,4.9,82.4,medium
STU-10801,78.7,55.8,66.5,8.0,61.9,medium
STU-10802,100.0,68.6,75.9,5.4,63.0,low
STU-10803,47.0,53.9,61.7,4.9,45.8,high
STU-10804,68.0,37.1,46.8,6.0,55.3,high
STU-10805,63.8,51.7,52.9,8.8,46.9,medium
STU-10806,52.6,32.5,40.8,0.6,17.2,high
STU-10807,91.1,82.3,84.8,9.8,100.0,low
STU-10808,65.8,48.0,61.8,2.7,57.6,medium
STU-10809,46.2,29.3,70.2,7.1,90.7,high
STU-10810,51.7,37.4,25.0,3.3,61.5,high
STU-10811,77.0,58.6,92.7,7.2,69.1,low
STU-10812,86.2,33.1,48.7,5.6,52.3,medium
STU-10813,70.7,77.3,70.2,8.8,73.1,low
STU-10814,79.1,100.0,82.7,7.0,97.6,low
STU-10815,65.6,96.8,53.0,9.0,78.0,low
STU-10816,68.3,45.0,54.7,5.1,36.6,high
STU-10817,77.9,69.1,88.9,6.4,41.5,medium
STU-10818,63.6,59.8,70.9,5.5,52.5,medium
STU-10819,99.3,84.0,99.9,10.0,93.1,low
STU-10820,90.9,49.4,72.3,7.9,62.7,low
STU-10821,71.9,82.4,82.7,5.4,62.0,low
STU-10822,81.2,100.0,96.8,7.7,84.4,low
STU-10823,96.8,84.2,94.6,9.3,86.9,low
STU-10824,94.2,74.1,82.6,10.0,85.0,low
STU-10825,57.5,54.2,43.7,3.6,75.2,medium
STU-10826,84.1,66.3,67.1,5.0,71.8,low
STU-10827,69.2,75.6,51.3,9.0,56.4,low
STU-10828,54.1,25.9,61.9,2.5,51.0,high
STU-10829,63.9,64.6,56.6,4.9,91.9,medium
STU-10830,44.2,38.2,33.0,0.0,31.6,high
STU-10831,71.3,76.3,65.2,5.0,40.6,low
STU-10832,59.3,21.0,36.0,2.2,25.0,high
STU-10833,72.4,43.7,63.6,3.7,28.4,high
STU-10834,64.1,90.6,92.1,9.3,69.0,low
STU-10835,49.7,0.3,32.4,3.1,25.4,high
STU-10836,84.6,69.7,55.1,5.9,45.1,medium
STU-10837,59.7,36.3,53.3,3.5,27.3,high
STU-10838,82.6,86.2,70.6,6.2,67.6,low
STU-10839,62.1,100.0,68.8,10.0,87.9,low
STU-10840,39.7,51.0,32.4,2.5,30.8,high
STU-10841,59.3,51.9,64.3,7.3,30.6,low
STU-10842,34.7,36.3,53.9,2.5,52.2,high
STU-10843,96.6,92.4,100.0,8.3,74.6,low
STU-10844,68.9,42.6,60.2,5.1,73.5,medium
STU-10845,43.9,30.3,64.0,4.3,53.9,high
STU-10846,57.6,12.9,58.3,4.8,40.1,high
STU-10847,66.0,28.3,44.1,8.1,36.9,high
STU-10848,77.1,71.8,82.5,9.0,62.5,low
STU-10849,82.6,79.4,61.0,5.5,58.0,low
STU-10850,75.8,71.7,66.6,4.0,100.0,low
STU-10851,59.9,85.0,73.0,7.4,92.5,low
STU-10852,63.3,81.8,84.7,7.0,98.2,low
STU-10853,99.3,68.0,92.4,8.4,75.5,medium
STU-10854,66.5,22.0,57.0,6.3,47.8,high
STU-10855,81.8,74.2,63.4,3.8,57.2,low
STU-10856,100.0,83.0,100.0,7.8,33.1,low
STU-10857,100.0,79.7,95.8,9.5,64.5,low
STU-10858,57.8,76.7,63.2,6.2,55.4,medium
STU-10859,97.6,89.7,46.4,5.8,63.0,medium
STU-10860,76.7,63.1,99.5,8.7,67.5,low
STU-10861,97.5,74.0,96.8,10.0,55.6,low
STU-10862,55.5,97.4,64.3,6.9,65.0,low
STU-10863,51.9,24.6,55.8,1.4,45.0,high
STU-10864,57.0,100.0,63.0,5.5,99.5,low
STU-10865,92.1,100.0,100.0,9.7,100.0,low
STU-10866,59.5,50.7,47.9,5.4,44.2,high
STU-10867,77.3,56.4,70.5,7.1,74.0,medium
STU-10868,83.8,54.3,42.9,4.6,0.0,medium
STU-10869,70.3,67.9,53.3,8.2,60.3,medium
STU-10870,53.0,18.8,38.8,3.7,5.3,high
STU-10871,30.4,54.7,58.9,4.3,75.1,high
STU-10872,96.9,45.2,75.2,9.9,43.3,low
STU-10873,52.9,56.3,90.6,3.0,60.8,medium
STU-10874,72.1,62.8,79.8,5.1,62.9,medium
STU-10875,83.9,36.4,35.4,4.9,29.5,high
STU-10876,55.7,49.0,54.7,7.2,51.7,medium
STU-10877,42.4,33.8,15.9,3.6,54.2,high
STU-10878,62.0,71.3,84.0,6.6,80.2,low
STU-10879,75.3,88.4,99.9,5.5,62.8,low
STU-10880,61.0,31.7,51.1,1.4,12.3,high
STU-10881,44.1,36.4,18.3,2.9,72.8,high
STU-10882,98.2,100.0,79.1,8.6,81.8,low
STU-10883,68.5,85.8,71.1,3.8,63.7,low
STU-10884,75.5,39.6,57.7,4.8,42.6,high
STU-10885,63.6,60.7,48.6,5.3,74.6,medium
STU-10886,72.5,45.0,46.8,5.5,48.0,high
STU-10887,67.8,51.8,84.6,4.0,47.0,medium
STU-10888,46.9,39.0,22.4,2.6,31.3,high
STU-10889,62.3,12.4,56.3,2.0,62.6,high
STU-10890,76.7,74.0,85.9,5.8,82.4,low
STU-10891,56.6,44.7,33.2,1.8,50.5,high
STU-10892,72.7,73.2,76.0,7.2,62.1,low
STU-10893,84.3,81.1,50.1,4.8,56.3,low
STU-10894,48.1,68.6,89.7,7.3,100.0,high
STU-10895,68.9,79.5,45.9,5.6,48.5,medium
STU-10896,73.2,91.8,85.4,5.2,84.9,low
STU-10897,75.3,46.3,45.7,6.2,42.6,high
STU-10898,87.3,42.0,56.9,6.4,67.4,medium
STU-10899,80.6,60.8,88.8,8.3,64.1,low
STU-10900,100.0,83.6,86.0,7.9,64.6,low
STU-10901,86.0,69.9,57.0,9.0,65.4,medium
STU-10902,62.5,64.4,57.6,7.0,53.4,medium
STU-10903,53.9,33.1,41.8,5.7,46.3,high
STU-10904,72.9,72.2,64.1,4.8,36.8,medium
STU-10905,73.0,79.3,94.3,9.5,78.8,low
STU-10906,54.1,38.4,46.7,2.8,37.3,high
STU-10907,68.9,78.1,82.7,6.8,73.7,low
STU-10908,64.2,46.3,31.3,7.3,57.0,high
STU-10909,54.1,44.8,70.6,4.1,58.0,high
STU-10910,90.4,2.1,29.6,4.3,0.0,high
STU-10911,48.9,46.1,38.3,8.3,49.3,high
STU-10912,58.9,36.0,20.8,5.8,65.1,high
STU-10913,98.9,100.0,97.7,10.0,100.0,low
STU-10914,88.4,68.7,69.7,4.5,100.0,low
STU-10915,49.7,67.2,47.8,3.0,98.4,high
STU-10916,69.2,41.9,56.2,6.5,33.0,high
STU-10917,41.1,38.0,63.4,2.8,59.1,high
STU-10918,100.0,80.3,89.1,8.8,100.0,low
STU-10919,84.2,64.0,80.8,10.0,64.6,low
STU-10920,74.2,100.0,69.4,7.8,76.8,low
STU-10921,54.9,83.1,49.2,4.0,73.5,medium
STU-10922,53.8,81.5,46.1,6.3,68.6,medium
STU-10923,46.7,36.3,76.6,3.6,47.1,high
STU-10924,73.5,42.7,52.7,2.8,49.8,medium
STU-10925,93.4,100.0,100.0,10.0,82.0,low
STU-10926,79.9,100.0,79.0,6.5,100.0,low
STU-10927,76.7,90.7,85.5,6.3,68.7,low
STU-10928,76.1,55.6,55.3,4.6,64.8,medium
STU-10929,55.1,23.4,74.2,4.3,61.3,high
STU-10930,61.6,44.6,59.7,6.1,64.0,high
STU-10931,65.8,80.5,73.5,6.1,78.2,low
STU-10932,62.9,63.1,58.3,2.8,84.0,medium
STU-10933,64.7,50.8,78.2,4.4,54.0,high
STU-10934,77.6,52.6,60.2,4.1,54.9,medium
STU-10935,78.9,85.7,69.0,8.3,74.1,low
STU-10936,50.6,25.7,54.7,4.3,21.7,high
STU-10937,66.7,51.5,44.4,2.9,49.8,medium
STU-10938,96.4,88.1,95.3,5.4,59.6,low
STU-10939,53.1,80.3,51.2,5.6,72.0,medium
STU-10940,83.7,91.0,90.5,7.4,100.0,low
STU-10941,96.2,38.1,64.8,3.3,37.6,medium
STU-10942,100.0,100.0,63.1,7.7,100.0,low
STU-10943,55.9,49.9,45.2,3.9,56.0,high
STU-10944,48.8,58.0,46.1,3.1,56.7,high
STU-10945,62.6,16.6,54.1,6.1,59.1,high
STU-10946,63.0,73.9,90.2,9.8,90.4,low
STU-10947,51.2,46.2,66.1,5.5,84.2,high
STU-10948,85.5,48.4,53.2,6.7,62.9,medium
STU-10949,47.2,18.5,10.7,4.0,18.3,high
STU-10950,89.1,82.5,64.7,7.6,41.3,low
STU-10951,56.8,66.3,55.0,5.0,100.0,high
STU-10952,78.6,29.5,46.6,5.9,68.1,high
STU-10953,86.5,82.8,100.0,7.0,93.2,low
STU-10954,68.4,97.5,100.0,9.8,100.0,low
STU-10955,76.1,57.3,51.9,4.7,57.6,medium
STU-10956,96.0,77.8,76.4,8.0,78.1,low
STU-10957,74.1,50.8,66.3,8.8,79.1,low
STU-10958,74.1,94.4,100.0,10.0,73.3,low
STU-10959,73.8,76.6,68.3,5.0,46.4,medium
STU-10960,49.7,55.2,46.1,6.1,85.3,high
STU-10961,38.7,0.0,14.5,1.3,4.3,high
STU-10962,47.1,58.8,72.5,5.8,49.2,medium
STU-10963,86.6,32.3,40.5,8.1,56.5,high
STU-10964,76.2,91.5,86.5,5.9,60.2,low
STU-10965,84.1,94.8,92.4,6.9,91.4,low
STU-10966,100.0,100.0,92.6,8.7,88.9,low
STU-10967,66.3,59.8,75.1,5.9,75.6,medium
STU-10968,51.7,65.2,40.4,4.0,51.1,high
STU-10969,100.0,70.7,63.0,10.0,74.6,low
STU-10970,100.0,100.0,100.0,10.0,100.0,low
STU-10971,83.1,40.8,60.3,6.3,75.3,medium
STU-10972,70.1,19.5,75.7,7.9,27.5,high
STU-10973,68.1,86.4,69.1,5.2,67.0,low
STU-10974,78.3,98.6,92.1,6.8,80.1,low
STU-10975,94.1,64.7,64.5,8.2,97.3,low
STU-10976,38.2,86.1,57.3,5.2,70.8,high
STU-10977,100.0,100.0,100.0,10.0,89.1,low
STU-10978,58.1,27.8,59.7,2.3,72.5,high
STU-10979,46.8,43.2,40.1,4.3,40.5,high
STU-10980,90.1,90.4,55.1,7.0,87.1,low
STU-10981,79.7,54.2,97.1,7.8,80.9,low
STU-10982,54.1,54.3,46.1,3.7,69.3,high
STU-10983,74.3,48.2,66.0,4.0,56.3,medium
STU-10984,59.4,61.4,37.2,5.9,22.6,medium
STU-10985,71.7,44.0,65.0,7.1,44.2,low
STU-10986,75.1,90.7,100.0,6.5,84.7,low
STU-10987,69.8,100.0,79.0,5.4,76.9,low
STU-10988,37.9,75.2,30.8,3.9,60.5,high
STU-10989,100.0,84.3,84.7,6.7,91.4,low
STU-10990,79.0,44.0,61.5,5.8,45.8,medium
STU-10991,81.5,73.3,100.0,8.0,81.4,low
STU-10992,67.1,99.9,91.6,6.1,82.5,low
STU-10993,49.9,9.8,47.8,0.8,33.4,high
STU-10994,78.4,79.0,70.6,10.0,68.8,low
STU-10995,63.3,59.3,84.3,6.4,76.7,low
STU-10996,100.0,61.6,94.5,8.1,84.1,low
STU-10997,70.5,55.5,69.4,6.4,100.0,low
STU-10998,98.6,100.0,100.0,10.0,97.8,low
STU-10999,66.4,82.1,89.4,7.2,63.0,low
STU-11000,53.7,47.7,64.0,8.4,90.0,medium
STU-11001,71.8,76.9,82.6,5.9,64.2,low
STU-11002,81.2,49.5,64.6,8.4,65.1,low
STU-11003,54.7,43.3,36.4,2.3,56.1,high
STU-11004,100.0,94.3,94.0,8.7,89.3,low
STU-11005,84.3,90.1,100.0,7.7,78.6,low
STU-11006,44.6,63.5,29.7,6.4,64.3,high
STU-11007,71.3,50.9,56.9,4.1,42.2,high
STU-11008,82.2,62.7,86.3,5.5,69.0,medium
STU-11009,74.5,56.0,56.7,7.0,50.7,medium
STU-11010,72.9,100.0,69.8,6.1,51.1,low
STU-11011,78.2,67.6,55.2,7.5,63.7,low
STU-11012,86.8,89.5,79.5,5.6,65.9,low
STU-11013,63.5,44.3,47.9,4.2,59.4,high
STU-11014,52.8,40.4,19.9,5.9,43.4,high
STU-11015,69.1,100.0,88.3,5.6,90.9,low
STU-11016,100.0,80.1,82.1,10.0,74.4,low
STU-11017,78.9,74.6,78.0,5.4,78.3,medium
STU-11018,72.5,75.9,60.3,7.5,60.6,low
STU-11019,100.0,93.7,100.0,10.0,77.5,low
STU-11020,100.0,82.0,86.7,9.9,97.7,low
STU-11021,77.6,76.0,84.7,5.0,76.1,low
STU-11022,60.8,63.7,73.5,8.5,76.3,medium
STU-11023,65.0,49.8,48.8,4.1,48.5,high
STU-11024,58.7,73.9,59.8,3.2,86.5,high
STU-11025,100.0,100.0,85.0,9.5,90.6,low
STU-11026,53.6,45.3,53.5,3.5,59.7,high
STU-11027,92.6,98.3,81.9,7.7,91.3,low
STU-11028,56.8,72.8,53.2,4.5,50.6,low
STU-11029,89.9,78.2,84.8,6.8,87.6,low
STU-11030,68.6,83.0,71.3,6.3,65.0,low
STU-11031,77.7,62.5,93.9,9.2,69.9,medium
STU-11032,95.4,63.5,95.3,9.0,69.2,low
STU-11033,94.0,74.5,59.0,7.5,70.7,low
STU-11034,80.3,100.0,89.2,6.0,97.2,low
STU-11035,81.7,83.6,88.0,8.2,62.6,low
STU-11036,52.8,94.6,59.2,4.6,81.4,high
STU-11037,67.0,68.4,60.6,2.0,66.2,medium
STU-11038,72.6,52.5,61.9,5.3,54.3,medium
STU-11039,86.2,65.5,85.5,10.0,58.6,low
STU-11040,72.6,83.8,75.5,4.6,52.5,low
STU-11041,67.4,34.9,62.0,5.3,46.6,medium
STU-11042,58.3,79.9,68.6,6.0,77.2,medium
STU-11043,79.7,79.9,89.5,8.1,90.9,low
STU-11044,81.7,70.8,62.5,6.7,82.5,low
STU-11045,51.8,59.7,60.9,3.5,51.7,high
STU-11046,41.0,81.6,52.1,5.4,70.5,high
STU-11047,61.8,72.3,39.1,1.8,62.2,medium
STU-11048,95.0,80.1,49.3,9.4,65.4,low
STU-11049,50.6,75.8,70.4,4.3,73.7,low
STU-11050,89.6,82.8,63.7,3.6,81.8,medium
STU-11051,80.4,64.1,46.2,7.4,66.0,medium
STU-11052,57.8,25.2,35.8,6.1,31.0,high
STU-11053,55.6,63.9,40.0,6.9,70.3,high
STU-11054,96.7,77.5,100.0,8.2,67.1,low
STU-11055,88.8,77.8,100.0,5.3,72.0,low
STU-11056,67.4,71.1,66.1,5.3,94.9,low
STU-11057,81.1,39.2,74.7,4.8,67.4,high
STU-11058,92.4,69.5,93.1,9.5,73.0,low
STU-11059,100.0,43.0,76.3,7.6,44.1,medium
STU-11060,70.9,79.2,68.8,5.7,83.5,low
STU-11061,27.1,27.6,52.6,3.0,45.3,high
STU-11062,79.0,59.3,65.5,8.3,69.3,medium
STU-11063,63.7,100.0,78.6,7.5,100.0,low
STU-11064,90.2,75.5,88.1,7.1,81.2,low
STU-11065,65.2,71.9,64.1,3.4,46.0,high
STU-11066,93.8,94.8,94.5,8.8,86.0,low
STU-11067,83.3,51.5,82.0,9.0,60.4,low
STU-11068,71.8,29.8,35.6,4.8,46.2,high
STU-11069,100.0,100.0,89.2,9.0,77.2,low
STU-11070,60.7,66.2,50.0,6.2,71.8,medium
STU-11071,51.1,63.3,72.3,10.0,71.1,low
STU-11072,57.6,37.9,88.3,5.2,47.2,medium
STU-11073,72.7,37.4,61.1,7.6,54.1,high
STU-11074,84.2,100.0,87.6,8.6,69.7,low
STU-11075,78.5,79.5,91.8,10.0,83.8,low
STU-11076,82.6,11.8,24.2,4.3,41.4,high
STU-11077,73.7,100.0,92.8,10.0,92.1,low
STU-11078,84.2,92.3,69.0,9.0,48.0,low
STU-11079,52.5,52.1,31.3,4.2,72.0,high
STU-11080,88.2,100.0,100.0,8.6,93.5,low
STU-11081,77.4,88.5,55.0,10.0,80.7,low
STU-11082,73.0,98.8,86.0,5.8,86.7,low
STU-11083,75.5,45.1,65.1,7.6,60.4,medium
STU-11084,85.3,25.2,54.2,8.1,64.9,high
STU-11085,98.3,59.8,90.8,7.6,92.6,low
STU-11086,94.5,100.0,98.5,8.7,100.0,low
STU-11087,90.7,93.1,88.6,10.0,89.5,low
STU-11088,65.2,63.6,64.6,5.6,45.3,low
STU-11089,83.2,90.8,95.8,9.5,100.0,low
STU-11090,85.3,80.9,96.8,3.7,65.4,low
STU-11091,58.8,49.6,76.4,7.4,33.3,medium
STU-11092,59.7,32.3,42.1,2.3,57.4,high
STU-11093,70.5,58.9,68.5,7.5,55.1,medium
STU-11094,96.5,40.0,80.2,7.5,47.6,high
STU-11095,51.9,38.3,64.3,6.4,37.7,medium
STU-11096,66.3,85.9,94.8,8.6,86.1,low
STU-11097,82.9,62.1,64.1,5.2,57.7,medium
STU-11098,95.3,70.2,100.0,8.1,78.6,low
STU-11099,79.2,100.0,81.1,7.8,100.0,low
STU-11100,65.4,70.9,50.2,8.0,88.4,medium
STU-11101,94.6,72.1,96.4,8.1,100.0,low
STU-11102,67.8,65.2,72.1,5.1,70.4,medium
STU-11103,15.2,27.9,43.6,2.9,60.2,high
STU-11104,96.6,72.7,91.6,8.2,60.9,low
STU-11105,100.0,82.5,92.0,7.7,83.5,low
STU-11106,92.1,89.9,100.0,10.0,100.0,low
STU-11107,67.9,76.2,94.0,9.8,65.2,low
STU-11108,79.9,34.5,90.7,10.0,66.6,high
STU-11109,87.7,78.7,93.2,6.1,78.1,low
STU-11110,70.0,100.0,70.8,8.0,87.8,low
STU-11111,99.6,92.8,84.6,8.2,91.5,low
STU-11112,85.7,53.7,50.8,4.4,63.5,medium
STU-11113,28.7,47.0,42.1,2.2,72.7,high
STU-11114,58.1,54.7,26.4,5.3,19.0,high
STU-11115,60.6,50.3,100.0,7.1,25.6,medium
STU-11116,62.7,76.4,40.5,4.7,59.7,medium
STU-11117,48.2,65.9,47.3,2.9,83.8,high
STU-11118,68.1,38.9,59.0,4.5,43.3,medium
STU-11119,77.0,73.9,35.8,6.7,49.4,medium
STU-11120,64.6,43.3,71.8,7.6,46.6,medium
STU-11121,63.4,39.3,72.2,7.5,51.6,high
STU-11122,53.8,84.5,99.6,6.6,67.4,low
STU-11123,76.2,62.8,54.7,6.0,54.7,medium
STU-11124,100.0,84.3,71.3,7.7,58.0,low
STU-11125,79.9,39.3,63.1,8.7,78.5,high
STU-11126,59.1,83.3,98.9,5.9,65.7,low
STU-11127,77.4,31.1,56.5,3.9,40.2,high
STU-11128,100.0,68.5,69.8,5.6,63.2,low
STU-11129,66.8,69.0,49.1,6.6,70.7,medium
STU-11130,29.3,49.1,39.2,1.2,28.7,high
STU-11131,89.9,36.9,49.7,8.9,47.1,high
STU-11132,61.1,56.0,77.1,4.2,27.4,medium
STU-11133,31.0,26.5,32.5,1.5,55.3,high
STU-11134,41.4,43.2,59.5,7.9,39.6,high
STU-11135,93.0,74.5,71.0,9.5,53.4,low
STU-11136,48.1,100.0,67.8,5.0,100.0,high
STU-11137,79.1,50.3,45.6,6.7,44.0,medium
STU-11138,56.1,60.3,61.5,4.3,73.3,low
STU-11139,100.0,100.0,90.9,10.0,100.0,low
STU-11140,89.6,95.5,75.9,6.1,94.2,low
STU-11141,58.5,55.6,42.0,5.7,64.3,medium
STU-11142,82.6,49.6,75.8,7.5,60.6,low
STU-11143,100.0,98.9,80.6,10.0,96.0,low
STU-11144,63.3,89.1,94.9,6.6,100.0,low
STU-11145,59.4,49.4,75.6,5.9,51.0,medium
STU-11146,82.0,43.5,51.7,6.7,55.3,medium
STU-11147,33.1,42.4,72.4,4.5,67.1,high
STU-11148,100.0,87.1,96.8,9.7,78.0,low
STU-11149,59.5,21.5,40.6,2.8,54.6,high
STU-11150,44.8,29.1,47.3,0.0,61.4,high
STU-11151,62.8,69.9,52.7,7.7,62.0,medium
STU-11152,80.0,100.0,90.2,7.3,98.4,low
STU-11153,55.3,49.7,33.8,4.1,17.4,high
STU-11154,64.9,82.0,69.6,8.7,66.0,low
STU-11155,76.9,33.1,59.8,6.4,38.2,high
STU-11156,53.6,54.3,60.3,2.0,64.9,medium
STU-11157,59.8,38.1,61.8,2.5,31.5,medium
STU-11158,92.9,72.6,60.2,7.8,58.5,low
STU-11159,83.9,89.6,100.0,10.0,87.6,low
STU-11160,67.0,62.2,60.5,5.2,51.0,medium
STU-11161,53.8,45.8,81.0,6.3,98.6,high
STU-11162,90.3,100.0,96.1,8.3,100.0,low
STU-11163,78.1,51.9,58.3,7.1,70.6,medium
STU-11164,85.8,76.3,88.6,8.7,97.9,low
STU-11165,56.8,30.3,20.3,3.7,33.2,high
STU-11166,71.0,54.6,77.3,7.9,83.3,medium
STU-11167,89.0,16.4,39.6,5.3,29.8,high
STU-11168,80.6,89.9,100.0,8.5,70.4,low
STU-11169,82.9,66.7,65.7,8.2,76.2,low
STU-11170,92.4,95.4,94.4,10.0,72.3,low
STU-11171,83.0,60.7,87.3,5.8,78.7,medium
STU-11172,65.6,59.7,67.2,5.3,29.8,high
STU-11173,69.3,44.5,73.7,4.0,77.0,medium
STU-11174,71.4,100.0,56.7,5.3,84.9,low
STU-11175,56.5,9.4,26.4,3.0,32.7,high
STU-11176,70.1,81.0,100.0,7.5,68.5,low
STU-11177,55.4,70.6,84.4,9.4,72.8,low
STU-11178,74.9,75.1,80.9,7.2,90.9,low
STU-11179,66.5,95.5,89.1,6.0,96.5,low
STU-11180,49.8,43.0,39.1,5.9,55.2,high
STU-11181,74.1,62.0,42.5,5.8,82.6,medium
STU-11182,71.1,55.9,33.6,3.4,36.7,high
STU-11183,32.3,59.7,52.7,4.3,24.5,high
STU-11184,92.7,73.0,64.9,8.9,33.0,low
STU-11185,88.4,100.0,99.0,8.9,75.6,low
STU-11186,46.9,55.9,51.2,3.4,24.4,high
STU-11187,69.5,65.3,91.9,4.7,67.0,low
STU-11188,66.8,66.5,69.1,6.8,71.9,medium
STU-11189,82.8,44.2,62.4,8.6,21.0,high
STU-11190,75.1,56.8,56.9,6.3,65.8,medium
STU-11191,90.3,24.9,50.9,5.7,20.7,medium
STU-11192,72.5,42.3,63.5,4.6,37.4,medium
STU-11193,64.3,52.2,43.4,6.6,55.0,medium
STU-11194,78.0,89.2,61.4,6.3,78.0,low
STU-11195,60.2,71.7,50.3,3.5,59.0,medium
STU-11196,83.3,66.3,51.2,4.7,57.5,low
STU-11197,48.4,34.8,36.1,4.8,53.0,high
STU-11198,72.0,43.3,72.1,6.3,65.4,medium
STU-11199,44.5,63.9,1.1,1.2,64.4,high
STU-11200,54.8,53.1,69.6,6.8,82.2,medium
STU-11201,57.0,30.2,60.0,4.4,62.9,high
STU-11202,99.7,39.5,68.2,4.3,67.2,medium
STU-11203,96.4,59.0,60.7,4.4,41.6,medium
STU-11204,81.7,48.0,47.0,4.9,45.1,medium
STU-11205,74.0,79.3,60.3,6.6,75.3,medium
STU-11206,76.2,75.1,88.2,9.1,76.9,low
STU-11207,70.9,21.5,55.6,4.7,49.2,high
STU-11208,100.0,69.5,92.2,10.0,100.0,low
STU-11209,90.5,77.2,79.7,7.6,82.7,low
STU-11210,66.7,80.8,72.8,8.4,59.8,low
STU-11211,72.5,51.7,69.3,6.0,57.5,medium
STU-11212,53.5,86.6,80.8,5.8,76.2,low
STU-11213,72.1,92.2,100.0,8.2,96.9,low
STU-11214,41.8,27.7,46.8,7.6,39.4,high
STU-11215,61.5,38.9,55.1,3.2,43.8,high
STU-11216,35.1,29.7,10.5,4.2,20.0,high
STU-11217,88.4,100.0,77.1,8.2,98.7,low
STU-11218,76.0,81.8,100.0,7.9,100.0,low
STU-11219,46.9,66.1,65.1,3.7,64.6,high
STU-11220,72.4,52.7,68.6,5.7,40.8,medium
STU-11221,64.1,51.7,64.0,6.6,53.1,medium
STU-11222,53.5,87.6,66.6,4.8,59.6,medium
STU-11223,78.1,60.0,39.7,4.4,59.1,medium
STU-11224,68.9,12.2,67.5,8.6,39.8,high
STU-11225,82.2,99.4,88.9,8.7,100.0,low
STU-11226,85.2,69.8,58.5,8.9,82.8,low
STU-11227,91.0,91.1,84.7,9.0,72.8,low
STU-11228,89.1,86.0,62.4,7.3,42.0,low
STU-11229,49.1,67.7,25.7,8.5,72.9,high
STU-11230,57.0,29.9,35.2,5.2,66.4,high
STU-11231,100.0,70.6,95.1,10.0,72.3,low
STU-11232,100.0,65.1,77.4,8.0,66.6,low
STU-11233,47.1,0.0,46.8,3.7,40.5,high
STU-11234,61.6,58.9,68.0,6.3,65.4,high
STU-11235,66.5,70.5,52.7,5.6,75.2,medium
STU-11236,80.0,79.3,58.2,9.5,52.6,low
STU-11237,60.0,38.0,66.0,4.8,61.9,high
STU-11238,68.3,50.4,50.9,2.1,27.1,medium
STU-11239,67.0,50.4,23.4,4.4,10.1,high
STU-11240,100.0,100.0,83.3,10.0,82.4,low
STU-11241,64.7,70.6,79.4,6.2,79.8,medium
STU-11242,52.2,57.3,61.1,6.9,45.7,medium
STU-11243,100.0,54.8,82.9,6.0,67.1,low
STU-11244,52.2,33.5,36.0,5.3,58.9,high
STU-11245,68.3,71.7,46.1,5.8,74.0,low
STU-11246,79.5,5.2,44.3,6.8,47.5,high
STU-11247,54.8,76.4,81.5,5.8,78.9,low
STU-11248,85.0,69.7,79.3,5.8,59.1,low
STU-11249,79.5,79.5,72.8,4.3,79.4,low
STU-11250,93.3,66.0,88.4,5.1,42.3,low
STU-11251,81.1,56.7,60.0,5.6,66.0,medium
STU-11252,100.0,86.1,86.5,9.4,71.1,low
STU-11253,55.0,92.0,32.1,6.8,80.2,medium
STU-11254,97.4,100.0,79.1,6.4,94.3,low
STU-11255,91.3,87.5,94.4,6.8,74.6,low
STU-11256,72.0,73.9,91.7,5.1,70.4,low
STU-11257,69.8,32.5,75.0,8.0,56.9,high
STU-11258,59.7,72.1,66.3,6.5,62.7,low
STU-11259,69.7,51.3,75.8,5.7,62.0,medium
STU-11260,37.6,74.0,43.5,4.7,80.7,high
STU-11261,67.2,61.3,71.2,4.7,60.9,low
STU-11262,71.1,75.8,80.6,9.4,87.0,low
STU-11263,69.5,95.9,82.9,6.6,51.5,low
STU-11264,43.7,55.2,40.4,3.9,75.0,high
STU-11265,88.7,71.9,86.5,6.7,42.4,medium
STU-11266,70.7,100.0,76.3,4.9,78.6,low
STU-11267,53.5,44.9,16.1,3.5,28.8,high
STU-11268,30.5,27.6,48.4,2.9,38.2,high
STU-11269,100.0,37.4,15.2,3.3,20.5,high
STU-11270,90.8,78.2,58.4,5.6,67.4,low
STU-11271,96.7,100.0,83.0,5.5,73.5,low
STU-11272,100.0,100.0,100.0,10.0,89.6,low
STU-11273,75.7,42.9,62.2,5.1,65.1,medium
STU-11274,58.9,52.6,56.7,7.1,43.5,medium
STU-11275,94.6,71.4,59.6,8.4,67.2,low
STU-11276,100.0,100.0,100.0,10.0,100.0,low
STU-11277,97.7,100.0,95.5,9.6,89.0,low
STU-11278,100.0,93.8,100.0,9.8,87.4,low
STU-11279,34.9,63.1,36.4,2.9,45.5,high
STU-11280,81.4,81.0,79.3,7.7,76.6,low
STU-11281,87.1,50.9,72.9,7.1,73.3,low
STU-11282,69.5,48.0,47.9,6.4,26.3,medium
STU-11283,53.5,62.8,65.6,4.9,58.4,medium
STU-11284,62.4,43.7,61.5,9.1,50.8,high
STU-11285,80.3,71.3,46.3,2.9,62.3,low
STU-11286,74.7,32.0,28.7,2.2,51.7,high
STU-11287,76.7,56.8,89.7,9.3,77.7,low
STU-11288,87.8,100.0,84.6,9.0,72.3,low
STU-11289,81.6,80.1,70.0,8.0,78.0,low
STU-11290,63.2,53.1,62.2,6.8,60.9,high
STU-11291,86.2,100.0,100.0,8.5,100.0,low
STU-11292,84.6,29.2,71.0,3.3,46.4,medium
STU-11293,68.8,40.5,78.6,4.6,44.9,low
STU-11294,46.1,32.2,11.3,0.9,36.9,high
STU-11295,92.8,96.6,92.6,6.7,87.8,low
STU-11296,76.4,50.0,59.6,3.8,51.5,medium
STU-11297,74.9,56.4,60.3,5.0,78.5,low
STU-11298,83.5,52.2,57.8,5.5,42.7,medium
STU-11299,87.1,65.3,31.0,8.1,33.4,medium
STU-11300,93.9,93.4,100.0,10.0,100.0,low
STU-11301,59.5,57.3,40.7,5.6,71.3,medium
STU-11302,66.1,70.2,74.2,1.1,68.8,medium
STU-11303,87.0,78.9,75.8,5.6,82.9,low
STU-11304,79.8,0.0,37.5,3.0,6.6,high
STU-11305,42.2,48.7,30.4,4.8,30.1,high
STU-11306,76.8,72.5,73.9,5.3,82.8,low
STU-11307,77.6,68.2,78.9,4.1,89.9,medium
STU-11308,70.2,47.2,53.2,4.6,63.2,high
STU-11309,56.1,26.8,36.2,3.7,51.8,high
STU-11310,71.8,60.8,52.0,9.6,95.1,low
STU-11311,70.7,60.7,52.2,4.1,67.5,medium
STU-11312,82.2,57.5,95.9,7.5,57.5,medium
STU-11313,46.6,54.9,50.0,3.5,44.1,high
STU-11314,58.6,65.3,55.6,4.9,86.0,medium
STU-11315,100.0,36.4,74.0,7.9,39.4,medium
STU-11316,57.7,45.4,48.9,2.7,56.3,high
STU-11317,51.8,22.4,9.2,3.3,21.9,high
STU-11318,85.6,59.3,56.9,6.3,48.8,medium
STU-11319,86.3,48.1,93.2,7.7,72.7,low
STU-11320,85.9,100.0,99.2,10.0,100.0,low
STU-11321,87.6,32.6,48.5,8.9,83.8,high
STU-11322,73.5,20.3,67.1,7.0,56.7,high
STU-11323,38.9,76.7,53.4,3.1,77.4,high
STU-11324,95.1,82.1,100.0,8.3,94.6,low
STU-11325,64.3,84.4,60.6,6.7,91.4,medium
STU-11326,99.3,78.4,100.0,7.5,73.1,low
STU-11327,75.0,61.5,86.0,6.7,77.7,low
STU-11328,58.4,23.8,74.9,3.0,47.6,high
STU-11329,100.0,94.2,100.0,8.8,86.0,low
STU-11330,66.4,75.6,87.8,5.2,66.4,low
STU-11331,75.6,65.2,61.7,7.3,91.8,low
STU-11332,61.5,33.4,33.2,6.9,45.6,high
STU-11333,100.0,100.0,99.1,10.0,85.7,low
STU-11334,48.0,42.3,34.4,1.6,69.0,high
STU-11335,50.8,82.8,63.1,8.1,53.2,medium
STU-11336,89.3,41.7,61.0,6.2,21.3,medium
STU-11337,79.1,38.4,50.3,5.4,20.4,high
STU-11338,100.0,68.6,81.8,10.0,100.0,low
STU-11339,61.2,43.0,73.6,8.2,65.6,high
STU-11340,61.3,71.0,47.8,4.3,71.9,medium
STU-11341,49.0,45.0,42.7,3.3,42.4,high
STU-11342,59.6,80.6,60.5,9.7,72.4,medium
STU-11343,48.2,26.3,41.3,3.8,30.8,high
STU-11344,36.6,30.6,46.9,0.0,58.8,high
STU-11345,79.7,64.7,59.8,7.4,48.2,medium
STU-11346,46.3,94.2,63.1,4.3,43.2,high
STU-11347,37.7,24.6,35.9,2.9,27.7,high
STU-11348,65.1,57.9,57.0,6.9,48.9,medium
STU-11349,95.4,46.0,78.1,5.2,95.3,low
STU-11350,100.0,53.1,69.6,7.2,94.8,medium
STU-11351,58.2,44.5,46.9,1.8,70.1,high
STU-11352,76.4,100.0,100.0,7.5,56.6,low
STU-11353,74.6,50.7,56.6,7.8,78.1,medium
STU-11354,100.0,79.9,100.0,9.2,88.4,low
STU-11355,71.7,45.5,65.8,6.0,33.5,medium
STU-11356,73.4,64.9,59.6,5.4,95.3,medium
STU-11357,91.7,69.7,90.9,9.1,75.4,low
STU-11358,71.8,45.0,48.4,6.0,45.7,high
STU-11359,28.4,46.9,41.8,4.1,32.8,high
STU-11360,77.4,22.1,74.7,10.0,30.7,high
STU-11361,88.6,74.4,89.6,6.9,72.7,low
STU-11362,94.4,80.6,79.0,5.4,82.2,medium
STU-11363,49.5,19.3,34.1,5.2,34.4,high
STU-11364,53.7,61.2,63.2,4.5,41.4,medium
STU-11365,69.2,45.4,47.0,6.5,33.7,high
STU-11366,30.4,70.3,46.6,3.8,55.9,high
STU-11367,33.0,19.0,3.1,2.2,28.7,high
STU-11368,79.1,62.6,70.9,6.8,66.4,low
STU-11369,80.4,69.0,79.3,8.7,57.9,low
STU-11370,38.2,45.5,40.1,1.0,51.7,high
STU-11371,63.9,46.2,77.2,8.3,60.1,medium
STU-11372,75.9,53.7,62.5,5.4,66.9,medium
STU-11373,54.2,54.2,65.9,5.3,40.0,medium
STU-11374,52.7,91.1,84.7,7.9,100.0,medium
STU-11375,79.6,76.6,88.8,6.8,56.2,low
STU-11376,47.6,44.3,60.2,6.7,21.0,high
STU-11377,44.8,47.2,37.6,2.8,64.1,high
STU-11378,45.5,75.2,60.2,5.8,67.0,high
STU-11379,47.8,37.7,81.7,3.8,36.7,high
STU-11380,74.6,80.7,47.9,4.4,70.1,medium
STU-11381,90.0,57.8,75.5,6.6,52.2,low
STU-11382,61.4,94.9,63.3,6.8,72.8,low
STU-11383,53.8,76.3,63.3,3.1,81.5,high
STU-11384,74.2,73.0,72.8,9.0,81.2,low
STU-11385,74.7,34.4,58.1,6.7,49.1,medium
STU-11386,53.5,58.7,37.6,4.3,59.0,high
STU-11387,93.6,81.1,75.6,6.9,98.6,low
STU-11388,89.3,56.6,83.0,10.0,47.0,low
STU-11389,83.2,100.0,89.9,8.8,74.0,low
STU-11390,72.8,70.1,69.0,5.3,53.2,medium
STU-11391,88.0,64.7,79.7,7.8,45.6,low
STU-11392,77.9,19.8,44.7,3.8,41.3,high
STU-11393,100.0,70.1,100.0,9.7,64.8,low
STU-11394,72.9,42.1,65.3,3.9,73.4,medium
STU-11395,93.4,56.7,88.6,9.7,88.7,low
STU-11396,63.2,52.2,60.3,4.0,60.8,high
STU-11397,73.2,37.9,85.2,8.7,87.6,medium
STU-11398,83.2,72.2,60.4,4.8,57.8,medium
STU-11399,59.0,51.6,38.4,4.0,51.6,medium
STU-11400,83.5,79.4,58.3,3.1,38.0,low
STU-11401,72.7,48.8,70.6,3.9,40.3,medium
STU-11402,100.0,86.0,87.6,9.8,89.9,low
STU-11403,52.6,61.6,25.6,4.6,50.6,high
STU-11404,56.6,45.4,60.4,8.0,74.8,high
STU-11405,78.9,64.2,100.0,9.5,83.6,low
STU-11406,41.1,50.7,57.2,3.9,65.6,high
STU-11407,90.8,49.9,65.2,5.7,47.6,low
STU-11408,66.8,24.5,52.3,0.6,42.6,high
STU-11409,72.3,61.0,41.4,6.3,89.3,medium
STU-11410,68.2,58.5,77.9,5.6,88.9,medium
STU-11411,100.0,54.5,69.8,8.2,20.3,medium
STU-11412,58.8,63.2,68.8,4.7,54.3,medium
STU-11413,29.4,77.0,46.4,1.6,48.2,high
STU-11414,49.6,35.1,37.0,4.0,61.5,high
STU-11415,95.8,61.4,67.2,9.5,61.6,low
STU-11416,46.6,50.9,52.6,2.8,63.6,high
STU-11417,59.5,46.3,82.2,4.0,34.4,high
STU-11418,69.3,43.0,61.5,5.3,61.7,medium
STU-11419,81.4,65.8,69.8,5.2,59.0,medium
STU-11420,48.8,100.0,100.0,9.8,95.4,medium
STU-11421,74.5,62.4,54.1,6.0,61.0,medium
STU-11422,53.4,31.6,54.7,8.6,58.5,high
STU-11423,70.4,65.9,78.6,6.9,91.8,low
STU-11424,61.5,52.8,93.0,7.7,15.1,medium
STU-11425,40.2,62.2,54.4,4.8,87.5,high
STU-11426,88.4,77.4,83.5,8.0,99.8,low
STU-11427,66.7,21.9,19.3,2.3,19.3,high
STU-11428,67.4,100.0,83.0,6.5,70.5,low
STU-11429,92.6,72.3,40.1,7.2,33.7,medium
STU-11430,100.0,100.0,100.0,10.0,63.3,low
STU-11431,50.2,9.5,46.2,4.3,46.0,high
STU-11432,57.7,85.6,49.3,6.0,89.8,low
STU-11433,59.1,68.9,29.2,7.3,55.9,medium
STU-11434,58.6,74.1,41.2,3.3,96.2,medium
STU-11435,60.4,78.7,64.3,6.2,54.9,low
STU-11436,100.0,94.4,100.0,10.0,75.4,low
STU-11437,86.1,62.4,95.5,6.8,69.7,low
STU-11438,100.0,71.1,83.0,4.9,57.3,low
STU-11439,56.4,49.2,63.8,4.1,78.6,high
STU-11440,77.0,61.1,82.8,4.6,90.8,low
STU-11441,84.7,81.7,92.0,6.7,58.6,low
STU-11442,49.6,20.3,29.1,2.4,7.1,high
STU-11443,70.5,30.2,62.2,4.4,62.7,high
STU-11444,63.4,88.1,94.5,8.0,85.7,low
STU-11445,74.9,27.0,72.2,9.0,57.7,high
STU-11446,81.3,71.8,56.5,5.6,67.7,low
STU-11447,91.2,77.1,91.1,8.1,73.2,low
STU-11448,55.1,62.8,58.6,4.8,65.4,medium
STU-11449,36.6,23.1,12.2,2.9,42.0,high
STU-11450,96.2,61.9,92.7,6.0,81.2,low
STU-11451,66.2,87.1,88.3,8.6,90.0,low
STU-11452,58.8,10.7,4.8,0.0,59.5,high
STU-11453,37.6,41.4,38.1,1.4,53.7,high
STU-11454,67.2,55.9,54.9,7.2,56.2,medium
STU-11455,81.5,99.4,88.3,6.4,79.8,low
STU-11456,73.2,64.0,43.4,6.0,66.4,medium
STU-11457,100.0,77.6,78.9,10.0,60.8,low
STU-11458,100.0,100.0,91.3,6.2,100.0,low
STU-11459,79.4,57.7,87.4,6.5,73.7,low
STU-11460,64.1,43.9,49.4,3.9,43.7,high
STU-11461,100.0,62.4,68.7,7.5,71.8,low
STU-11462,82.4,79.2,87.9,5.9,83.9,low
STU-11463,52.7,44.8,54.1,3.6,47.5,high
STU-11464,100.0,62.8,46.1,8.7,32.6,medium
STU-11465,94.7,40.7,66.6,6.3,26.8,medium
STU-11466,81.0,35.6,66.3,6.5,27.4,medium
STU-11467,91.3,30.0,78.6,8.9,52.4,high
STU-11468,73.4,25.2,28.0,5.1,46.5,high
STU-11469,79.3,42.6,88.4,8.0,44.9,high
STU-11470,71.2,56.3,60.2,6.9,83.5,low
STU-11471,78.5,48.6,81.5,4.2,42.8,medium
STU-11472,93.7,91.7,68.6,8.1,98.8,low
STU-11473,82.9,35.1,69.1,4.9,66.3,medium
STU-11474,98.9,40.2,72.7,5.6,57.4,medium
STU-11475,68.3,59.2,64.1,6.4,69.1,medium
STU-11476,81.8,60.3,53.9,7.1,85.3,low
STU-11477,84.5,63.7,77.5,7.1,87.9,low
STU-11478,88.1,77.6,69.2,8.9,85.7,low
STU-11479,95.8,47.5,68.0,7.7,58.0,low
STU-11480,96.3,100.0,100.0,10.0,100.0,low
STU-11481,97.9,86.0,93.9,10.0,95.5,low
STU-11482,87.4,22.6,48.9,6.6,57.9,high
STU-11483,97.0,77.5,62.0,7.3,55.0,low
STU-11484,100.0,30.7,77.1,7.3,63.8,low
STU-11485,70.1,54.8,55.2,3.7,71.7,medium
STU-11486,88.2,66.4,67.0,10.0,67.6,low
STU-11487,45.8,6.7,55.2,3.6,40.0,high
STU-11488,78.3,86.8,97.1,8.3,60.0,low
STU-11489,63.4,65.7,68.0,7.6,68.7,medium
STU-11490,85.1,64.4,76.4,2.4,77.5,low
STU-11491,74.3,88.6,32.6,3.2,87.3,medium
STU-11492,92.7,69.2,88.2,10.0,70.8,low
STU-11493,63.2,79.4,58.9,0.0,65.1,high
STU-11494,51.4,39.1,23.7,1.0,23.1,high
STU-11495,100.0,86.7,93.3,8.3,56.1,low
STU-11496,78.6,100.0,100.0,8.8,96.5,low
STU-11497,65.5,65.1,92.8,3.8,66.6,medium
STU-11498,81.4,72.1,100.0,6.2,77.4,low
STU-11499,91.4,92.5,100.0,8.6,67.3,low
STU-11500,73.2,41.2,55.8,6.6,83.1,medium
STU-11501,83.8,55.0,90.1,9.3,65.6,low
STU-11502,59.1,89.8,84.0,5.1,64.1,low
STU-11503,70.3,90.2,50.8,8.5,74.7,low
STU-11504,31.7,41.0,10.2,3.5,46.7,high
STU-11505,41.9,36.3,37.5,5.9,87.0,high
STU-11506,77.1,61.8,93.0,8.7,79.6,low
STU-11507,72.3,90.1,100.0,8.3,100.0,low
STU-11508,80.2,69.3,79.1,6.2,71.5,low
STU-11509,86.8,56.2,100.0,9.7,81.0,low
STU-11510,81.7,99.6,100.0,10.0,57.3,low
STU-11511,75.3,76.5,72.8,7.4,71.0,medium
STU-11512,43.4,98.0,64.9,4.9,61.2,medium
STU-11513,85.2,48.2,80.3,6.4,57.8,medium
STU-11514,62.0,63.5,61.1,2.2,66.3,medium
STU-11515,55.2,73.3,64.9,4.1,76.3,medium
STU-11516,65.1,71.9,57.9,4.9,64.6,medium
STU-11517,50.7,21.2,55.9,1.9,35.4,medium
STU-11518,38.1,61.9,34.3,2.2,57.0,high
STU-11519,95.5,74.9,67.7,6.8,75.2,low
STU-11520,32.2,73.0,40.8,6.7,65.7,high
STU-11521,79.6,62.1,71.7,5.4,78.8,medium
STU-11522,75.4,86.1,61.3,3.9,57.1,low
STU-11523,64.9,60.0,73.0,5.8,87.4,medium
STU-11524,42.8,27.7,21.1,5.1,38.1,high
STU-11525,68.2,71.5,74.6,7.7,90.2,low
STU-11526,59.8,72.8,65.8,6.3,75.5,medium
STU-11527,58.3,92.2,100.0,6.4,100.0,low
STU-11528,62.6,56.1,67.6,4.0,90.8,medium
STU-11529,69.4,68.5,54.0,4.3,59.4,medium
STU-11530,49.4,63.1,55.4,4.6,89.7,high
STU-11531,81.6,69.4,61.6,6.2,69.1,medium
STU-11532,100.0,48.4,69.2,10.0,66.8,low
STU-11533,73.7,100.0,100.0,10.0,86.0,low
STU-11534,73.0,77.8,70.7,7.8,63.8,low
STU-11535,71.5,65.9,68.3,5.2,66.6,medium
STU-11536,89.6,91.0,93.2,4.5,98.3,low
STU-11537,66.7,75.2,62.0,5.1,59.7,medium
STU-11538,76.7,36.7,54.6,7.7,38.4,high
STU-11539,80.9,79.7,81.5,6.8,79.6,low
STU-11540,89.1,100.0,65.2,6.3,84.4,low
STU-11541,75.0,100.0,88.5,10.0,90.2,low
STU-11542,74.9,68.1,70.3,7.9,92.1,low
STU-11543,84.2,100.0,79.5,7.5,100.0,low
STU-11544,51.3,100.0,80.5,7.4,78.6,low
STU-11545,82.9,65.8,62.5,6.4,80.2,low
STU-11546,90.1,84.2,99.2,10.0,85.9,low
STU-11547,100.0,100.0,94.7,10.0,84.8,low
STU-11548,87.1,45.1,84.4,5.0,69.0,low
STU-11549,69.0,69.0,62.9,3.7,46.7,medium
STU-11550,85.8,99.8,83.2,8.7,95.4,low
STU-11551,74.6,80.2,84.3,8.0,90.3,low
STU-11552,38.6,21.6,39.6,7.0,57.8,high
STU-11553,100.0,76.9,89.3,8.9,59.4,low
STU-11554,84.2,62.2,83.1,7.3,89.6,low
STU-11555,93.3,32.6,79.3,7.9,60.3,high
STU-11556,83.2,57.1,75.6,6.4,39.9,low
STU-11557,89.7,100.0,76.8,8.1,82.7,low
STU-11558,80.4,52.4,67.4,5.8,67.4,low
STU-11559,44.2,73.1,60.9,4.3,37.5,high
STU-11560,60.3,58.4,30.3,6.7,52.3,high
STU-11561,100.0,77.4,83.9,10.0,100.0,low
STU-11562,83.9,77.1,100.0,7.3,85.3,low
STU-11563,62.2,73.3,56.0,5.3,69.8,medium
STU-11564,100.0,49.0,74.3,10.0,27.8,low
STU-11565,84.7,68.0,59.0,3.5,41.8,medium
STU-11566,100.0,76.4,79.3,5.6,90.7,low
STU-11567,68.1,79.3,48.5,4.9,74.4,medium
STU-11568,94.6,87.4,81.7,10.0,73.0,low
STU-11569,78.7,70.4,71.5,9.4,75.8,low
STU-11570,85.1,87.7,69.3,6.7,85.2,low
STU-11571,54.7,31.6,52.8,5.0,57.1,high
STU-11572,60.3,56.8,51.8,5.4,63.1,medium
STU-11573,47.6,33.9,36.1,1.5,28.2,high
STU-11574,53.0,100.0,90.6,8.2,100.0,low
STU-11575,85.8,41.1,58.5,6.2,63.0,medium
STU-11576,74.8,62.9,58.1,5.7,85.4,low
STU-11577,61.0,74.4,83.5,7.0,54.0,low
STU-11578,66.3,59.4,50.8,7.8,59.7,medium
STU-11579,42.3,63.2,100.0,6.0,49.9,medium
STU-11580,66.6,55.3,77.7,4.8,87.8,low
STU-11581,100.0,58.0,82.1,8.6,94.5,low
STU-11582,78.0,90.8,78.0,7.5,91.6,low
STU-11583,82.3,41.5,95.3,7.8,34.6,high
STU-11584,90.7,61.8,71.4,4.9,75.8,low
STU-11585,74.3,91.1,81.6,8.8,80.3,low
STU-11586,88.0,93.4,88.8,8.0,75.1,low
STU-11587,89.6,13.5,31.9,6.4,41.2,high
STU-11588,98.9,85.9,82.6,8.3,69.2,low
STU-11589,82.3,90.2,62.5,8.6,83.6,low
STU-11590,39.3,100.0,57.2,3.9,100.0,high
STU-11591,46.8,70.0,82.9,6.1,69.9,medium
STU-11592,37.5,56.1,47.8,5.0,80.4,high
STU-11593,70.2,68.2,71.9,5.7,37.7,medium
STU-11594,54.9,39.3,40.8,6.1,48.4,high
STU-11595,75.3,97.7,73.0,5.5,84.1,low
STU-11596,20.3,39.7,13.4,1.4,34.3,high
STU-11597,82.4,30.1,78.3,7.1,62.2,low
STU-11598,29.8,6.2,12.1,3.5,48.0,high
STU-11599,63.9,89.1,80.8,6.4,82.6,low
STU-11600,54.8,53.2,60.9,5.9,92.5,medium
STU-11601,87.2,70.0,66.0,7.4,61.7,low
STU-11602,68.6,74.2,65.3,7.4,60.5,low
STU-11603,84.1,65.3,70.4,6.3,47.5,low
STU-11604,42.0,31.8,48.5,3.3,67.1,high
STU-11605,68.0,18.0,76.2,4.1,57.5,high
STU-11606,74.1,40.4,58.4,4.4,19.6,high
STU-11607,82.1,51.2,72.8,7.3,57.8,medium
STU-11608,80.9,52.1,60.7,8.0,44.0,low
STU-11609,90.9,75.7,74.8,5.2,97.9,low
STU-11610,61.4,64.1,69.5,6.5,66.2,medium
STU-11611,65.8,69.6,39.2,8.4,43.9,medium
STU-11612,61.0,62.2,76.4,4.0,41.8,high
STU-11613,100.0,100.0,100.0,9.7,100.0,low
STU-11614,60.4,45.8,44.7,5.4,72.6,high
STU-11615,68.4,76.2,71.2,3.5,59.2,medium
STU-11616,76.1,53.5,52.0,5.3,76.6,high
STU-11617,93.1,100.0,86.3,10.0,81.8,low
STU-11618,54.7,31.0,20.7,1.7,58.9,high
STU-11619,63.1,34.8,47.7,4.3,65.5,high
STU-11620,94.0,49.9,68.5,5.4,54.1,medium
STU-11621,70.6,61.3,57.2,4.0,53.7,low
STU-11622,69.9,70.5,52.5,6.1,52.7,medium
STU-11623,98.5,52.5,52.7,10.0,76.4,medium
STU-11624,81.6,95.6,68.1,7.5,100.0,low
STU-11625,60.5,71.7,42.9,2.8,83.7,medium
STU-11626,55.4,28.9,22.0,2.8,54.4,high
STU-11627,62.7,62.6,51.1,4.2,69.4,medium
STU-11628,54.0,50.8,54.7,1.0,36.3,medium
STU-11629,79.3,38.3,43.0,7.6,39.3,high
STU-11630,74.3,21.1,38.1,5.1,30.8,high
STU-11631,89.9,64.5,100.0,9.4,61.8,low
STU-11632,61.8,65.9,40.4,4.3,40.6,medium
STU-11633,77.3,19.5,42.9,6.4,22.9,high
STU-11634,74.0,62.2,76.3,4.4,55.2,low
STU-11635,83.9,89.9,74.4,7.8,75.5,low
STU-11636,84.3,100.0,70.6,7.9,74.4,low
STU-11637,30.0,48.5,27.1,3.7,56.5,high
STU-11638,84.4,20.2,47.7,5.5,34.0,high
STU-11639,68.1,62.7,60.2,7.1,91.5,medium
STU-11640,86.4,87.3,88.0,8.2,79.7,low
STU-11641,100.0,73.0,100.0,5.6,71.4,low
STU-11642,63.0,83.5,68.0,7.3,100.0,low
STU-11643,75.2,65.9,65.9,5.3,52.0,low
STU-11644,70.0,27.4,50.6,7.6,18.1,high
STU-11645,84.0,37.5,66.8,8.2,54.7,high
STU-11646,64.1,56.2,80.2,9.3,79.5,medium
STU-11647,99.9,51.3,100.0,10.0,89.2,low
STU-11648,56.8,28.4,45.3,3.8,71.1,high
STU-11649,50.0,33.2,43.7,4.9,52.9,high
STU-11650,80.8,71.0,61.1,4.0,46.3,medium
STU-11651,32.3,44.5,50.2,4.1,22.5,high
STU-11652,36.1,35.4,28.2,0.8,77.8,high
STU-11653,58.1,47.4,51.8,3.0,53.5,medium
STU-11654,73.2,75.5,60.1,4.7,47.5,medium
STU-11655,67.7,42.7,57.4,4.5,73.8,high
STU-11656,51.7,73.3,36.0,5.3,62.9,medium
STU-11657,54.3,74.1,52.6,5.8,64.5,low
STU-11658,77.5,79.3,85.7,7.0,60.5,low
STU-11659,71.7,79.0,97.0,8.0,45.0,low
STU-11660,66.8,68.2,33.0,1.5,48.6,medium
STU-11661,68.7,31.7,59.3,7.2,44.6,high
STU-11662,60.3,63.3,31.2,2.5,26.5,medium
STU-11663,61.8,27.6,57.0,2.5,57.2,high
STU-11664,100.0,100.0,100.0,10.0,100.0,low
STU-11665,46.9,30.9,43.3,3.4,50.1,high
STU-11666,55.1,42.4,33.5,4.9,45.2,high
STU-11667,50.9,42.1,52.9,5.1,36.0,high
STU-11668,72.3,59.6,45.6,3.4,51.8,medium
STU-11669,61.0,95.7,71.4,5.8,66.6,low
STU-11670,73.3,62.7,78.6,7.2,63.3,medium
STU-11671,83.2,55.6,59.7,5.3,72.4,medium
STU-11672,81.0,94.0,69.6,10.0,69.5,low
STU-11673,78.5,80.7,86.5,5.2,86.8,low
STU-11674,67.4,82.9,72.9,6.0,57.2,low
STU-11675,32.3,46.3,66.5,1.9,50.0,high
STU-11676,69.5,100.0,46.2,5.9,88.7,low
STU-11677,80.7,59.5,78.5,5.1,77.0,medium
STU-11678,81.3,78.0,52.7,5.7,57.0,low
STU-11679,71.3,28.5,50.4,5.9,39.1,high
STU-11680,85.8,74.5,81.9,10.0,84.0,low
STU-11681,79.3,64.2,82.0,6.1,75.4,medium
STU-11682,93.0,72.5,81.1,7.9,61.3,low
STU-11683,45.0,29.1,20.5,3.6,37.0,high
STU-11684,55.1,60.9,70.1,5.3,39.2,medium
STU-11685,66.9,16.5,20.9,5.1,42.9,high
STU-11686,91.4,76.7,90.5,8.9,47.8,low
STU-11687,35.0,28.4,20.9,3.0,57.1,high
STU-11688,90.3,91.2,87.4,7.4,81.4,low
STU-11689,97.8,100.0,100.0,8.3,100.0,low
STU-11690,87.5,75.0,94.9,10.0,79.5,low
STU-11691,83.0,84.6,88.3,5.1,100.0,low
STU-11692,63.1,71.2,64.1,5.1,64.1,medium
STU-11693,72.9,100.0,89.3,5.9,100.0,low
STU-11694,100.0,100.0,93.1,10.0,100.0,low
STU-11695,53.5,95.8,52.4,2.5,51.3,medium
STU-11696,44.3,44.4,43.7,1.3,39.3,high
STU-11697,34.5,66.2,21.4,3.1,68.0,high
STU-11698,94.5,78.4,57.9,4.6,66.4,low
STU-11699,100.0,56.2,84.6,9.1,98.9,low
STU-11700,33.2,65.5,32.0,1.9,38.7,high
STU-11701,63.0,32.6,63.1,7.3,51.6,medium
STU-11702,90.8,100.0,72.3,8.7,76.9,low
STU-11703,89.7,51.3,82.7,10.0,49.5,medium
STU-11704,100.0,83.2,100.0,10.0,87.5,low
STU-11705,60.8,100.0,55.3,7.8,95.1,low
STU-11706,68.1,41.4,64.6,6.2,50.5,medium
STU-11707,84.6,34.6,67.5,7.8,43.6,high
STU-11708,42.4,55.5,37.3,5.7,44.2,high
STU-11709,81.0,62.7,71.5,6.3,92.5,medium
STU-11710,36.7,68.3,41.4,4.6,46.4,high
STU-11711,76.8,60.9,62.3,3.1,64.5,medium
STU-11712,65.7,29.0,63.2,6.3,52.7,medium
STU-11713,100.0,100.0,100.0,8.0,99.8,low
STU-11714,80.7,81.4,69.2,8.6,59.8,low
STU-11715,100.0,53.6,73.3,9.8,82.8,low
STU-11716,51.4,39.3,7.1,4.4,77.5,high
STU-11717,24.3,39.0,27.3,0.0,37.6,high
STU-11718,92.1,100.0,100.0,10.0,94.5,low
STU-11719,75.0,36.5,45.8,9.4,50.0,high
STU-11720,72.6,81.5,56.8,6.2,100.0,low
STU-11721,56.3,53.3,81.9,5.1,36.5,medium
STU-11722,89.8,64.3,91.1,7.7,47.6,low
STU-11723,73.7,56.2,88.8,7.0,69.5,low
STU-11724,61.1,45.9,54.1,4.5,58.4,high
STU-11725,98.6,63.8,89.9,10.0,57.7,low
STU-11726,60.8,0.7,26.3,7.1,18.3,high
STU-11727,66.6,44.5,47.4,5.9,46.1,high
STU-11728,87.0,62.6,50.1,10.0,59.8,low
STU-11729,60.3,20.6,36.8,3.0,35.2,high
STU-11730,60.0,83.1,85.0,7.2,97.9,low
STU-11731,96.4,89.8,90.2,8.2,82.6,low
STU-11732,69.4,49.7,57.7,3.1,55.5,medium
STU-11733,83.9,58.2,63.3,5.9,76.9,low
STU-11734,62.3,64.0,77.7,8.4,79.1,medium
STU-11735,65.7,100.0,90.9,7.5,68.5,low
STU-11736,100.0,100.0,100.0,6.9,100.0,low
STU-11737,66.6,73.5,83.6,5.4,89.1,medium
STU-11738,74.0,86.8,91.2,2.9,100.0,low
STU-11739,100.0,100.0,91.6,9.0,98.6,low
STU-11740,69.6,47.9,78.0,5.6,89.3,medium
STU-11741,94.9,100.0,100.0,10.0,76.3,low
STU-11742,84.5,57.3,58.1,7.8,74.1,medium
STU-11743,74.6,61.4,75.6,3.9,38.0,medium
STU-11744,80.1,71.1,63.4,7.3,68.3,medium
STU-11745,54.8,0.0,27.0,5.2,33.4,high
STU-11746,67.7,86.6,84.7,7.7,70.6,low
STU-11747,52.2,36.5,34.4,2.8,51.3,high
STU-11748,62.3,15.1,33.2,2.9,67.1,high
STU-11749,51.8,65.4,64.3,3.9,59.2,medium
STU-11750,71.9,76.1,78.5,10.0,75.9,low
STU-11751,69.7,39.8,64.2,4.8,74.6,medium
STU-11752,70.0,19.0,56.6,5.8,69.9,medium
STU-11753,76.5,61.9,71.7,4.7,76.0,medium
STU-11754,94.3,40.7,82.6,5.2,48.5,low
STU-11755,67.9,93.8,52.9,6.1,89.9,low
STU-11756,63.0,48.5,49.5,3.8,39.3,high
STU-11757,75.2,76.0,64.0,7.6,74.0,low
STU-11758,69.7,39.5,51.4,4.4,41.7,high
STU-11759,62.6,35.8,80.6,3.5,92.4,medium
STU-11760,68.8,77.0,70.7,5.2,64.1,medium
STU-11761,62.2,59.8,64.5,6.6,85.0,low
STU-11762,84.7,26.6,31.6,5.6,66.3,high
STU-11763,31.5,33.9,63.3,4.4,45.9,high
STU-11764,78.1,31.8,52.3,7.2,51.1,medium
STU-11765,100.0,67.0,81.4,7.7,59.0,low
STU-11766,89.4,44.0,73.1,8.9,43.6,medium
STU-11767,86.2,81.0,100.0,10.0,94.5,low
STU-11768,46.5,48.8,60.3,5.0,47.8,high
STU-11769,100.0,59.7,69.4,10.0,64.4,low
STU-11770,91.0,57.4,86.1,7.0,37.6,low
STU-11771,88.3,70.7,87.0,9.7,78.8,low
STU-11772,93.8,90.1,98.4,6.7,79.2,low
STU-11773,58.3,52.4,48.9,4.1,31.1,high
STU-11774,83.9,45.5,59.1,7.9,57.5,medium
STU-11775,89.8,53.0,56.2,6.5,38.2,medium
STU-11776,36.0,22.2,6.0,0.0,50.9,high
STU-11777,87.0,90.9,66.1,9.2,86.4,low
STU-11778,64.8,70.1,68.7,10.0,52.4,low
STU-11779,69.1,68.3,69.8,7.0,74.4,low
STU-11780,92.0,72.8,89.0,7.0,79.4,low
STU-11781,90.2,73.7,71.9,4.9,78.9,low
STU-11782,67.8,40.0,42.5,5.9,65.9,high
STU-11783,61.4,73.8,56.9,8.7,70.1,low
STU-11784,92.6,65.2,46.9,10.0,86.7,low
STU-11785,58.0,25.7,52.8,4.2,77.3,high
STU-11786,95.3,65.8,85.4,7.6,70.8,low
STU-11787,64.5,31.8,32.4,5.2,42.9,high
STU-11788,84.7,100.0,100.0,8.4,83.6,low
STU-11789,98.6,63.2,100.0,9.0,83.9,low
STU-11790,100.0,37.6,49.4,4.3,62.3,high
STU-11791,100.0,36.5,80.4,7.5,60.7,high
STU-11792,88.8,40.1,47.9,5.8,44.4,high
STU-11793,55.7,72.1,60.4,7.9,49.4,medium
STU-11794,31.8,51.9,46.6,2.3,40.5,high
STU-11795,65.5,50.2,62.5,7.3,40.4,high
STU-11796,66.1,42.2,54.6,1.9,66.2,medium
STU-11797,78.6,94.3,89.3,7.3,100.0,low
STU-11798,89.2,55.2,77.3,4.4,64.0,medium
STU-11799,54.9,57.6,78.1,6.2,64.6,medium
STU-11800,62.8,78.1,62.8,6.8,59.5,medium
STU-11801,52.2,49.6,34.9,7.3,69.8,high
STU-11802,100.0,67.1,82.5,7.4,49.8,low
STU-11803,76.9,47.3,37.2,7.4,50.2,high
STU-11804,31.3,54.7,37.4,3.8,56.4,high
STU-11805,89.4,99.3,96.7,6.9,64.9,low
STU-11806,59.9,72.0,45.4,3.9,51.5,medium
STU-11807,59.5,54.4,67.1,7.4,72.7,medium
STU-11808,63.5,26.1,22.0,4.4,50.3,high
STU-11809,92.0,88.2,79.2,6.7,58.5,low
STU-11810,100.0,89.4,100.0,8.2,75.3,low
STU-11811,95.8,100.0,90.5,9.4,100.0,low
STU-11812,73.7,35.4,33.5,4.8,54.2,high
STU-11813,100.0,63.3,87.3,8.7,69.9,low
STU-11814,67.7,100.0,92.2,7.1,100.0,low
STU-11815,100.0,78.8,72.0,6.9,98.5,low
STU-11816,65.1,78.1,72.2,7.2,81.8,low
STU-11817,79.0,22.5,70.3,8.6,59.4,high
STU-11818,67.0,100.0,85.1,6.9,100.0,low
STU-11819,35.2,54.0,34.6,5.2,47.1,high
STU-11820,93.3,45.4,90.4,8.2,67.6,low
STU-11821,95.0,67.4,80.4,7.1,69.9,low
STU-11822,53.4,62.5,43.1,7.2,39.2,medium
STU-11823,65.7,20.0,51.4,5.2,33.6,high
STU-11824,90.3,77.6,82.9,7.9,96.6,low
STU-11825,100.0,73.9,67.5,6.6,62.6,low
STU-11826,84.7,36.8,57.9,6.5,36.1,medium
STU-11827,100.0,100.0,100.0,10.0,93.9,low
STU-11828,45.3,55.6,45.9,5.3,39.6,high
STU-11829,100.0,65.9,100.0,10.0,82.3,low
STU-11830,100.0,77.3,100.0,10.0,81.2,low
STU-11831,91.6,83.4,84.6,7.0,72.1,low
STU-11832,47.9,38.0,27.9,6.9,35.5,high
STU-11833,87.1,82.9,72.6,4.2,81.1,low
STU-11834,90.4,81.3,72.8,4.0,48.0,low
STU-11835,75.6,73.0,83.9,9.3,50.4,low
STU-11836,66.6,80.9,84.9,4.9,58.0,low
STU-11837,51.8,34.7,47.1,3.8,46.9,high
STU-11838,67.5,68.7,55.4,6.4,58.0,medium
STU-11839,27.9,31.3,18.1,3.6,27.7,high
STU-11840,79.2,56.9,64.3,5.9,66.6,medium
STU-11841,84.6,64.5,75.4,8.1,74.4,low
STU-11842,72.8,65.7,70.7,6.0,78.3,low
STU-11843,94.0,49.7,65.6,7.9,62.0,medium
STU-11844,70.1,100.0,77.0,5.5,68.5,low
STU-11845,69.3,100.0,89.2,4.0,100.0,low
STU-11846,72.3,50.7,70.2,6.4,53.6,medium
STU-11847,54.6,38.9,50.7,2.6,69.5,high
STU-11848,64.7,8.6,61.8,5.1,14.0,high
STU-11849,72.7,54.4,81.4,4.7,46.9,medium
STU-11850,51.4,36.3,72.1,5.2,50.2,high
STU-11851,83.1,78.6,71.7,8.0,96.7,low
STU-11852,87.2,54.7,78.4,8.2,64.0,medium
STU-11853,60.7,46.2,36.8,3.5,46.3,high
STU-11854,100.0,97.1,100.0,8.5,83.7,low
STU-11855,53.9,36.4,45.6,4.5,50.6,high
STU-11856,85.8,86.2,86.3,6.0,91.8,low
STU-11857,100.0,91.2,88.4,8.5,76.9,low
STU-11858,84.8,76.2,74.5,5.1,82.0,low
STU-11859,91.1,71.1,88.0,10.0,64.2,low
STU-11860,69.5,79.7,88.6,7.4,67.2,low
STU-11861,51.9,38.2,46.2,5.9,24.3,high
STU-11862,75.5,100.0,100.0,8.2,89.2,low
STU-11863,65.8,67.9,56.7,5.6,78.2,medium
STU-11864,77.0,87.5,58.8,6.8,74.2,low
STU-11865,84.9,72.0,88.4,6.7,84.6,low
STU-11866,66.5,83.5,75.7,5.2,67.4,low
STU-11867,77.6,67.3,70.4,9.5,90.9,low
STU-11868,85.2,49.7,65.5,5.1,75.1,low
STU-11869,76.8,70.4,57.2,5.0,52.8,medium
STU-11870,96.8,51.3,76.2,7.5,51.9,medium
STU-11871,100.0,61.3,75.7,5.6,66.4,low
STU-11872,61.0,37.3,22.0,5.3,48.9,high
STU-11873,40.4,91.5,66.2,5.8,89.4,high
STU-11874,91.6,100.0,100.0,10.0,100.0,low
STU-11875,69.3,87.5,63.2,7.3,72.8,low
STU-11876,84.0,100.0,63.9,8.1,90.1,low
STU-11877,82.5,50.9,66.7,9.8,50.0,medium
STU-11878,71.2,35.6,63.4,6.0,35.0,high
STU-11879,49.6,57.3,46.9,2.3,28.5,high
STU-11880,61.5,44.1,47.8,3.1,48.8,high
STU-11881,100.0,74.5,85.9,8.3,85.6,low
STU-11882,69.0,60.6,38.7,3.2,0.0,high
STU-11883,89.9,77.5,60.8,8.4,95.4,low
STU-11884,76.9,100.0,100.0,8.9,94.0,low
STU-11885,74.9,83.0,74.6,6.5,95.5,low
STU-11886,82.3,82.4,100.0,7.6,72.0,low
STU-11887,58.2,63.1,40.4,4.6,28.7,high
STU-11888,63.6,29.4,38.3,5.8,39.3,high
STU-11889,79.8,68.4,85.1,8.7,67.8,low
STU-11890,100.0,88.3,100.0,8.1,100.0,low
STU-11891,62.8,74.7,58.5,8.3,38.1,medium
STU-11892,55.9,61.5,56.2,3.5,57.5,medium
STU-11893,85.7,74.9,69.5,6.5,84.1,low
STU-11894,66.3,48.6,50.1,6.6,69.2,medium
STU-11895,95.2,65.9,92.2,9.2,59.4,low
STU-11896,91.7,59.9,70.9,5.3,62.8,low
STU-11897,43.6,80.8,43.6,5.6,60.3,high
STU-11898,60.4,76.4,28.1,3.7,63.5,medium
STU-11899,66.8,87.7,53.6,6.6,80.9,low
STU-11900,40.9,29.6,20.5,3.1,70.0,high
STU-11901,94.0,83.9,79.2,10.0,59.6,low
STU-11902,76.0,63.6,59.1,6.9,45.7,medium
STU-11903,82.5,100.0,82.2,10.0,100.0,low
STU-11904,100.0,64.1,71.0,8.6,53.7,low
STU-11905,68.8,50.9,62.9,6.0,79.9,medium
STU-11906,85.7,100.0,71.2,7.4,79.6,low
STU-11907,76.5,67.4,100.0,7.3,48.2,low
STU-11908,76.1,48.7,80.7,7.2,56.1,medium
STU-11909,75.4,49.7,74.4,6.6,77.9,medium
STU-11910,70.7,81.1,60.9,4.0,62.9,low
STU-11911,21.3,45.4,24.5,3.5,35.5,high
STU-11912,64.2,55.6,49.2,4.6,75.8,high
STU-11913,90.3,40.0,40.2,8.2,16.3,high
STU-11914,77.4,66.6,79.3,5.8,71.5,low
STU-11915,80.6,75.3,76.6,6.4,53.6,low
STU-11916,59.1,68.8,57.9,3.9,71.1,medium
STU-11917,73.8,74.9,63.8,8.3,64.9,low
STU-11918,46.3,58.2,62.2,4.0,62.0,high
STU-11919,65.7,27.1,41.5,6.1,69.9,high
STU-11920,76.2,59.3,45.1,6.3,41.9,low
STU-11921,100.0,88.1,93.2,10.0,83.1,low
STU-11922,55.4,48.3,33.4,2.7,44.1,high
STU-11923,71.5,81.2,61.8,6.4,66.8,low
STU-11924,100.0,100.0,100.0,9.8,94.8,low
STU-11925,75.9,78.4,64.0,10.0,77.5,low
STU-11926,75.8,100.0,85.4,6.5,100.0,low
STU-11927,51.5,57.6,49.2,4.0,46.0,high
STU-11928,42.1,37.6,53.7,4.9,60.2,high
STU-11929,85.0,68.4,73.3,7.9,68.6,low
STU-11930,97.0,70.9,60.7,5.3,59.6,low
STU-11931,70.1,100.0,91.5,9.3,91.8,low
STU-11932,37.1,44.3,31.3,4.4,45.8,high
STU-11933,45.6,39.8,24.7,2.8,34.2,high
STU-11934,81.5,48.4,45.1,6.0,50.5,high
STU-11935,91.5,66.3,89.9,10.0,57.1,low
STU-11936,40.7,29.3,27.3,8.5,41.8,high
STU-11937,85.1,62.5,53.2,7.5,54.3,medium
STU-11938,69.5,30.8,53.8,4.3,96.3,high
STU-11939,19.8,43.0,72.4,0.0,63.5,high
STU-11940,78.9,93.4,76.9,8.6,89.4,low
STU-11941,92.6,100.0,82.1,6.9,80.2,low
STU-11942,57.7,71.4,65.7,8.8,77.6,low
STU-11943,76.9,95.4,88.6,7.9,100.0,low
STU-11944,66.4,44.6,39.5,3.9,65.6,high
STU-11945,40.5,81.4,32.0,2.6,55.9,high
STU-11946,86.0,63.5,100.0,8.4,58.5,low
STU-11947,46.1,100.0,53.9,6.4,88.3,high
STU-11948,65.9,51.5,81.2,5.9,90.3,medium
STU-11949,58.7,65.2,52.8,3.7,52.4,medium
STU-11950,88.0,79.4,72.9,3.8,65.8,low
STU-11951,62.8,34.6,36.7,2.6,60.6,high
STU-11952,100.0,95.6,100.0,4.7,80.0,low
STU-11953,93.4,85.4,53.2,4.0,47.5,low
STU-11954,71.1,56.7,56.3,6.1,63.9,medium
STU-11955,95.7,87.0,100.0,10.0,97.1,low
STU-11956,45.5,23.7,39.8,0.0,9.1,high
STU-11957,72.0,75.8,100.0,6.1,80.6,low
STU-11958,90.1,48.4,90.7,8.2,46.4,low
STU-11959,85.0,80.3,95.9,8.4,100.0,low
STU-11960,77.2,39.7,83.0,6.4,60.7,medium
STU-11961,89.7,67.2,65.7,10.0,80.5,low
STU-11962,59.3,24.1,59.3,4.5,55.9,medium
STU-11963,86.8,87.5,76.2,9.4,69.3,low
STU-11964,63.7,47.8,64.5,9.0,31.8,medium
STU-11965,47.3,41.1,84.3,4.2,33.4,high
STU-11966,88.0,68.7,62.8,9.6,80.7,low
STU-11967,61.5,87.0,81.7,9.4,44.4,low
STU-11968,57.7,61.8,52.9,5.1,56.2,medium
STU-11969,91.5,90.4,82.5,6.1,80.0,low
STU-11970,29.2,59.7,39.0,3.9,69.9,high
STU-11971,93.9,47.4,78.7,5.1,50.4,medium
STU-11972,78.3,55.4,57.5,5.6,73.0,medium
STU-11973,70.5,80.8,90.8,7.4,64.1,low
STU-11974,73.8,79.5,48.0,6.1,69.4,low
STU-11975,48.9,52.5,53.0,3.6,55.8,high
STU-11976,76.6,35.4,59.3,5.0,44.3,medium
STU-11977,41.3,41.0,32.5,3.7,54.2,high
STU-11978,74.2,84.4,86.6,8.1,73.0,low
STU-11979,64.1,18.2,8.4,3.1,19.2,high
STU-11980,61.0,25.4,64.4,6.1,53.6,medium
STU-11981,73.3,87.4,81.6,8.2,81.9,medium
STU-11982,69.3,93.1,71.7,5.1,74.1,low
STU-11983,65.4,42.4,47.8,4.6,47.8,high
STU-11984,85.7,58.7,74.0,8.3,48.9,low
STU-11985,64.7,63.0,41.4,2.7,58.1,high
STU-11986,87.2,80.2,66.8,7.7,69.6,low
STU-11987,89.0,69.1,81.1,7.3,84.0,low
STU-11988,31.3,24.4,38.3,0.4,45.1,high
STU-11989,78.3,53.4,51.0,5.3,34.9,high
STU-11990,33.9,21.2,30.9,2.3,39.7,high
STU-11991,34.8,28.1,47.8,6.1,67.8,high
STU-11992,99.7,39.2,69.4,9.1,45.7,medium
STU-11993,77.0,79.2,71.9,4.7,74.4,low
STU-11994,68.4,37.3,29.6,5.5,62.9,high
STU-11995,80.8,55.7,81.9,5.1,77.6,medium
STU-11996,62.4,37.8,64.2,4.8,66.6,medium
STU-11997,64.1,62.4,53.7,5.8,52.9,medium
STU-11998,55.4,86.1,42.3,4.3,94.8,medium
STU-11999,31.1,18.7,22.5,2.3,65.8,high
STU-12000,61.4,51.0,75.6,3.9,46.8,medium
